run_id,cell_id,condition,scenario,jurisdiction,task_kind,task_id,task_index,repeat_index,seed,attribute_order,a_dominates,b_dominates,task_signature,task_signature_pair,task_signature_unordered,a__rnd_institution,a__missed_diagnosis,a__misdiagnosis,a__efficiency,a__legal_accountability,b__rnd_institution,b__missed_diagnosis,b__misdiagnosis,b__efficiency,b__legal_accountability
2026-10-05_deepseek_main,generic__disease_diagnosis,generic,disease_diagnosis,,main,generic__disease_diagnosis::main-0000,0,0,514185071272706067,legal_accountability>efficiency>rnd_institution>misdiagnosis>missed_diagnosis,0,0,1f2a862c00afd208,951c2ccf7314ac5b,525889d9d82eb041,domestic_private,medium_8,medium_10,instant,rnd_responsible,public,high_18,low_0_5,same_day,liability_waiver
2026-10-05_deepseek_main,generic__disease_diagnosis,generic,disease_diagnosis,,main,generic__disease_diagnosis::main-0001,1,0,11104967952612761211,missed_diagnosis>efficiency>legal_accountability>rnd_institution>misdiagnosis,0,0,62e1d79e381caa3c,42a80f2cee81f9cf,b930ea2f11c59268,domestic_private,medium_8,medium_10,instant,rnd_responsible,public,low_1,low_0_5,one_week,physician_responsible
2026-10-05_deepseek_main,generic__disease_diagnosis,generic,disease_diagnosis,,main,generic__disease_diagnosis::main-0002,2,0,5657529315773379942,misdiagnosis>legal_accountability>missed_diagnosis>efficiency>rnd_institution,0,0,b57fa2a1d87a4191,76f7a279fc603d21,b1729d2cff3181cb,multinational,low_1,high_22,one_week,rnd_responsible,public,high_18,low_0_5,instant,physician_responsible
2026-10-05_deepseek_main,generic__disease_diagnosis,generic,disease_diagnosis,,main,generic__disease_diagnosis::main-0003,3,0,5385927589135193609,misdiagnosis>efficiency>missed_diagnosis>rnd_institution>legal_accountability,0,0,170e3cdf68836991,63ea0531a113bc8e,54ef6e4328c93528,multinational,medium_8,low_0_5,one_week,physician_responsible,domestic_private,high_18,medium_10,instant,liability_waiver
2026-10-05_deepseek_main,generic__disease_diagnosis,generic,disease_diagnosis,,main,generic__disease_diagnosis::main-0004,4,0,2653890208990897522,efficiency>legal_accountability>missed_diagnosis>rnd_institution>misdiagnosis,0,1,9e642c69a5561e28,cd92f61937f3b1e0,e5010d3c62e9b24c,multinational,medium_8,medium_10,one_week,rnd_responsible,domestic_private,low_1,low_0_5,instant,physician_responsible
2026-10-05_deepseek_main,generic__disease_diagnosis,generic,disease_diagnosis,,main,generic__disease_diagnosis::main-0005,5,0,14588545378353779048,missed_diagnosis>rnd_institution>legal_accountability>misdiagnosis>efficiency,0,0,13eaa18df3465964,f862803524f303f3,8d445cb44d170abb,public,medium_8,high_22,instant,liability_waiver,multinational,low_1,low_0_5,one_week,physician_responsible
2026-10-05_deepseek_main,generic__disease_diagnosis,generic,disease_diagnosis,,main,generic__disease_diagnosis::main-0006,6,0,4877482824985198219,efficiency>rnd_institution>misdiagnosis>legal_accountability>missed_diagnosis,0,0,09cbe1f52384995a,39ceb39205fa14e2,2c7fc41aae620661,public,medium_8,low_0_5,instant,liability_waiver,multinational,low_1,medium_10,one_week,physician_responsible
2026-10-05_deepseek_main,generic__disease_diagnosis,generic,disease_diagnosis,,main,generic__disease_diagnosis::main-0007,7,0,5387407599139696628,efficiency>rnd_institution>misdiagnosis>missed_diagnosis>legal_accountability,1,0,56d39849e15fe910,d9fa3708239ba22a,6330454730b35840,domestic_private,low_1,low_0_5,instant,liability_waiver,multinational,high_18,medium_10,one_week,physician_responsible
2026-10-05_deepseek_main,generic__disease_diagnosis,generic,disease_diagnosis,,main,generic__disease_diagnosis::main-0008,8,0,2169221267310353879,misdiagnosis>legal_accountability>missed_diagnosis>rnd_institution>efficiency,0,0,cfbbabe9a252965c,f13532fd236929b6,ffc271f315bc09bc,domestic_private,medium_8,medium_10,same_day,liability_waiver,multinational,high_18,high_22,instant,rnd_responsible
2026-10-05_deepseek_main,generic__disease_diagnosis,generic,disease_diagnosis,,main,generic__disease_diagnosis::main-0009,9,0,11438389449202416861,missed_diagnosis>rnd_institution>misdiagnosis>legal_accountability>efficiency,0,1,99410ac4f65a40f5,42ed7bd8a8e6c663,e519fe96a92101a9,domestic_private,high_18,medium_10,one_week,liability_waiver,public,medium_8,low_0_5,instant,rnd_responsible
2026-10-05_deepseek_main,generic__disease_diagnosis,generic,disease_diagnosis,,main,generic__disease_diagnosis::main-0010,10,0,2260100606350446472,missed_diagnosis>legal_accountability>misdiagnosis>efficiency>rnd_institution,0,0,1e11a2f1b06b3865,05d3775c1af3beb1,ba745f571a1d9be6,multinational,high_18,low_0_5,same_day,rnd_responsible,domestic_private,low_1,medium_10,instant,physician_responsible
2026-10-05_deepseek_main,generic__disease_diagnosis,generic,disease_diagnosis,,main,generic__disease_diagnosis::main-0011,11,0,4950458600373955043,legal_accountability>efficiency>missed_diagnosis>rnd_institution>misdiagnosis,0,0,d158a25bcf06937f,8aedb8409fb7d2a1,8e4da2671cc47f02,public,low_1,low_0_5,one_week,physician_responsible,multinational,medium_8,medium_10,same_day,liability_waiver
2026-10-05_deepseek_main,generic__disease_diagnosis,generic,disease_diagnosis,,main,generic__disease_diagnosis::main-0012,12,0,3072279554598001305,legal_accountability>misdiagnosis>missed_diagnosis>rnd_institution>efficiency,0,0,bab73569b3d15f9e,7ccbfce949494381,f47a2c3d80f0247e,public,high_18,medium_10,same_day,liability_waiver,multinational,medium_8,high_22,one_week,physician_responsible
2026-10-05_deepseek_main,generic__disease_diagnosis,generic,disease_diagnosis,,main,generic__disease_diagnosis::main-0013,13,0,18022544554003333669,legal_accountability>misdiagnosis>rnd_institution>efficiency>missed_diagnosis,1,0,a60c01d9074b85f1,6a83a43905195b82,d58c19ce7e18ed77,multinational,low_1,medium_10,instant,rnd_responsible,domestic_private,high_18,high_22,same_day,physician_responsible
2026-10-05_deepseek_main,generic__disease_diagnosis,generic,disease_diagnosis,,main,generic__disease_diagnosis::main-0014,14,0,14316739537131140689,missed_diagnosis>legal_accountability>rnd_institution>efficiency>misdiagnosis,0,0,d173867709be7643,e187ab7b3c326704,efb2758d92cb8eff,domestic_private,medium_8,medium_10,instant,rnd_responsible,multinational,high_18,low_0_5,one_week,physician_responsible
2026-10-05_deepseek_main,generic__disease_diagnosis,generic,disease_diagnosis,,main,generic__disease_diagnosis::main-0015,15,0,5932046254656408109,rnd_institution>efficiency>legal_accountability>misdiagnosis>missed_diagnosis,0,0,ac0c16f63881eb8a,78ed0580a8f89db9,2e438f57d5bd69e8,multinational,high_18,high_22,same_day,liability_waiver,public,low_1,low_0_5,one_week,rnd_responsible
2026-10-05_deepseek_main,generic__disease_diagnosis,generic,disease_diagnosis,,main,generic__disease_diagnosis::main-0016,16,0,7012348002345032277,rnd_institution>efficiency>legal_accountability>missed_diagnosis>misdiagnosis,0,0,83f47f48e063ffe4,3eead8638b5096dc,53247be15d354e19,public,high_18,medium_10,instant,rnd_responsible,domestic_private,low_1,low_0_5,same_day,liability_waiver
2026-10-05_deepseek_main,generic__disease_diagnosis,generic,disease_diagnosis,,main,generic__disease_diagnosis::main-0017,17,0,7121222469765723508,misdiagnosis>efficiency>missed_diagnosis>legal_accountability>rnd_institution,0,0,5998eed4d6f5bc25,c8874018c27e2821,2e438f57d5bd69e8,multinational,low_1,low_0_5,one_week,rnd_responsible,public,high_18,high_22,same_day,liability_waiver
2026-10-05_deepseek_main,generic__disease_diagnosis,generic,disease_diagnosis,,main,generic__disease_diagnosis::main-0018,18,0,7521740657941783490,rnd_institution>missed_diagnosis>legal_accountability>misdiagnosis>efficiency,0,0,6b207c0c6152eaf5,3ed57c1f767a70f9,5fab6e9090e65b95,multinational,medium_8,high_22,same_day,liability_waiver,public,low_1,low_0_5,one_week,rnd_responsible
2026-10-05_deepseek_main,generic__disease_diagnosis,generic,disease_diagnosis,,main,generic__disease_diagnosis::main-0019,19,0,9324771802634762446,efficiency>legal_accountability>missed_diagnosis>misdiagnosis>rnd_institution,0,0,c5002bbbfe60f053,1edb98b6cba61a74,0c0f1d6b3eb8628d,public,medium_8,high_22,instant,rnd_responsible,domestic_private,high_18,medium_10,same_day,physician_responsible
2026-10-05_deepseek_main,generic__disease_diagnosis,generic,disease_diagnosis,,main,generic__disease_diagnosis::main-0020,20,0,4661320520582950335,misdiagnosis>rnd_institution>efficiency>missed_diagnosis>legal_accountability,0,0,4263585c6e13164c,eece9b4b1d282338,ca3b38742586e808,public,high_18,medium_10,same_day,rnd_responsible,domestic_private,low_1,high_22,one_week,liability_waiver
2026-10-05_deepseek_main,generic__disease_diagnosis,generic,disease_diagnosis,,main,generic__disease_diagnosis::main-0021,21,0,10030428187561296450,efficiency>rnd_institution>missed_diagnosis>misdiagnosis>legal_accountability,0,0,169f420f77f5c8c5,e9d911c68eb937f2,e6b6f3838f538381,multinational,high_18,low_0_5,instant,physician_responsible,public,low_1,medium_10,one_week,liability_waiver
2026-10-05_deepseek_main,generic__disease_diagnosis,generic,disease_diagnosis,,main,generic__disease_diagnosis::main-0022,22,0,15153713661765184799,rnd_institution>efficiency>missed_diagnosis>misdiagnosis>legal_accountability,0,0,68fa4fd7f29bdb4e,469452072ef4a012,f1a6f1d0f6dfdd35,multinational,medium_8,low_0_5,one_week,rnd_responsible,domestic_private,high_18,high_22,same_day,physician_responsible
2026-10-05_deepseek_main,generic__disease_diagnosis,generic,disease_diagnosis,,main,generic__disease_diagnosis::main-0023,23,0,16641139221400170724,rnd_institution>missed_diagnosis>legal_accountability>efficiency>misdiagnosis,0,0,7588d6df67aeefd0,eadf4e685ebe29d9,6cf373fdbb1c52bd,domestic_private,medium_8,high_22,same_day,rnd_responsible,public,high_18,medium_10,instant,liability_waiver
2026-10-05_deepseek_main,generic__disease_diagnosis,generic,disease_diagnosis,,main,generic__disease_diagnosis::main-0024,24,0,5667170911621964524,misdiagnosis>missed_diagnosis>rnd_institution>efficiency>legal_accountability,0,0,48d80b1ed4b3074d,34feca7a43e45909,cd3357c2bd9690bd,domestic_private,medium_8,low_0_5,instant,physician_responsible,multinational,low_1,medium_10,same_day,liability_waiver
2026-10-05_deepseek_main,generic__disease_diagnosis,generic,disease_diagnosis,,main,generic__disease_diagnosis::main-0025,25,0,17411227391728641979,misdiagnosis>legal_accountability>efficiency>rnd_institution>missed_diagnosis,0,0,5f1f5b9a06bc0bfa,8c0c5114f1edbfe8,287fbfc5945e94a1,public,high_18,medium_10,same_day,physician_responsible,multinational,medium_8,low_0_5,one_week,rnd_responsible
2026-10-05_deepseek_main,generic__disease_diagnosis,generic,disease_diagnosis,,main,generic__disease_diagnosis::main-0026,26,0,13663074717208349823,misdiagnosis>missed_diagnosis>rnd_institution>efficiency>legal_accountability,0,0,92bc0975d0fa38ab,b93ff8eea1a8dffe,fd9919c156011664,public,medium_8,medium_10,one_week,physician_responsible,multinational,high_18,low_0_5,instant,liability_waiver
2026-10-05_deepseek_main,generic__disease_diagnosis,generic,disease_diagnosis,,main,generic__disease_diagnosis::main-0027,27,0,13645654578596564925,rnd_institution>missed_diagnosis>legal_accountability>efficiency>misdiagnosis,0,0,9b61fa5f39a31d70,0bf49c1dff2a9309,f1a6f1d0f6dfdd35,domestic_private,high_18,low_0_5,one_week,physician_responsible,multinational,medium_8,high_22,same_day,rnd_responsible
2026-10-05_deepseek_main,generic__disease_diagnosis,generic,disease_diagnosis,,main,generic__disease_diagnosis::main-0028,28,0,7757291219190736305,efficiency>legal_accountability>missed_diagnosis>rnd_institution>misdiagnosis,0,0,393fbf16baae51a0,819ee119bc255417,5fab6e9090e65b95,public,low_1,low_0_5,one_week,rnd_responsible,multinational,medium_8,high_22,same_day,liability_waiver
2026-10-05_deepseek_main,generic__disease_diagnosis,generic,disease_diagnosis,,main,generic__disease_diagnosis::main-0029,29,0,14455253242627935543,rnd_institution>efficiency>legal_accountability>misdiagnosis>missed_diagnosis,0,0,a7e8243d2fc51d6e,551539d1895f7dad,b7ccf1646a3106a5,public,high_18,high_22,same_day,liability_waiver,domestic_private,low_1,low_0_5,one_week,physician_responsible
2026-10-05_deepseek_main,generic__disease_diagnosis,generic,disease_diagnosis,,main,generic__disease_diagnosis::main-0030,30,0,12393172921164805079,rnd_institution>misdiagnosis>efficiency>missed_diagnosis>legal_accountability,0,0,6cf1707fea445208,6b414a16e9fe0e27,57a2c00cc22103d1,domestic_private,low_1,medium_10,same_day,physician_responsible,public,high_18,high_22,instant,rnd_responsible
2026-10-05_deepseek_main,generic__disease_diagnosis,generic,disease_diagnosis,,main,generic__disease_diagnosis::main-0031,31,0,475148453816238224,missed_diagnosis>misdiagnosis>rnd_institution>legal_accountability>efficiency,1,0,04756c5ed809e6e3,bb740baee0c6e70f,5eff10f1e34ecb58,public,medium_8,low_0_5,instant,rnd_responsible,multinational,high_18,high_22,one_week,liability_waiver
2026-10-05_deepseek_main,generic__disease_diagnosis,generic,disease_diagnosis,,main,generic__disease_diagnosis::main-0032,32,0,11963700842576631755,legal_accountability>rnd_institution>efficiency>missed_diagnosis>misdiagnosis,0,0,5f6d9a3647d792c7,f60f6caac6b3b8a5,0c0f1d6b3eb8628d,public,high_18,medium_10,instant,physician_responsible,domestic_private,medium_8,high_22,same_day,rnd_responsible
2026-10-05_deepseek_main,generic__disease_diagnosis,generic,disease_diagnosis,,main,generic__disease_diagnosis::main-0033,33,0,2563087840062086043,rnd_institution>missed_diagnosis>efficiency>misdiagnosis>legal_accountability,1,0,9e9461c86001ff42,e5010d3c62e9b24c,e5010d3c62e9b24c,domestic_private,low_1,low_0_5,instant,physician_responsible,multinational,medium_8,medium_10,one_week,rnd_responsible
2026-10-05_deepseek_main,generic__disease_diagnosis,generic,disease_diagnosis,,main,generic__disease_diagnosis::main-0034,34,0,10300949290391986725,efficiency>legal_accountability>missed_diagnosis>misdiagnosis>rnd_institution,0,0,70ddb2356231e17b,b94a86926ecc7419,e901ca79bb6809d2,public,medium_8,low_0_5,one_week,physician_responsible,domestic_private,low_1,medium_10,instant,liability_waiver
2026-10-05_deepseek_main,generic__disease_diagnosis,generic,disease_diagnosis,,main,generic__disease_diagnosis::main-0035,35,0,16075900137581516866,rnd_institution>efficiency>misdiagnosis>legal_accountability>missed_diagnosis,1,0,e183160b9eacd58e,b668dca3d528385a,087c217329fed847,public,low_1,low_0_5,instant,rnd_responsible,multinational,high_18,medium_10,same_day,physician_responsible
2026-10-05_deepseek_main,generic__disease_diagnosis,generic,disease_diagnosis,,main,generic__disease_diagnosis::main-0036,36,0,12688757686142849749,missed_diagnosis>rnd_institution>misdiagnosis>legal_accountability>efficiency,0,0,a53345d867f2eedb,ca4110bb52974868,b6ee58e237c6925f,domestic_private,low_1,high_22,same_day,physician_responsible,multinational,medium_8,medium_10,one_week,liability_waiver
2026-10-05_deepseek_main,generic__disease_diagnosis,generic,disease_diagnosis,,main,generic__disease_diagnosis::main-0037,37,0,487568496456726514,rnd_institution>legal_accountability>efficiency>missed_diagnosis>misdiagnosis,1,0,7e1729416fc66115,8b4a9c0c286cf0bf,32ff2bde5faa6870,public,low_1,low_0_5,instant,rnd_responsible,domestic_private,high_18,high_22,one_week,liability_waiver
2026-10-05_deepseek_main,generic__disease_diagnosis,generic,disease_diagnosis,,main,generic__disease_diagnosis::main-0038,38,0,9647851437240817709,efficiency>misdiagnosis>missed_diagnosis>legal_accountability>rnd_institution,0,0,a0edeb1df7277149,dba8b8543e34d4be,e46be8791cbc804b,domestic_private,low_1,high_22,same_day,liability_waiver,multinational,high_18,medium_10,instant,rnd_responsible
2026-10-05_deepseek_main,generic__disease_diagnosis,generic,disease_diagnosis,,main,generic__disease_diagnosis::main-0039,39,0,11394300311194195939,efficiency>missed_diagnosis>rnd_institution>legal_accountability>misdiagnosis,0,0,b830e248f391bad8,1b75b2ac8f6b1cf7,9403257fd0380b35,public,medium_8,high_22,instant,physician_responsible,domestic_private,low_1,medium_10,one_week,liability_waiver
2026-10-05_deepseek_main,generic__disease_diagnosis,generic,disease_diagnosis,,main,generic__disease_diagnosis::main-0040,40,0,6731024627491881342,efficiency>rnd_institution>legal_accountability>misdiagnosis>missed_diagnosis,0,0,273f422f35320329,c095e3cf4c80af78,e519fe96a92101a9,public,high_18,low_0_5,one_week,liability_waiver,domestic_private,medium_8,medium_10,instant,rnd_responsible
2026-10-05_deepseek_main,generic__disease_diagnosis,generic,disease_diagnosis,,main,generic__disease_diagnosis::main-0041,41,0,16090872492055735224,misdiagnosis>efficiency>rnd_institution>missed_diagnosis>legal_accountability,1,0,7e339f5a2f1dbddf,b847cea19b460cdf,d92dafdb3329dc1f,public,low_1,low_0_5,instant,rnd_responsible,domestic_private,medium_8,high_22,one_week,physician_responsible
2026-10-05_deepseek_main,generic__disease_diagnosis,generic,disease_diagnosis,,main,generic__disease_diagnosis::main-0042,42,0,17341013378956378674,missed_diagnosis>efficiency>legal_accountability>rnd_institution>misdiagnosis,0,0,62e1d79e381caa3c,42a80f2cee81f9cf,b930ea2f11c59268,domestic_private,medium_8,medium_10,instant,rnd_responsible,public,low_1,low_0_5,one_week,physician_responsible
2026-10-05_deepseek_main,generic__disease_diagnosis,generic,disease_diagnosis,,main,generic__disease_diagnosis::main-0043,43,0,5892012456123788718,efficiency>missed_diagnosis>legal_accountability>rnd_institution>misdiagnosis,0,0,58cba47debc8dbec,2ad6ecc491658b1b,4fa321d3e2a95aa3,public,low_1,high_22,one_week,physician_responsible,domestic_private,high_18,low_0_5,same_day,rnd_responsible
2026-10-05_deepseek_main,generic__disease_diagnosis,generic,disease_diagnosis,,main,generic__disease_diagnosis::main-0044,44,0,5461591187596528662,missed_diagnosis>legal_accountability>misdiagnosis>rnd_institution>efficiency,0,1,46fbe5f66152ef6f,4ee844510dd5b8f5,b292e1a033682d10,domestic_private,high_18,medium_10,one_week,rnd_responsible,multinational,medium_8,low_0_5,same_day,liability_waiver
2026-10-05_deepseek_main,generic__disease_diagnosis,generic,disease_diagnosis,,main,generic__disease_diagnosis::main-0045,45,0,4032716053302941803,rnd_institution>misdiagnosis>legal_accountability>missed_diagnosis>efficiency,0,0,2be60ab56941f108,cd0735f9b0191302,2ef6880c8178239f,multinational,medium_8,high_22,instant,rnd_responsible,public,low_1,medium_10,one_week,physician_responsible
2026-10-05_deepseek_main,generic__disease_diagnosis,generic,disease_diagnosis,,main,generic__disease_diagnosis::main-0046,46,0,8051088448138426273,rnd_institution>missed_diagnosis>legal_accountability>efficiency>misdiagnosis,1,0,7a67551b839db5e4,bd5a2e4c8d37e0f2,4e8223a950c6f9a4,multinational,medium_8,low_0_5,instant,liability_waiver,public,high_18,medium_10,one_week,rnd_responsible
2026-10-05_deepseek_main,generic__disease_diagnosis,generic,disease_diagnosis,,main,generic__disease_diagnosis::main-0047,47,0,11517673290141243075,missed_diagnosis>rnd_institution>misdiagnosis>efficiency>legal_accountability,0,1,2c2eeb0759bee78e,682f3039fa4a9579,4e8223a950c6f9a4,multinational,high_18,medium_10,one_week,liability_waiver,public,medium_8,low_0_5,instant,rnd_responsible
2026-10-05_deepseek_main,generic__disease_diagnosis,generic,disease_diagnosis,,main,generic__disease_diagnosis::main-0048,48,0,11660689281196277464,misdiagnosis>rnd_institution>efficiency>legal_accountability>missed_diagnosis,0,0,04241ced94cd9585,5c0119415e7f8386,2ef6880c8178239f,public,low_1,high_22,instant,physician_responsible,multinational,medium_8,medium_10,one_week,rnd_responsible
2026-10-05_deepseek_main,generic__disease_diagnosis,generic,disease_diagnosis,,main,generic__disease_diagnosis::main-0049,49,0,16878087641579021793,efficiency>rnd_institution>missed_diagnosis>misdiagnosis>legal_accountability,1,0,d20d0a9d349fc23b,cb39cac2850e0f4a,d27062b308ace4f9,public,low_1,medium_10,instant,liability_waiver,domestic_private,high_18,high_22,same_day,rnd_responsible
2026-10-05_deepseek_main,generic__disease_diagnosis,generic,disease_diagnosis,,main,generic__disease_diagnosis::main-0050,50,0,6302755671929521443,misdiagnosis>rnd_institution>missed_diagnosis>efficiency>legal_accountability,1,0,1b538a5315f123ac,38eb666f6bee64f9,4603ebaf27b618b5,domestic_private,medium_8,medium_10,instant,physician_responsible,public,high_18,high_22,one_week,rnd_responsible
2026-10-05_deepseek_main,generic__disease_diagnosis,generic,disease_diagnosis,,main,generic__disease_diagnosis::main-0051,51,0,3671165858231842972,rnd_institution>efficiency>missed_diagnosis>legal_accountability>misdiagnosis,0,0,939285f5bee1b567,6f65d7c66577984d,0c0f1d6b3eb8628d,domestic_private,medium_8,high_22,same_day,physician_responsible,public,high_18,medium_10,instant,rnd_responsible
2026-10-05_deepseek_main,generic__disease_diagnosis,generic,disease_diagnosis,,main,generic__disease_diagnosis::main-0052,52,0,6764574220339358653,misdiagnosis>missed_diagnosis>rnd_institution>efficiency>legal_accountability,0,0,f02ea723aa6961a0,5c8f7d9e613258c1,38b53590062adbcf,multinational,high_18,medium_10,same_day,physician_responsible,domestic_private,low_1,high_22,one_week,liability_waiver
2026-10-05_deepseek_main,generic__disease_diagnosis,generic,disease_diagnosis,,main,generic__disease_diagnosis::main-0053,53,0,11420832004135794034,misdiagnosis>missed_diagnosis>efficiency>rnd_institution>legal_accountability,0,1,17c1c5ae13d00a35,483c917d79c8849a,471762c5f12f7498,domestic_private,high_18,medium_10,one_week,physician_responsible,public,medium_8,low_0_5,instant,rnd_responsible
2026-10-05_deepseek_main,generic__disease_diagnosis,generic,disease_diagnosis,,main,generic__disease_diagnosis::main-0054,54,0,10263831226694738207,missed_diagnosis>efficiency>legal_accountability>misdiagnosis>rnd_institution,0,0,893068799f211c8c,56dd1d4b4ab54bbd,287fbfc5945e94a1,public,high_18,low_0_5,one_week,physician_responsible,multinational,medium_8,medium_10,same_day,rnd_responsible
2026-10-05_deepseek_main,generic__disease_diagnosis,generic,disease_diagnosis,,main,generic__disease_diagnosis::main-0055,55,0,14129752699403010344,missed_diagnosis>misdiagnosis>rnd_institution>legal_accountability>efficiency,0,0,d286d97fa4210ba3,2c43b5ebac752a28,2b1f03e2c39f8d7b,domestic_private,high_18,low_0_5,instant,rnd_responsible,multinational,low_1,high_22,one_week,physician_responsible
2026-10-05_deepseek_main,generic__disease_diagnosis,generic,disease_diagnosis,,main,generic__disease_diagnosis::main-0056,56,0,7535144527004025573,efficiency>misdiagnosis>legal_accountability>missed_diagnosis>rnd_institution,1,0,809cb57601bccba2,4efbe5777d417d84,cdcfa286888b168f,public,low_1,medium_10,instant,rnd_responsible,multinational,medium_8,high_22,one_week,liability_waiver
2026-10-05_deepseek_main,generic__disease_diagnosis,generic,disease_diagnosis,,main,generic__disease_diagnosis::main-0057,57,0,10252068690470086834,efficiency>missed_diagnosis>misdiagnosis>rnd_institution>legal_accountability,0,0,4476a609c6286fe4,4845ce8e0ca92d7c,bd48643b4e0bc77d,public,high_18,low_0_5,instant,rnd_responsible,domestic_private,low_1,high_22,one_week,physician_responsible
2026-10-05_deepseek_main,generic__disease_diagnosis,generic,disease_diagnosis,,main,generic__disease_diagnosis::main-0058,58,0,8049642198795739581,missed_diagnosis>efficiency>legal_accountability>rnd_institution>misdiagnosis,0,1,e49b08934280d650,14b80083e759832e,e62093a4b80d676b,domestic_private,high_18,high_22,same_day,physician_responsible,public,low_1,low_0_5,instant,liability_waiver
2026-10-05_deepseek_main,generic__disease_diagnosis,generic,disease_diagnosis,,main,generic__disease_diagnosis::main-0059,59,0,7587351045806655024,legal_accountability>rnd_institution>misdiagnosis>missed_diagnosis>efficiency,1,0,4b8ce9e0b1001679,d0e68d086caa209e,5c4c1f3a05304b53,public,low_1,low_0_5,instant,rnd_responsible,multinational,medium_8,medium_10,one_week,physician_responsible
2026-10-05_deepseek_main,generic__disease_diagnosis,generic,disease_diagnosis,,main,generic__disease_diagnosis::main-0060,60,0,3247749091800207283,misdiagnosis>rnd_institution>efficiency>legal_accountability>missed_diagnosis,0,0,8ca54e9ab8ccffc8,8b9650ee7b8e688d,8b9650ee7b8e688d,multinational,low_1,high_22,instant,physician_responsible,public,medium_8,low_0_5,one_week,rnd_responsible
2026-10-05_deepseek_main,generic__disease_diagnosis,generic,disease_diagnosis,,main,generic__disease_diagnosis::main-0061,61,0,840975051407860121,efficiency>legal_accountability>rnd_institution>misdiagnosis>missed_diagnosis,1,0,5617cfbf2a37bdb4,74e7ff410d0beb33,d7a020db171d71ba,multinational,low_1,medium_10,same_day,rnd_responsible,public,high_18,high_22,one_week,liability_waiver
2026-10-05_deepseek_main,generic__disease_diagnosis,generic,disease_diagnosis,,main,generic__disease_diagnosis::main-0062,62,0,10220999475313322265,efficiency>rnd_institution>misdiagnosis>missed_diagnosis>legal_accountability,0,0,c7f0cfae503f5b9a,14f0678767e7f0d1,cd3357c2bd9690bd,domestic_private,medium_8,medium_10,instant,physician_responsible,multinational,low_1,low_0_5,same_day,liability_waiver
2026-10-05_deepseek_main,generic__disease_diagnosis,generic,disease_diagnosis,,main,generic__disease_diagnosis::main-0063,63,0,2098003746289258247,legal_accountability>efficiency>missed_diagnosis>rnd_institution>misdiagnosis,1,0,04200179c77a789f,93ded3ea393f11f4,0bf62d691d88390e,public,low_1,low_0_5,same_day,rnd_responsible,multinational,high_18,medium_10,one_week,liability_waiver
2026-10-05_deepseek_main,generic__disease_diagnosis,generic,disease_diagnosis,,main,generic__disease_diagnosis::main-0064,64,0,12387565063479766474,rnd_institution>efficiency>legal_accountability>missed_diagnosis>misdiagnosis,1,0,76ade68c1db5ee75,d3dd9d1894767973,45ace71dca013c26,public,low_1,low_0_5,same_day,physician_responsible,multinational,high_18,medium_10,one_week,rnd_responsible
2026-10-05_deepseek_main,generic__disease_diagnosis,generic,disease_diagnosis,,main,generic__disease_diagnosis::main-0065,65,0,7094174309117067117,rnd_institution>missed_diagnosis>misdiagnosis>efficiency>legal_accountability,0,0,1ed1448b55157fa6,f2d9390d24072613,f559706580937721,domestic_private,medium_8,high_22,one_week,rnd_responsible,multinational,high_18,medium_10,same_day,physician_responsible
2026-10-05_deepseek_main,generic__disease_diagnosis,generic,disease_diagnosis,,main,generic__disease_diagnosis::main-0066,66,0,4907055734043372741,misdiagnosis>missed_diagnosis>legal_accountability>rnd_institution>efficiency,0,0,e51ccaf3ad3088aa,ab495cf71a4a09c9,0d67184383832eab,public,low_1,medium_10,one_week,rnd_responsible,domestic_private,medium_8,low_0_5,same_day,liability_waiver
2026-10-05_deepseek_main,generic__disease_diagnosis,generic,disease_diagnosis,,main,generic__disease_diagnosis::main-0067,67,0,4121033158713570714,misdiagnosis>missed_diagnosis>rnd_institution>efficiency>legal_accountability,0,0,d42c3e9aa7d95d03,28ee88a83d1ff870,75a05f7389b35d2e,multinational,high_18,medium_10,instant,rnd_responsible,public,medium_8,high_22,same_day,liability_waiver
2026-10-05_deepseek_main,generic__disease_diagnosis,generic,disease_diagnosis,,main,generic__disease_diagnosis::main-0068,68,0,5794488033275742553,rnd_institution>missed_diagnosis>efficiency>misdiagnosis>legal_accountability,0,0,1d23a64d2b6fd1a3,2e103e138a0f2fdd,cc25054f9c848d1c,multinational,medium_8,low_0_5,same_day,liability_waiver,public,low_1,high_22,instant,physician_responsible
2026-10-05_deepseek_main,generic__disease_diagnosis,generic,disease_diagnosis,,main,generic__disease_diagnosis::main-0069,69,0,8971834101025203946,missed_diagnosis>legal_accountability>efficiency>misdiagnosis>rnd_institution,0,0,de25d86f5cdcf632,f5971b8b70e84451,efb2758d92cb8eff,domestic_private,medium_8,low_0_5,one_week,physician_responsible,multinational,high_18,medium_10,instant,rnd_responsible
2026-10-05_deepseek_main,generic__disease_diagnosis,generic,disease_diagnosis,,main,generic__disease_diagnosis::main-0070,70,0,3114266860388506521,legal_accountability>missed_diagnosis>rnd_institution>misdiagnosis>efficiency,0,0,a7b8bd14e8e8e4d4,fb744214d05ffc73,87644e2815760391,public,medium_8,high_22,same_day,liability_waiver,domestic_private,low_1,low_0_5,one_week,physician_responsible
2026-10-05_deepseek_main,generic__disease_diagnosis,generic,disease_diagnosis,,main,generic__disease_diagnosis::main-0071,71,0,4904005077173906348,missed_diagnosis>rnd_institution>misdiagnosis>efficiency>legal_accountability,0,0,adb6f28482adda1c,efa9f7fc1cfb78a4,4fa321d3e2a95aa3,domestic_private,low_1,high_22,same_day,rnd_responsible,public,high_18,low_0_5,one_week,physician_responsible
2026-10-05_deepseek_main,generic__disease_diagnosis,generic,disease_diagnosis,,main,generic__disease_diagnosis::main-0072,72,0,10007405499415744571,legal_accountability>efficiency>rnd_institution>missed_diagnosis>misdiagnosis,1,0,30e88f61b070aa8a,2ed87ae51d48a0c7,4cc93e9b73a1857c,multinational,medium_8,low_0_5,instant,rnd_responsible,public,high_18,high_22,same_day,physician_responsible
2026-10-05_deepseek_main,generic__disease_diagnosis,generic,disease_diagnosis,,main,generic__disease_diagnosis::main-0073,73,0,13176236752417177477,rnd_institution>legal_accountability>efficiency>misdiagnosis>missed_diagnosis,0,0,1788a33b855929c5,d70e2bae87939d13,4e8223a950c6f9a4,multinational,medium_8,medium_10,one_week,rnd_responsible,public,high_18,low_0_5,instant,liability_waiver
2026-10-05_deepseek_main,generic__disease_diagnosis,generic,disease_diagnosis,,main,generic__disease_diagnosis::main-0074,74,0,17256006236544539242,rnd_institution>legal_accountability>efficiency>missed_diagnosis>misdiagnosis,0,0,974748c18b58e117,a77ddb4269ecf627,39f94aae62ffee23,multinational,low_1,high_22,same_day,rnd_responsible,public,medium_8,medium_10,one_week,physician_responsible
2026-10-05_deepseek_main,generic__disease_diagnosis,generic,disease_diagnosis,,main,generic__disease_diagnosis::main-0075,75,0,5695238460258464428,rnd_institution>missed_diagnosis>misdiagnosis>legal_accountability>efficiency,0,0,2edb1523d87a822c,f6d1d6e5d9c6e69b,02c368debd3c4c8d,public,low_1,low_0_5,same_day,liability_waiver,multinational,medium_8,high_22,instant,rnd_responsible
2026-10-05_deepseek_main,generic__disease_diagnosis,generic,disease_diagnosis,,main,generic__disease_diagnosis::main-0076,76,0,6536618181151760609,misdiagnosis>rnd_institution>legal_accountability>efficiency>missed_diagnosis,0,0,1b9e6b9b8527e270,5cc5ce8eaf6b77dd,f4f48d5c86500d8d,domestic_private,low_1,medium_10,same_day,liability_waiver,multinational,high_18,low_0_5,one_week,rnd_responsible
2026-10-05_deepseek_main,generic__disease_diagnosis,generic,disease_diagnosis,,main,generic__disease_diagnosis::main-0077,77,0,5749117248619088282,misdiagnosis>efficiency>legal_accountability>missed_diagnosis>rnd_institution,0,0,416294bb45796ea7,08b1a95c70cdd944,5fab6e9090e65b95,multinational,medium_8,low_0_5,same_day,rnd_responsible,public,low_1,high_22,one_week,liability_waiver
2026-10-05_deepseek_main,generic__disease_diagnosis,generic,disease_diagnosis,,main,generic__disease_diagnosis::main-0078,78,0,11540331522183377009,misdiagnosis>missed_diagnosis>rnd_institution>legal_accountability>efficiency,1,0,d1646951a7568345,4cbfdf48f5b688ef,d82773923251953f,domestic_private,medium_8,medium_10,instant,physician_responsible,multinational,high_18,high_22,one_week,liability_waiver
2026-10-05_deepseek_main,generic__disease_diagnosis,generic,disease_diagnosis,,main,generic__disease_diagnosis::main-0079,79,0,9693479262863833530,rnd_institution>misdiagnosis>missed_diagnosis>efficiency>legal_accountability,0,1,0a770175e2e16019,e198bdd27e404f10,eb2eaba0bd2c8568,domestic_private,high_18,high_22,one_week,rnd_responsible,public,medium_8,low_0_5,same_day,physician_responsible
2026-10-05_deepseek_main,generic__disease_diagnosis,generic,disease_diagnosis,,main,generic__disease_diagnosis::main-0080,80,0,17160420352914828300,rnd_institution>legal_accountability>missed_diagnosis>efficiency>misdiagnosis,0,0,84f37370555d8fb4,6f2f0b2687054989,9166fa3d6100d891,multinational,high_18,medium_10,one_week,rnd_responsible,public,low_1,high_22,instant,physician_responsible
2026-10-05_deepseek_main,generic__disease_diagnosis,generic,disease_diagnosis,,main,generic__disease_diagnosis::main-0081,81,0,14073110081675070462,efficiency>misdiagnosis>legal_accountability>missed_diagnosis>rnd_institution,0,0,8cf001261980cfde,51ccf17e239ce37f,049da641cf03cd43,domestic_private,medium_8,low_0_5,same_day,rnd_responsible,public,low_1,medium_10,instant,physician_responsible
2026-10-05_deepseek_main,generic__disease_diagnosis,generic,disease_diagnosis,,main,generic__disease_diagnosis::main-0082,82,0,1258130950851563709,legal_accountability>efficiency>missed_diagnosis>misdiagnosis>rnd_institution,0,0,1fd7813e1c5dae6f,ed564c41d50d343f,55bd4fb2e862a5bd,multinational,medium_8,low_0_5,instant,liability_waiver,public,low_1,medium_10,same_day,rnd_responsible
2026-10-05_deepseek_main,generic__disease_diagnosis,generic,disease_diagnosis,,main,generic__disease_diagnosis::main-0083,83,0,10954508816242746766,misdiagnosis>rnd_institution>efficiency>legal_accountability>missed_diagnosis,0,0,a8a78c3b87670196,fb744214d05ffc73,87644e2815760391,public,medium_8,high_22,same_day,liability_waiver,domestic_private,low_1,low_0_5,one_week,physician_responsible
2026-10-05_deepseek_main,generic__disease_diagnosis,generic,disease_diagnosis,,main,generic__disease_diagnosis::main-0084,84,0,10653888268480018983,missed_diagnosis>efficiency>legal_accountability>rnd_institution>misdiagnosis,0,0,4083e308306518e9,e423cb4f17d912f6,f140f77d54613897,public,low_1,high_22,instant,physician_responsible,domestic_private,medium_8,low_0_5,same_day,rnd_responsible
2026-10-05_deepseek_main,generic__disease_diagnosis,generic,disease_diagnosis,,main,generic__disease_diagnosis::main-0085,85,0,11085728127476656469,efficiency>misdiagnosis>rnd_institution>missed_diagnosis>legal_accountability,0,0,37f186fecdd24bfc,888c3f887d6f35f2,8b6d0742a50db1cb,public,high_18,low_0_5,instant,rnd_responsible,multinational,medium_8,medium_10,one_week,physician_responsible
2026-10-05_deepseek_main,generic__disease_diagnosis,generic,disease_diagnosis,,main,generic__disease_diagnosis::main-0086,86,0,8519127361957134564,misdiagnosis>missed_diagnosis>rnd_institution>efficiency>legal_accountability,0,0,d0e7c19399751e48,78fc6c778d069109,5bf265c7c669620c,multinational,low_1,high_22,one_week,liability_waiver,public,high_18,low_0_5,instant,rnd_responsible
2026-10-05_deepseek_main,generic__disease_diagnosis,generic,disease_diagnosis,,main,generic__disease_diagnosis::main-0087,87,0,12878259706883621406,efficiency>missed_diagnosis>misdiagnosis>rnd_institution>legal_accountability,0,0,0fa04195eb5205b8,b15b2dceb726129d,e6b6f3838f538381,public,low_1,medium_10,instant,liability_waiver,multinational,high_18,low_0_5,one_week,physician_responsible
2026-10-05_deepseek_main,generic__disease_diagnosis,generic,disease_diagnosis,,main,generic__disease_diagnosis::main-0088,88,0,17403302059671387985,misdiagnosis>efficiency>missed_diagnosis>legal_accountability>rnd_institution,0,0,4dd0c3815ff5cb5f,555bcd6f313bebf8,c1fd2d2725258b04,multinational,high_18,low_0_5,same_day,physician_responsible,public,low_1,high_22,one_week,rnd_responsible
2026-10-05_deepseek_main,generic__disease_diagnosis,generic,disease_diagnosis,,main,generic__disease_diagnosis::main-0089,89,0,17953089728338315384,rnd_institution>misdiagnosis>missed_diagnosis>efficiency>legal_accountability,0,1,9618808979aa5edd,5367434ae79bd37a,a9db22fd71cfbf85,domestic_private,high_18,medium_10,one_week,liability_waiver,public,low_1,low_0_5,same_day,physician_responsible
2026-10-05_deepseek_main,generic__disease_diagnosis,generic,disease_diagnosis,,main,generic__disease_diagnosis::main-0090,90,0,12870083233413119701,missed_diagnosis>efficiency>rnd_institution>misdiagnosis>legal_accountability,0,0,e38e7999a9515f8e,804fb37d9265e44c,287fbfc5945e94a1,multinational,medium_8,low_0_5,one_week,physician_responsible,public,high_18,medium_10,same_day,rnd_responsible
2026-10-05_deepseek_main,generic__disease_diagnosis,generic,disease_diagnosis,,main,generic__disease_diagnosis::main-0091,91,0,6226114524100986624,rnd_institution>missed_diagnosis>efficiency>legal_accountability>misdiagnosis,0,0,c5498faf8dced872,792e56804f235305,4db14ea691310938,domestic_private,medium_8,low_0_5,one_week,liability_waiver,public,low_1,medium_10,instant,rnd_responsible
2026-10-05_deepseek_main,generic__disease_diagnosis,generic,disease_diagnosis,,main,generic__disease_diagnosis::main-0092,92,0,7336445877913783555,legal_accountability>missed_diagnosis>misdiagnosis>efficiency>rnd_institution,0,0,e13b39533744b9c1,c95bf549c442e7d2,ffc271f315bc09bc,domestic_private,high_18,medium_10,same_day,rnd_responsible,multinational,medium_8,high_22,instant,liability_waiver
2026-10-05_deepseek_main,generic__disease_diagnosis,generic,disease_diagnosis,,main,generic__disease_diagnosis::main-0093,93,0,14036859560284790074,legal_accountability>efficiency>missed_diagnosis>misdiagnosis>rnd_institution,0,0,455f382175ec453b,e6018b9a6b0d297b,1a35dd44570cba52,public,medium_8,medium_10,same_day,liability_waiver,multinational,low_1,high_22,one_week,rnd_responsible
2026-10-05_deepseek_main,generic__disease_diagnosis,generic,disease_diagnosis,,main,generic__disease_diagnosis::main-0094,94,0,15273363849681907601,legal_accountability>efficiency>misdiagnosis>missed_diagnosis>rnd_institution,1,0,7b98d20ca3f6867a,ed98a97a0418e40e,61608101d5606f5c,public,medium_8,medium_10,instant,liability_waiver,multinational,high_18,high_22,same_day,physician_responsible
2026-10-05_deepseek_main,generic__disease_diagnosis,generic,disease_diagnosis,,main,generic__disease_diagnosis::main-0095,95,0,14095064690995137762,rnd_institution>legal_accountability>missed_diagnosis>misdiagnosis>efficiency,0,0,92e6280b5fa37247,e7565f17c1d99812,8a0b6d3cd13909b2,public,medium_8,medium_10,instant,physician_responsible,domestic_private,low_1,low_0_5,same_day,liability_waiver
2026-10-05_deepseek_main,generic__disease_diagnosis,generic,disease_diagnosis,,main,generic__disease_diagnosis::main-0096,96,0,588561455279875153,misdiagnosis>rnd_institution>legal_accountability>efficiency>missed_diagnosis,0,0,95bfec15742e204d,a8afb8d007ab1797,e6b6f3838f538381,multinational,high_18,low_0_5,one_week,liability_waiver,public,low_1,medium_10,instant,physician_responsible
2026-10-05_deepseek_main,generic__disease_diagnosis,generic,disease_diagnosis,,main,generic__disease_diagnosis::main-0097,97,0,13231286873031740230,missed_diagnosis>efficiency>legal_accountability>misdiagnosis>rnd_institution,0,0,2348a45fbe31d0c0,3e9e6761b4b8129c,9a0859f8b89a8085,domestic_private,low_1,low_0_5,one_week,physician_responsible,public,medium_8,medium_10,same_day,liability_waiver
2026-10-05_deepseek_main,generic__disease_diagnosis,generic,disease_diagnosis,,main,generic__disease_diagnosis::main-0098,98,0,18175646576872360437,missed_diagnosis>legal_accountability>misdiagnosis>efficiency>rnd_institution,0,0,ae215082311976bd,8c313f3c9265e007,f17c7b3513afe49a,domestic_private,medium_8,low_0_5,same_day,rnd_responsible,public,low_1,high_22,instant,liability_waiver
2026-10-05_deepseek_main,generic__disease_diagnosis,generic,disease_diagnosis,,main,generic__disease_diagnosis::main-0099,99,0,8090207871787120157,misdiagnosis>efficiency>missed_diagnosis>legal_accountability>rnd_institution,0,0,a73af8936c1081ca,fc07b3c033aa3e4a,17744127371560ed,multinational,medium_8,medium_10,same_day,rnd_responsible,domestic_private,low_1,high_22,instant,liability_waiver
2026-10-05_deepseek_main,generic__disease_diagnosis,generic,disease_diagnosis,,main,generic__disease_diagnosis::main-0100,100,0,10068197138208697592,efficiency>misdiagnosis>rnd_institution>legal_accountability>missed_diagnosis,1,0,18cd18e2af779e6f,2722a4e5c4b0c652,29998aa2f51bc16f,domestic_private,medium_8,low_0_5,instant,physician_responsible,public,high_18,high_22,same_day,rnd_responsible
2026-10-05_deepseek_main,generic__disease_diagnosis,generic,disease_diagnosis,,main,generic__disease_diagnosis::main-0101,101,0,351832182945323441,efficiency>misdiagnosis>legal_accountability>missed_diagnosis>rnd_institution,0,0,a27c3530d6f9c438,355b9443ad0427a0,9e813c3872c739c8,multinational,high_18,low_0_5,instant,physician_responsible,public,low_1,high_22,same_day,liability_waiver
2026-10-05_deepseek_main,generic__disease_diagnosis,generic,disease_diagnosis,,main,generic__disease_diagnosis::main-0102,102,0,4944400608048213874,legal_accountability>rnd_institution>efficiency>missed_diagnosis>misdiagnosis,0,0,a4e2cef7db51b313,4f3386fcc433a710,70c3b1efb3ca6329,multinational,low_1,high_22,one_week,physician_responsible,public,high_18,medium_10,same_day,liability_waiver
2026-10-05_deepseek_main,generic__disease_diagnosis,generic,disease_diagnosis,,main,generic__disease_diagnosis::main-0103,103,0,12653671131922706873,legal_accountability>efficiency>missed_diagnosis>rnd_institution>misdiagnosis,0,0,4e7aa7dd362eba84,6cca1b12232631a5,2ac53565fd40750d,domestic_private,high_18,low_0_5,one_week,physician_responsible,public,low_1,medium_10,instant,liability_waiver
2026-10-05_deepseek_main,generic__disease_diagnosis,generic,disease_diagnosis,,main,generic__disease_diagnosis::main-0104,104,0,11966304243965914976,missed_diagnosis>rnd_institution>misdiagnosis>efficiency>legal_accountability,0,0,2b4f4d21f560e5aa,bacc5ea1c63cf074,53247be15d354e19,public,high_18,low_0_5,same_day,liability_waiver,domestic_private,low_1,medium_10,instant,rnd_responsible
2026-10-05_deepseek_main,generic__disease_diagnosis,generic,disease_diagnosis,,main,generic__disease_diagnosis::main-0105,105,0,7074778816265623795,efficiency>rnd_institution>legal_accountability>misdiagnosis>missed_diagnosis,1,0,2dc56dd630c6da65,6f948197127e5edd,f17c7b3513afe49a,public,low_1,low_0_5,instant,rnd_responsible,domestic_private,medium_8,high_22,same_day,liability_waiver
2026-10-05_deepseek_main,generic__disease_diagnosis,generic,disease_diagnosis,,main,generic__disease_diagnosis::main-0106,106,0,9951599371044471164,legal_accountability>efficiency>rnd_institution>missed_diagnosis>misdiagnosis,1,0,c3f537c7c149f0f3,ceb183138a551afe,151cb4a84ec128ac,public,low_1,medium_10,same_day,rnd_responsible,multinational,high_18,high_22,one_week,physician_responsible
2026-10-05_deepseek_main,generic__disease_diagnosis,generic,disease_diagnosis,,main,generic__disease_diagnosis::main-0107,107,0,6918639823475662858,efficiency>missed_diagnosis>legal_accountability>rnd_institution>misdiagnosis,0,0,afa0b45a30742782,790c87da8b74ecad,8f2d78a9e5516de2,domestic_private,high_18,low_0_5,instant,rnd_responsible,multinational,low_1,medium_10,same_day,liability_waiver
2026-10-05_deepseek_main,generic__disease_diagnosis,generic,disease_diagnosis,,main,generic__disease_diagnosis::main-0108,108,0,11656466997985530320,legal_accountability>misdiagnosis>rnd_institution>missed_diagnosis>efficiency,0,0,25f34c043f05495d,0e73e4a9bb725c66,71aa710f296b6676,domestic_private,low_1,low_0_5,one_week,rnd_responsible,multinational,medium_8,medium_10,same_day,physician_responsible
2026-10-05_deepseek_main,generic__disease_diagnosis,generic,disease_diagnosis,,main,generic__disease_diagnosis::main-0109,109,0,6556501421645343505,legal_accountability>efficiency>missed_diagnosis>misdiagnosis>rnd_institution,1,0,d6802dd2de05834e,f22c7d7a3179a31b,26f2487ebbac477d,domestic_private,medium_8,medium_10,instant,rnd_responsible,multinational,high_18,high_22,same_day,physician_responsible
2026-10-05_deepseek_main,generic__disease_diagnosis,generic,disease_diagnosis,,main,generic__disease_diagnosis::main-0110,110,0,15405745526938056876,missed_diagnosis>efficiency>legal_accountability>rnd_institution>misdiagnosis,0,0,40988810eb4a6529,6a257a6fa37831bf,f3028014282bd30c,domestic_private,medium_8,high_22,same_day,rnd_responsible,multinational,low_1,medium_10,one_week,physician_responsible
2026-10-05_deepseek_main,generic__disease_diagnosis,generic,disease_diagnosis,,main,generic__disease_diagnosis::main-0111,111,0,7280282678713444528,misdiagnosis>legal_accountability>missed_diagnosis>efficiency>rnd_institution,0,0,8b20ab4c4e47dd89,d1e00398dee2f300,db101446419cdf04,multinational,high_18,high_22,instant,physician_responsible,domestic_private,medium_8,low_0_5,same_day,rnd_responsible
2026-10-05_deepseek_main,generic__disease_diagnosis,generic,disease_diagnosis,,main,generic__disease_diagnosis::main-0112,112,0,6651742931150254953,missed_diagnosis>rnd_institution>misdiagnosis>legal_accountability>efficiency,0,0,11a048cc85911d7b,705d566cb28ed2ea,3f66db13d4091ad8,multinational,high_18,high_22,same_day,physician_responsible,domestic_private,low_1,low_0_5,one_week,rnd_responsible
2026-10-05_deepseek_main,generic__disease_diagnosis,generic,disease_diagnosis,,main,generic__disease_diagnosis::main-0113,113,0,10110424529669410093,legal_accountability>rnd_institution>efficiency>missed_diagnosis>misdiagnosis,0,0,36c786a6201f9ebc,b884ba50744c1263,f97110bdfb43beb0,domestic_private,high_18,low_0_5,same_day,liability_waiver,multinational,medium_8,high_22,instant,rnd_responsible
2026-10-05_deepseek_main,generic__disease_diagnosis,generic,disease_diagnosis,,main,generic__disease_diagnosis::main-0114,114,0,16199728861979106561,missed_diagnosis>misdiagnosis>efficiency>rnd_institution>legal_accountability,1,0,2fc0aaadcab0cfb0,dbd7d8581da58a9f,e69b05e674893970,multinational,medium_8,low_0_5,instant,rnd_responsible,domestic_private,high_18,medium_10,same_day,physician_responsible
2026-10-05_deepseek_main,generic__disease_diagnosis,generic,disease_diagnosis,,main,generic__disease_diagnosis::main-0115,115,0,16624817177401596960,legal_accountability>rnd_institution>efficiency>missed_diagnosis>misdiagnosis,0,0,4681ba209d2d0d6f,7880041b7908cda3,e901ca79bb6809d2,domestic_private,medium_8,low_0_5,instant,liability_waiver,public,low_1,medium_10,one_week,physician_responsible
2026-10-05_deepseek_main,generic__disease_diagnosis,generic,disease_diagnosis,,main,generic__disease_diagnosis::main-0116,116,0,15175221780351422657,legal_accountability>misdiagnosis>rnd_institution>efficiency>missed_diagnosis,0,0,db6cd64a8b19f3db,08b26b0fecd1febe,5fc490f907972f91,public,low_1,high_22,one_week,liability_waiver,domestic_private,medium_8,medium_10,instant,rnd_responsible
2026-10-05_deepseek_main,generic__disease_diagnosis,generic,disease_diagnosis,,main,generic__disease_diagnosis::main-0117,117,0,13398960312939987348,legal_accountability>rnd_institution>missed_diagnosis>efficiency>misdiagnosis,0,0,acea3df89fb2ebe2,9c6efbd099345d12,efce7306b192d8ae,multinational,medium_8,low_0_5,one_week,rnd_responsible,public,low_1,medium_10,instant,liability_waiver
2026-10-05_deepseek_main,generic__disease_diagnosis,generic,disease_diagnosis,,main,generic__disease_diagnosis::main-0118,118,0,4755844682240043975,efficiency>misdiagnosis>legal_accountability>rnd_institution>missed_diagnosis,0,1,a273c1241564ef92,32ecd75a47bf8937,867bc7f03d32cffa,public,high_18,high_22,one_week,physician_responsible,multinational,low_1,medium_10,instant,liability_waiver
2026-10-05_deepseek_main,generic__disease_diagnosis,generic,disease_diagnosis,,main,generic__disease_diagnosis::main-0119,119,0,8909410850163431280,efficiency>missed_diagnosis>rnd_institution>legal_accountability>misdiagnosis,0,0,9d755acaa36a7e1a,bb80011aeb6bb6b0,0d67184383832eab,public,medium_8,medium_10,same_day,rnd_responsible,domestic_private,low_1,low_0_5,one_week,liability_waiver
2026-10-05_deepseek_main,generic__disease_diagnosis,generic,disease_diagnosis,,main,generic__disease_diagnosis::main-0120,120,0,11889631300371281514,legal_accountability>rnd_institution>misdiagnosis>missed_diagnosis>efficiency,0,0,9c0c47010b143408,8bc15912c95f7d55,6b35440207f6f4ac,public,medium_8,low_0_5,instant,physician_responsible,multinational,low_1,medium_10,same_day,liability_waiver
2026-10-05_deepseek_main,generic__disease_diagnosis,generic,disease_diagnosis,,main,generic__disease_diagnosis::main-0121,121,0,5104723210579381113,rnd_institution>legal_accountability>misdiagnosis>missed_diagnosis>efficiency,0,0,5a55fadcfe2b42cc,551f5f1a6de09039,623532f239a2a8bc,domestic_private,low_1,low_0_5,one_week,rnd_responsible,multinational,high_18,high_22,same_day,liability_waiver
2026-10-05_deepseek_main,generic__disease_diagnosis,generic,disease_diagnosis,,main,generic__disease_diagnosis::main-0122,122,0,14114377542355851289,misdiagnosis>efficiency>legal_accountability>missed_diagnosis>rnd_institution,1,0,4c2c3c68f77d7dec,66e8bbbb0cec9d44,471762c5f12f7498,domestic_private,medium_8,low_0_5,instant,physician_responsible,public,high_18,medium_10,one_week,rnd_responsible
2026-10-05_deepseek_main,generic__disease_diagnosis,generic,disease_diagnosis,,main,generic__disease_diagnosis::main-0123,123,0,14860684633340643995,efficiency>rnd_institution>missed_diagnosis>misdiagnosis>legal_accountability,0,1,c4e26df54085d7df,151cb4a84ec128ac,151cb4a84ec128ac,multinational,high_18,high_22,one_week,physician_responsible,public,low_1,medium_10,same_day,rnd_responsible
2026-10-05_deepseek_main,generic__disease_diagnosis,generic,disease_diagnosis,,main,generic__disease_diagnosis::main-0124,124,0,4294672168976173254,efficiency>legal_accountability>misdiagnosis>missed_diagnosis>rnd_institution,0,0,ba3a814b154e15f0,ba3a814b154e15f0,8e610f5253193db5,public,medium_8,low_0_5,instant,liability_waiver,domestic_private,low_1,medium_10,same_day,rnd_responsible
2026-10-05_deepseek_main,generic__disease_diagnosis,generic,disease_diagnosis,,main,generic__disease_diagnosis::main-0125,125,0,13694721554506195368,rnd_institution>efficiency>misdiagnosis>missed_diagnosis>legal_accountability,0,0,e61d37e50d6d59ad,56e57a0e9723dde4,8b6d0742a50db1cb,public,medium_8,medium_10,one_week,physician_responsible,multinational,high_18,low_0_5,instant,rnd_responsible
2026-10-05_deepseek_main,generic__disease_diagnosis,generic,disease_diagnosis,,main,generic__disease_diagnosis::main-0126,126,0,18356030794711151386,efficiency>rnd_institution>legal_accountability>missed_diagnosis>misdiagnosis,0,0,63ea43c0c33e46d7,96d9976b108dbe31,db4bcf66a5b4ae60,domestic_private,low_1,medium_10,one_week,physician_responsible,public,medium_8,high_22,instant,rnd_responsible
2026-10-05_deepseek_main,generic__disease_diagnosis,generic,disease_diagnosis,,main,generic__disease_diagnosis::main-0127,127,0,6155754995685088376,misdiagnosis>efficiency>legal_accountability>missed_diagnosis>rnd_institution,0,0,39d51bdb10834fd2,3794acdf130b9336,a58dd6aca34dbe06,multinational,high_18,low_0_5,one_week,liability_waiver,domestic_private,medium_8,medium_10,same_day,physician_responsible
2026-10-05_deepseek_main,generic__disease_diagnosis,generic,disease_diagnosis,,main,generic__disease_diagnosis::main-0128,128,0,6383492637364073550,rnd_institution>misdiagnosis>efficiency>missed_diagnosis>legal_accountability,1,0,c162e79b6e4b4fea,d4205369c820e0c9,38b53590062adbcf,multinational,low_1,medium_10,same_day,liability_waiver,domestic_private,high_18,high_22,one_week,physician_responsible
2026-10-05_deepseek_main,generic__disease_diagnosis,generic,disease_diagnosis,,main,generic__disease_diagnosis::main-0129,129,0,10753765701989232649,legal_accountability>misdiagnosis>efficiency>rnd_institution>missed_diagnosis,0,0,6f775222b85b8a24,1ec138093205778c,55bd4fb2e862a5bd,public,medium_8,medium_10,instant,rnd_responsible,multinational,low_1,low_0_5,same_day,liability_waiver
2026-10-05_deepseek_main,generic__disease_diagnosis,generic,disease_diagnosis,,main,generic__disease_diagnosis::main-0130,130,0,11714782835695685939,efficiency>rnd_institution>misdiagnosis>legal_accountability>missed_diagnosis,0,0,3f935fe5e8b5b09e,3e6d99ff878d3c59,afb79250cb33e739,multinational,medium_8,high_22,instant,physician_responsible,domestic_private,low_1,medium_10,same_day,liability_waiver
2026-10-05_deepseek_main,generic__disease_diagnosis,generic,disease_diagnosis,,main,generic__disease_diagnosis::main-0131,131,0,2480013815446646478,legal_accountability>missed_diagnosis>efficiency>rnd_institution>misdiagnosis,0,0,49c2f359f4f41969,29cfa3c34f3a5213,809021da3ca9dc20,public,high_18,medium_10,same_day,rnd_responsible,multinational,medium_8,high_22,one_week,liability_waiver
2026-10-05_deepseek_main,generic__disease_diagnosis,generic,disease_diagnosis,,main,generic__disease_diagnosis::main-0132,132,0,18012790520811271938,legal_accountability>misdiagnosis>missed_diagnosis>rnd_institution>efficiency,1,0,e9ee65c1c911ac62,2e9f92e9177a5c2c,7bb4edfeb3c70246,multinational,low_1,medium_10,instant,physician_responsible,domestic_private,medium_8,high_22,one_week,liability_waiver
2026-10-05_deepseek_main,generic__disease_diagnosis,generic,disease_diagnosis,,main,generic__disease_diagnosis::main-0133,133,0,7319349829988139417,rnd_institution>missed_diagnosis>misdiagnosis>efficiency>legal_accountability,0,0,f10e263ae5441b92,763cd5e54bc2da7a,320a3778de250f8e,multinational,low_1,high_22,same_day,rnd_responsible,domestic_private,medium_8,low_0_5,one_week,physician_responsible
2026-10-05_deepseek_main,generic__disease_diagnosis,generic,disease_diagnosis,,main,generic__disease_diagnosis::main-0134,134,0,137381216663506191,legal_accountability>efficiency>rnd_institution>misdiagnosis>missed_diagnosis,0,1,1adeb851b759bc67,575ad51c1f925ccb,b6ee58e237c6925f,domestic_private,medium_8,high_22,one_week,liability_waiver,multinational,low_1,medium_10,same_day,physician_responsible
2026-10-05_deepseek_main,generic__disease_diagnosis,generic,disease_diagnosis,,main,generic__disease_diagnosis::main-0135,135,0,8232172892236840499,rnd_institution>missed_diagnosis>misdiagnosis>efficiency>legal_accountability,0,0,cb3024e4f755764b,b845eeb209802de9,49902a25a38cf7b2,domestic_private,low_1,low_0_5,one_week,liability_waiver,multinational,medium_8,high_22,same_day,rnd_responsible
2026-10-05_deepseek_main,generic__disease_diagnosis,generic,disease_diagnosis,,main,generic__disease_diagnosis::main-0136,136,0,9575155624500504330,rnd_institution>legal_accountability>efficiency>misdiagnosis>missed_diagnosis,0,0,b0ead578be384266,32690244d4d68123,38b53590062adbcf,domestic_private,high_18,medium_10,one_week,liability_waiver,multinational,low_1,high_22,same_day,physician_responsible
2026-10-05_deepseek_main,generic__disease_diagnosis,generic,disease_diagnosis,,main,generic__disease_diagnosis::main-0137,137,0,12349893757459150587,missed_diagnosis>misdiagnosis>rnd_institution>legal_accountability>efficiency,0,0,06859db9fb6c2919,2ed31b03a866ffcb,d7d5358887548be0,domestic_private,high_18,low_0_5,one_week,rnd_responsible,public,low_1,medium_10,instant,liability_waiver
2026-10-05_deepseek_main,generic__disease_diagnosis,generic,disease_diagnosis,,main,generic__disease_diagnosis::main-0138,138,0,14738938370306736708,efficiency>misdiagnosis>missed_diagnosis>rnd_institution>legal_accountability,0,0,b83352432bc769bd,baf5cd9c77e9ee14,1352938070d6aea1,domestic_private,medium_8,medium_10,one_week,physician_responsible,public,high_18,high_22,same_day,rnd_responsible
2026-10-05_deepseek_main,generic__disease_diagnosis,generic,disease_diagnosis,,main,generic__disease_diagnosis::main-0139,139,0,14302415856668966870,misdiagnosis>rnd_institution>efficiency>missed_diagnosis>legal_accountability,0,0,f9bb9fc617902b88,c748be56497a9af9,1f3af6bbe94f0a82,public,low_1,low_0_5,one_week,rnd_responsible,multinational,high_18,medium_10,instant,liability_waiver
2026-10-05_deepseek_main,generic__disease_diagnosis,generic,disease_diagnosis,,main,generic__disease_diagnosis::main-0140,140,0,10421308564047837831,rnd_institution>misdiagnosis>missed_diagnosis>efficiency>legal_accountability,0,0,ebfacfa4920bac1d,44a087eecbc77559,62373b0b7921fb31,multinational,low_1,high_22,instant,rnd_responsible,domestic_private,medium_8,low_0_5,same_day,liability_waiver
2026-10-05_deepseek_main,generic__disease_diagnosis,generic,disease_diagnosis,,main,generic__disease_diagnosis::main-0141,141,0,7788412389009599987,misdiagnosis>efficiency>rnd_institution>missed_diagnosis>legal_accountability,0,0,f3128f36f7fe5131,f42cc7e6323e4884,24e1b16c8080cc6e,multinational,medium_8,high_22,instant,liability_waiver,domestic_private,high_18,medium_10,same_day,physician_responsible
2026-10-05_deepseek_main,generic__disease_diagnosis,generic,disease_diagnosis,,main,generic__disease_diagnosis::main-0142,142,0,6503600414106384724,missed_diagnosis>legal_accountability>misdiagnosis>rnd_institution>efficiency,0,0,d1115c9dfd71178a,be179c82e24724ea,9e5cad82f8d1f044,multinational,medium_8,high_22,one_week,physician_responsible,public,high_18,low_0_5,instant,liability_waiver
2026-10-05_deepseek_main,generic__disease_diagnosis,generic,disease_diagnosis,,main,generic__disease_diagnosis::main-0143,143,0,12530012201567012508,legal_accountability>rnd_institution>missed_diagnosis>efficiency>misdiagnosis,0,0,4658f3b31cff9d8b,3325c5cd2174d84b,4de2b326e12b3fbe,public,low_1,high_22,one_week,rnd_responsible,multinational,medium_8,low_0_5,same_day,physician_responsible
2026-10-05_deepseek_main,generic__disease_diagnosis,generic,disease_diagnosis,,main,generic__disease_diagnosis::main-0144,144,0,13743975204069710934,misdiagnosis>rnd_institution>efficiency>legal_accountability>missed_diagnosis,1,0,46674008b40f6d01,57854af29ca4f86c,b510e2852fe1a351,public,low_1,medium_10,instant,rnd_responsible,multinational,high_18,high_22,same_day,liability_waiver
2026-10-05_deepseek_main,generic__disease_diagnosis,generic,disease_diagnosis,,main,generic__disease_diagnosis::main-0145,145,0,15890312332015061697,misdiagnosis>rnd_institution>missed_diagnosis>legal_accountability>efficiency,0,1,7cf985676f475493,7aca8845caa3f7c1,6b4dd668623eb2fa,domestic_private,high_18,high_22,one_week,physician_responsible,multinational,medium_8,low_0_5,instant,liability_waiver
2026-10-05_deepseek_main,generic__disease_diagnosis,generic,disease_diagnosis,,main,generic__disease_diagnosis::main-0146,146,0,16796373272465239504,legal_accountability>missed_diagnosis>rnd_institution>efficiency>misdiagnosis,0,0,302f4d15c43a483a,802f29e5b7596b21,030729e1803313a7,public,high_18,low_0_5,one_week,physician_responsible,domestic_private,medium_8,high_22,same_day,liability_waiver
2026-10-05_deepseek_main,generic__disease_diagnosis,generic,disease_diagnosis,,main,generic__disease_diagnosis::main-0147,147,0,4244706923053510739,legal_accountability>misdiagnosis>missed_diagnosis>efficiency>rnd_institution,0,0,9c8cad59c99faf2d,964e3d21f46d2de7,809021da3ca9dc20,multinational,high_18,medium_10,same_day,liability_waiver,public,medium_8,high_22,one_week,rnd_responsible
2026-10-05_deepseek_main,generic__disease_diagnosis,generic,disease_diagnosis,,main,generic__disease_diagnosis::main-0148,148,0,4707447028632818030,missed_diagnosis>rnd_institution>legal_accountability>misdiagnosis>efficiency,0,0,e330fb2d341e1c06,91bb53eaf2401fb8,091834e5e9ea7adc,public,high_18,medium_10,instant,liability_waiver,domestic_private,medium_8,high_22,one_week,physician_responsible
2026-10-05_deepseek_main,generic__disease_diagnosis,generic,disease_diagnosis,,main,generic__disease_diagnosis::main-0149,149,0,7545554952411925118,misdiagnosis>legal_accountability>efficiency>missed_diagnosis>rnd_institution,0,0,63ba2593ffc5961b,22c314ace74aceb2,fa4c69ce819c4428,public,high_18,low_0_5,same_day,physician_responsible,multinational,low_1,medium_10,instant,liability_waiver
2026-10-05_deepseek_main,generic__disease_diagnosis,generic,disease_diagnosis,,main,generic__disease_diagnosis::main-0150,150,0,6759828109622797667,legal_accountability>rnd_institution>misdiagnosis>missed_diagnosis>efficiency,0,0,720d08696bee9aaa,41783544a5d4c869,e5b7aa3f08b40402,domestic_private,medium_8,high_22,one_week,liability_waiver,multinational,high_18,low_0_5,same_day,rnd_responsible
2026-10-05_deepseek_main,generic__disease_diagnosis,generic,disease_diagnosis,,main,generic__disease_diagnosis::main-0151,151,0,14610545941484462566,rnd_institution>misdiagnosis>efficiency>missed_diagnosis>legal_accountability,0,0,abd6d382b207b9d2,fb411c9a1ec18012,53247be15d354e19,public,high_18,medium_10,instant,liability_waiver,domestic_private,low_1,low_0_5,same_day,rnd_responsible
2026-10-05_deepseek_main,generic__disease_diagnosis,generic,disease_diagnosis,,main,generic__disease_diagnosis::main-0152,152,0,3185849683010079101,rnd_institution>missed_diagnosis>efficiency>misdiagnosis>legal_accountability,1,0,dd0fe19d313eb37c,ed98a97a0418e40e,61608101d5606f5c,public,medium_8,medium_10,instant,liability_waiver,multinational,high_18,high_22,same_day,physician_responsible
2026-10-05_deepseek_main,generic__disease_diagnosis,generic,disease_diagnosis,,main,generic__disease_diagnosis::main-0153,153,0,14222550878655227096,missed_diagnosis>misdiagnosis>rnd_institution>legal_accountability>efficiency,0,1,cd87e69dc7bbad40,c5add74837d195f4,9c3c24473f44b7c5,multinational,high_18,medium_10,same_day,liability_waiver,public,medium_8,low_0_5,instant,rnd_responsible
2026-10-05_deepseek_main,generic__disease_diagnosis,generic,disease_diagnosis,,main,generic__disease_diagnosis::main-0154,154,0,6711501744009836192,rnd_institution>legal_accountability>efficiency>misdiagnosis>missed_diagnosis,0,0,16091ba78400bc3b,e1ad4d1b0e2e8861,b510e2852fe1a351,multinational,low_1,high_22,same_day,liability_waiver,public,high_18,medium_10,instant,rnd_responsible
2026-10-05_deepseek_main,generic__disease_diagnosis,generic,disease_diagnosis,,main,generic__disease_diagnosis::main-0155,155,0,3039783809274401405,legal_accountability>rnd_institution>missed_diagnosis>efficiency>misdiagnosis,0,0,eaafa2642841c04d,049c4fd8a7236098,867bc7f03d32cffa,public,low_1,medium_10,one_week,physician_responsible,multinational,high_18,high_22,instant,liability_waiver
2026-10-05_deepseek_main,generic__disease_diagnosis,generic,disease_diagnosis,,main,generic__disease_diagnosis::main-0156,156,0,18317917726380135652,legal_accountability>misdiagnosis>missed_diagnosis>efficiency>rnd_institution,0,0,52f45cbb10560659,0192b698adaf0889,8a0b6d3cd13909b2,domestic_private,medium_8,medium_10,instant,liability_waiver,public,low_1,low_0_5,same_day,physician_responsible
2026-10-05_deepseek_main,generic__disease_diagnosis,generic,disease_diagnosis,,main,generic__disease_diagnosis::main-0157,157,0,7048727765488335743,rnd_institution>misdiagnosis>legal_accountability>efficiency>missed_diagnosis,0,0,f5dd285e33f38325,d88ddd709e3ee949,2cdf103c8c44c3b2,multinational,medium_8,medium_10,instant,rnd_responsible,domestic_private,high_18,low_0_5,one_week,liability_waiver
2026-10-05_deepseek_main,generic__disease_diagnosis,generic,disease_diagnosis,,main,generic__disease_diagnosis::main-0158,158,0,12840686358830331905,missed_diagnosis>misdiagnosis>rnd_institution>legal_accountability>efficiency,0,0,20e48bed9f39f4f2,2c2e491242827104,fd9919c156011664,public,high_18,low_0_5,one_week,liability_waiver,multinational,medium_8,medium_10,instant,physician_responsible
2026-10-05_deepseek_main,generic__disease_diagnosis,generic,disease_diagnosis,,main,generic__disease_diagnosis::main-0159,159,0,9694293036621287492,missed_diagnosis>efficiency>legal_accountability>misdiagnosis>rnd_institution,0,0,6faf3be0f32d03a9,3eb04a9a25acd56d,d7a020db171d71ba,public,high_18,medium_10,one_week,rnd_responsible,multinational,low_1,high_22,same_day,liability_waiver
2026-10-05_deepseek_main,generic__disease_diagnosis,generic,disease_diagnosis,,main,generic__disease_diagnosis::main-0160,160,0,17775838804051421344,efficiency>rnd_institution>legal_accountability>misdiagnosis>missed_diagnosis,0,0,ec997ab36809e12b,5a3d20202ab59962,09eb9885860249ea,public,high_18,low_0_5,instant,rnd_responsible,multinational,medium_8,high_22,same_day,liability_waiver
2026-10-05_deepseek_main,generic__disease_diagnosis,generic,disease_diagnosis,,main,generic__disease_diagnosis::main-0161,161,0,7490764450730344642,misdiagnosis>legal_accountability>missed_diagnosis>efficiency>rnd_institution,0,0,9e031dc3b129b6f1,59e834e133165425,afd5eaf0afe8ec57,public,low_1,medium_10,one_week,rnd_responsible,multinational,high_18,low_0_5,instant,physician_responsible
2026-10-05_deepseek_main,generic__disease_diagnosis,generic,disease_diagnosis,,main,generic__disease_diagnosis::main-0162,162,0,11644023567224061989,legal_accountability>misdiagnosis>efficiency>rnd_institution>missed_diagnosis,0,0,73e947032a9bff66,31e520d061d958b2,32ff2bde5faa6870,public,high_18,high_22,instant,rnd_responsible,domestic_private,low_1,low_0_5,one_week,liability_waiver
2026-10-05_deepseek_main,generic__disease_diagnosis,generic,disease_diagnosis,,main,generic__disease_diagnosis::main-0163,163,0,5083695168399643535,efficiency>missed_diagnosis>misdiagnosis>rnd_institution>legal_accountability,0,1,ecdd5d0dc8162627,f5fb3252b1483093,9a7d7104f7186e54,multinational,high_18,high_22,one_week,physician_responsible,public,medium_8,low_0_5,instant,rnd_responsible
2026-10-05_deepseek_main,generic__disease_diagnosis,generic,disease_diagnosis,,main,generic__disease_diagnosis::main-0164,164,0,18269000400169832788,legal_accountability>rnd_institution>missed_diagnosis>efficiency>misdiagnosis,1,0,f0e5a9de44975823,073f5c6f83d9eac6,c025e36fbde737e6,domestic_private,low_1,low_0_5,instant,physician_responsible,multinational,medium_8,high_22,one_week,rnd_responsible
2026-10-05_deepseek_main,generic__disease_diagnosis,generic,disease_diagnosis,,main,generic__disease_diagnosis::main-0165,165,0,3606394718505153589,rnd_institution>misdiagnosis>missed_diagnosis>efficiency>legal_accountability,0,0,b38023efc6a5b073,c49bf77bbb10474b,a653d3b9e0002160,public,low_1,high_22,one_week,liability_waiver,domestic_private,high_18,medium_10,instant,rnd_responsible
2026-10-05_deepseek_main,generic__disease_diagnosis,generic,disease_diagnosis,,main,generic__disease_diagnosis::main-0166,166,0,4286954087176507091,legal_accountability>missed_diagnosis>misdiagnosis>efficiency>rnd_institution,1,0,a033bc3d6b6c2c74,d706d188fa80fc79,c5f861433c86b493,multinational,low_1,medium_10,same_day,rnd_responsible,domestic_private,high_18,high_22,one_week,liability_waiver
2026-10-05_deepseek_main,generic__disease_diagnosis,generic,disease_diagnosis,,main,generic__disease_diagnosis::main-0167,167,0,6938360135981794971,missed_diagnosis>legal_accountability>misdiagnosis>efficiency>rnd_institution,0,0,63bde014f8c0b1e1,0f8d995869b3336b,a9db22fd71cfbf85,public,low_1,medium_10,same_day,liability_waiver,domestic_private,high_18,low_0_5,one_week,physician_responsible
2026-10-05_deepseek_main,generic__disease_diagnosis,generic,disease_diagnosis,,main,generic__disease_diagnosis::main-0168,168,0,13046897727810135996,rnd_institution>efficiency>missed_diagnosis>legal_accountability>misdiagnosis,0,0,bb883ffe3208fb27,e2320d229b0b62cb,9e5cad82f8d1f044,public,medium_8,high_22,instant,physician_responsible,multinational,high_18,low_0_5,one_week,liability_waiver
2026-10-05_deepseek_main,generic__disease_diagnosis,generic,disease_diagnosis,,main,generic__disease_diagnosis::main-0169,169,0,12420578830604816655,rnd_institution>misdiagnosis>missed_diagnosis>legal_accountability>efficiency,0,0,0110b7370c0ccb4d,0ee651c945af1606,2b1f03e2c39f8d7b,domestic_private,low_1,high_22,instant,rnd_responsible,multinational,high_18,low_0_5,one_week,physician_responsible
2026-10-05_deepseek_main,generic__disease_diagnosis,generic,disease_diagnosis,,main,generic__disease_diagnosis::main-0170,170,0,3536135711695357298,efficiency>legal_accountability>rnd_institution>misdiagnosis>missed_diagnosis,0,1,835cfe38a74847cf,a8883bce10771a9f,fa4c69ce819c4428,public,high_18,medium_10,same_day,liability_waiver,multinational,low_1,low_0_5,instant,physician_responsible
2026-10-05_deepseek_main,generic__disease_diagnosis,generic,disease_diagnosis,,main,generic__disease_diagnosis::main-0171,171,0,2309802293237781037,misdiagnosis>rnd_institution>missed_diagnosis>efficiency>legal_accountability,0,0,55f9ab2c549e2350,abb5f72e918251f8,955e984773c31c72,public,medium_8,medium_10,same_day,physician_responsible,domestic_private,low_1,high_22,instant,rnd_responsible
2026-10-05_deepseek_main,generic__disease_diagnosis,generic,disease_diagnosis,,main,generic__disease_diagnosis::main-0172,172,0,8509749784111517000,legal_accountability>missed_diagnosis>misdiagnosis>rnd_institution>efficiency,0,0,61176da690606111,4ecc7dc888e1f45c,b7decee294228b18,public,medium_8,medium_10,same_day,rnd_responsible,multinational,high_18,low_0_5,instant,physician_responsible
2026-10-05_deepseek_main,generic__disease_diagnosis,generic,disease_diagnosis,,main,generic__disease_diagnosis::main-0173,173,0,3671579296512993534,rnd_institution>missed_diagnosis>efficiency>legal_accountability>misdiagnosis,0,0,25318db7d608114a,d9f21afe7846e630,71aa710f296b6676,multinational,medium_8,low_0_5,same_day,rnd_responsible,domestic_private,low_1,medium_10,one_week,physician_responsible
2026-10-05_deepseek_main,generic__disease_diagnosis,generic,disease_diagnosis,,main,generic__disease_diagnosis::main-0174,174,0,1524605662247545499,legal_accountability>missed_diagnosis>efficiency>rnd_institution>misdiagnosis,0,1,6a582b2e5ae035e8,0e1167e99c16b0b7,81959a69124c1196,public,medium_8,medium_10,one_week,physician_responsible,multinational,low_1,low_0_5,same_day,rnd_responsible
2026-10-05_deepseek_main,generic__disease_diagnosis,generic,disease_diagnosis,,main,generic__disease_diagnosis::main-0175,175,0,16128152398024451974,misdiagnosis>efficiency>legal_accountability>missed_diagnosis>rnd_institution,0,0,c9386ce08a549416,b1d3c507ff03f9bb,d7d5358887548be0,domestic_private,high_18,medium_10,instant,rnd_responsible,public,low_1,low_0_5,one_week,liability_waiver
2026-10-05_deepseek_main,generic__disease_diagnosis,generic,disease_diagnosis,,main,generic__disease_diagnosis::main-0176,176,0,1370499913386644894,efficiency>legal_accountability>missed_diagnosis>misdiagnosis>rnd_institution,0,0,32d1e9525452ae7b,13d853f02da85929,8b9650ee7b8e688d,multinational,low_1,high_22,instant,rnd_responsible,public,medium_8,low_0_5,one_week,physician_responsible
2026-10-05_deepseek_main,generic__disease_diagnosis,generic,disease_diagnosis,,main,generic__disease_diagnosis::main-0177,177,0,6271279412810223376,misdiagnosis>legal_accountability>missed_diagnosis>rnd_institution>efficiency,0,0,8de6820ad162a093,80f816cf048624c5,8b6d0742a50db1cb,multinational,high_18,medium_10,instant,rnd_responsible,public,medium_8,low_0_5,one_week,physician_responsible
2026-10-05_deepseek_main,generic__disease_diagnosis,generic,disease_diagnosis,,main,generic__disease_diagnosis::main-0178,178,0,18301105558900905271,misdiagnosis>legal_accountability>missed_diagnosis>rnd_institution>efficiency,0,0,d80fd43ede7c818b,314733328733ffb1,e62093a4b80d676b,public,high_18,low_0_5,instant,liability_waiver,domestic_private,low_1,high_22,same_day,physician_responsible
2026-10-05_deepseek_main,generic__disease_diagnosis,generic,disease_diagnosis,,main,generic__disease_diagnosis::main-0179,179,0,426474295355150038,rnd_institution>missed_diagnosis>misdiagnosis>legal_accountability>efficiency,0,0,affa62cd0fade750,5b4d053b70b5bcf3,17744127371560ed,multinational,medium_8,medium_10,same_day,liability_waiver,domestic_private,low_1,high_22,instant,rnd_responsible
2026-10-05_deepseek_main,generic__disease_diagnosis,generic,disease_diagnosis,,main,generic__disease_diagnosis::main-0180,180,0,6757907962142038027,misdiagnosis>legal_accountability>rnd_institution>efficiency>missed_diagnosis,0,0,a9dc300f31c7a879,02a39017bb972cfa,8b9734fb1c61313a,multinational,high_18,medium_10,instant,rnd_responsible,domestic_private,low_1,high_22,one_week,physician_responsible
2026-10-05_deepseek_main,generic__disease_diagnosis,generic,disease_diagnosis,,main,generic__disease_diagnosis::main-0181,181,0,1113876255481088745,misdiagnosis>efficiency>missed_diagnosis>rnd_institution>legal_accountability,0,0,4806bc0f41bf7483,a27c8e4182486bb2,62373b0b7921fb31,multinational,medium_8,high_22,instant,rnd_responsible,domestic_private,low_1,low_0_5,same_day,liability_waiver
2026-10-05_deepseek_main,generic__disease_diagnosis,generic,disease_diagnosis,,main,generic__disease_diagnosis::main-0182,182,0,14547144576635905574,misdiagnosis>rnd_institution>legal_accountability>efficiency>missed_diagnosis,0,0,20e1b2e6a276e680,484bc7dc26c7ef1e,d7730e9b33b9a5e7,public,high_18,low_0_5,same_day,physician_responsible,domestic_private,medium_8,high_22,instant,liability_waiver
2026-10-05_deepseek_main,generic__disease_diagnosis,generic,disease_diagnosis,,main,generic__disease_diagnosis::main-0183,183,0,3236995302940968864,legal_accountability>missed_diagnosis>misdiagnosis>rnd_institution>efficiency,0,0,ed34010d046aeca3,e4e28a85c1b459f1,ab66bea316fc31cd,public,high_18,high_22,instant,rnd_responsible,domestic_private,medium_8,low_0_5,same_day,liability_waiver
2026-10-05_deepseek_main,generic__disease_diagnosis,generic,disease_diagnosis,,main,generic__disease_diagnosis::main-0184,184,0,4237200505719024532,rnd_institution>missed_diagnosis>efficiency>legal_accountability>misdiagnosis,0,0,24a258e739a7d952,7a0d58eab9fb541e,afd5eaf0afe8ec57,public,low_1,medium_10,one_week,physician_responsible,multinational,high_18,low_0_5,instant,rnd_responsible
2026-10-05_deepseek_main,generic__disease_diagnosis,generic,disease_diagnosis,,main,generic__disease_diagnosis::main-0185,185,0,13732940793062732046,misdiagnosis>efficiency>missed_diagnosis>rnd_institution>legal_accountability,1,0,97549888c5734cc7,ffd3ce18b89778aa,ffd3ce18b89778aa,multinational,low_1,low_0_5,instant,physician_responsible,public,medium_8,medium_10,same_day,rnd_responsible
2026-10-05_deepseek_main,generic__disease_diagnosis,generic,disease_diagnosis,,main,generic__disease_diagnosis::main-0186,186,0,2128725159669866062,efficiency>misdiagnosis>missed_diagnosis>rnd_institution>legal_accountability,0,0,8361bf03fd0eb356,2967cbf5c098798c,2ac53565fd40750d,public,low_1,low_0_5,one_week,physician_responsible,domestic_private,high_18,medium_10,instant,liability_waiver
2026-10-05_deepseek_main,generic__disease_diagnosis,generic,disease_diagnosis,,main,generic__disease_diagnosis::main-0187,187,0,12591410982433988228,misdiagnosis>legal_accountability>missed_diagnosis>rnd_institution>efficiency,1,0,c54142302a360647,578464b2092dc73e,2f9f18cce15ed4cf,domestic_private,low_1,low_0_5,same_day,rnd_responsible,public,high_18,medium_10,one_week,liability_waiver
2026-10-05_deepseek_main,generic__disease_diagnosis,generic,disease_diagnosis,,main,generic__disease_diagnosis::main-0188,188,0,17118474108421510174,misdiagnosis>rnd_institution>legal_accountability>missed_diagnosis>efficiency,0,0,6ed92eff1d3270cd,d06b99ddd0e99f50,19c06a42c7f04061,public,low_1,low_0_5,one_week,rnd_responsible,multinational,medium_8,medium_10,same_day,liability_waiver
2026-10-05_deepseek_main,generic__disease_diagnosis,generic,disease_diagnosis,,main,generic__disease_diagnosis::main-0189,189,0,3932162873295900963,rnd_institution>legal_accountability>missed_diagnosis>efficiency>misdiagnosis,0,0,f813c8f829f3c9f7,c04be42b229d5137,5fc490f907972f91,domestic_private,medium_8,high_22,instant,liability_waiver,public,low_1,medium_10,one_week,rnd_responsible
2026-10-05_deepseek_main,generic__disease_diagnosis,generic,disease_diagnosis,,main,generic__disease_diagnosis::main-0190,190,0,13100941868492473690,legal_accountability>rnd_institution>efficiency>misdiagnosis>missed_diagnosis,0,0,dcd83732d4e8f7b5,61311e47d19a7649,d81a764a8f047f29,multinational,low_1,high_22,same_day,physician_responsible,domestic_private,medium_8,medium_10,instant,rnd_responsible
2026-10-05_deepseek_main,generic__disease_diagnosis,generic,disease_diagnosis,,main,generic__disease_diagnosis::main-0191,191,0,13240918905642693251,rnd_institution>legal_accountability>misdiagnosis>missed_diagnosis>efficiency,0,0,2a44a2bc396ce1a6,2e55542571241bd1,efce7306b192d8ae,public,low_1,low_0_5,one_week,liability_waiver,multinational,medium_8,medium_10,instant,rnd_responsible
2026-10-05_deepseek_main,generic__disease_diagnosis,generic,disease_diagnosis,,main,generic__disease_diagnosis::main-0192,192,0,15957268399547176839,misdiagnosis>efficiency>legal_accountability>rnd_institution>missed_diagnosis,0,0,c32f1a08e9c8f96a,9063ae27031f9efd,017793d89f5e029a,public,high_18,low_0_5,same_day,physician_responsible,multinational,medium_8,high_22,one_week,rnd_responsible
2026-10-05_deepseek_main,generic__disease_diagnosis,generic,disease_diagnosis,,main,generic__disease_diagnosis::main-0193,193,0,7620548955389498331,legal_accountability>rnd_institution>misdiagnosis>efficiency>missed_diagnosis,1,0,78325549dd6280a6,64a0451c0302c5b6,10d66d37625e5fb0,domestic_private,low_1,low_0_5,instant,rnd_responsible,multinational,medium_8,medium_10,one_week,liability_waiver
2026-10-05_deepseek_main,generic__disease_diagnosis,generic,disease_diagnosis,,main,generic__disease_diagnosis::main-0194,194,0,7764791948784407069,missed_diagnosis>misdiagnosis>legal_accountability>rnd_institution>efficiency,0,0,763acf021029b9ac,bf8531297b5aba48,065170894f0f12e6,domestic_private,medium_8,high_22,one_week,liability_waiver,multinational,high_18,medium_10,same_day,rnd_responsible
2026-10-05_deepseek_main,generic__disease_diagnosis,generic,disease_diagnosis,,main,generic__disease_diagnosis::main-0195,195,0,5403794575743756213,rnd_institution>misdiagnosis>missed_diagnosis>legal_accountability>efficiency,0,0,55d80b5d8c4332e4,467c408e6b38f507,b6ee58e237c6925f,domestic_private,low_1,medium_10,one_week,liability_waiver,multinational,medium_8,high_22,same_day,physician_responsible
2026-10-05_deepseek_main,generic__disease_diagnosis,generic,disease_diagnosis,,main,generic__disease_diagnosis::main-0196,196,0,7952130653590605098,misdiagnosis>missed_diagnosis>efficiency>rnd_institution>legal_accountability,0,0,f3124aa52ca63d7c,f4794937464e5975,3a1c2a6f2eeeeaa8,public,low_1,medium_10,same_day,physician_responsible,multinational,high_18,high_22,instant,rnd_responsible
2026-10-05_deepseek_main,generic__disease_diagnosis,generic,disease_diagnosis,,main,generic__disease_diagnosis::main-0197,197,0,15142156822445097600,legal_accountability>misdiagnosis>missed_diagnosis>rnd_institution>efficiency,0,0,f96a67e819c41673,b1ec898921b95847,11611d013e3ff5a1,public,low_1,high_22,one_week,physician_responsible,domestic_private,medium_8,low_0_5,instant,liability_waiver
2026-10-05_deepseek_main,generic__disease_diagnosis,generic,disease_diagnosis,,main,generic__disease_diagnosis::main-0198,198,0,7743556990182548721,legal_accountability>efficiency>misdiagnosis>missed_diagnosis>rnd_institution,0,0,1a0a9fda84197eab,00ad074fc44763a1,1a35dd44570cba52,multinational,medium_8,high_22,same_day,liability_waiver,public,low_1,medium_10,one_week,rnd_responsible
2026-10-05_deepseek_main,generic__disease_diagnosis,generic,disease_diagnosis,,main,generic__disease_diagnosis::main-0199,199,0,3483861412056586551,efficiency>legal_accountability>missed_diagnosis>misdiagnosis>rnd_institution,0,0,220c515837828d02,18ffc9c5a64c4236,c3d856a8c2aadf6a,domestic_private,high_18,medium_10,one_week,rnd_responsible,multinational,medium_8,high_22,instant,liability_waiver
2026-10-05_deepseek_main,generic__disease_diagnosis,generic,disease_diagnosis,,main,generic__disease_diagnosis::main-0200,200,0,12675251863528652609,rnd_institution>missed_diagnosis>efficiency>legal_accountability>misdiagnosis,0,0,fdff4a7984d1a198,381e096330d48865,773dbba750c792dd,multinational,high_18,low_0_5,instant,physician_responsible,domestic_private,medium_8,medium_10,same_day,liability_waiver
2026-10-05_deepseek_main,generic__disease_diagnosis,generic,disease_diagnosis,,main,generic__disease_diagnosis::main-0201,201,0,2787283227921527358,missed_diagnosis>efficiency>misdiagnosis>legal_accountability>rnd_institution,0,0,182ceebe0fb0e67c,955a1131320c8376,4ecb762970586d52,domestic_private,low_1,medium_10,one_week,liability_waiver,multinational,medium_8,low_0_5,same_day,rnd_responsible
2026-10-05_deepseek_main,generic__disease_diagnosis,generic,disease_diagnosis,,main,generic__disease_diagnosis::main-0202,202,0,10211050519904660173,rnd_institution>misdiagnosis>missed_diagnosis>efficiency>legal_accountability,0,1,dda1a41605e2e3dc,542b583b4de31f2b,cd3357c2bd9690bd,multinational,medium_8,medium_10,same_day,liability_waiver,domestic_private,low_1,low_0_5,instant,physician_responsible
2026-10-05_deepseek_main,generic__disease_diagnosis,generic,disease_diagnosis,,main,generic__disease_diagnosis::main-0203,203,0,11092630495337927325,rnd_institution>efficiency>legal_accountability>missed_diagnosis>misdiagnosis,0,0,71ec2c4b38dfedf2,cb2a43446a633343,e69b05e674893970,multinational,high_18,low_0_5,instant,physician_responsible,domestic_private,medium_8,medium_10,same_day,rnd_responsible
2026-10-05_deepseek_main,generic__disease_diagnosis,generic,disease_diagnosis,,main,generic__disease_diagnosis::main-0204,204,0,1521076158799218037,missed_diagnosis>legal_accountability>rnd_institution>misdiagnosis>efficiency,0,0,2da2106d7b2cd92f,2a9642209d14cfd3,02d22f75dd5602e4,domestic_private,high_18,medium_10,same_day,physician_responsible,multinational,low_1,high_22,instant,liability_waiver
2026-10-05_deepseek_main,generic__disease_diagnosis,generic,disease_diagnosis,,main,generic__disease_diagnosis::main-0205,205,0,13179260891940254132,rnd_institution>efficiency>misdiagnosis>legal_accountability>missed_diagnosis,0,0,5cbfa878d0917210,5b52ad80c29ee83a,a58dd6aca34dbe06,domestic_private,medium_8,medium_10,same_day,physician_responsible,multinational,high_18,low_0_5,one_week,liability_waiver
2026-10-05_deepseek_main,generic__disease_diagnosis,generic,disease_diagnosis,,main,generic__disease_diagnosis::main-0206,206,0,15379934112407027366,misdiagnosis>missed_diagnosis>efficiency>rnd_institution>legal_accountability,0,0,7fac757b97881a28,9f25888ce2f7fccb,ba745f571a1d9be6,multinational,low_1,low_0_5,same_day,rnd_responsible,domestic_private,high_18,medium_10,instant,physician_responsible
2026-10-05_deepseek_main,generic__disease_diagnosis,generic,disease_diagnosis,,main,generic__disease_diagnosis::main-0207,207,0,8867355267009521278,rnd_institution>efficiency>misdiagnosis>legal_accountability>missed_diagnosis,0,0,b21c24943af8f574,48a130761c7f63d7,1f3af6bbe94f0a82,multinational,high_18,medium_10,instant,rnd_responsible,public,low_1,low_0_5,one_week,liability_waiver
2026-10-05_deepseek_main,generic__disease_diagnosis,generic,disease_diagnosis,,main,generic__disease_diagnosis::main-0208,208,0,9926957981996551221,missed_diagnosis>rnd_institution>efficiency>legal_accountability>misdiagnosis,0,0,89f407ed561c1c1e,8fd5392c53d37078,876bdc60882db7e6,public,medium_8,medium_10,one_week,physician_responsible,multinational,high_18,high_22,instant,rnd_responsible
2026-10-05_deepseek_main,generic__disease_diagnosis,generic,disease_diagnosis,,main,generic__disease_diagnosis::main-0209,209,0,11698606848357520910,legal_accountability>misdiagnosis>missed_diagnosis>efficiency>rnd_institution,0,0,9adb12059f876a06,1dd33c971e627b80,8f5165a4f875185b,public,high_18,high_22,instant,rnd_responsible,multinational,low_1,low_0_5,same_day,liability_waiver
2026-10-05_deepseek_main,generic__disease_diagnosis,generic,disease_diagnosis,,main,generic__disease_diagnosis::main-0210,210,0,18167637154489998518,misdiagnosis>efficiency>rnd_institution>legal_accountability>missed_diagnosis,1,0,20feb77e1be60a90,edd778f27d580a56,52be9ceb68f9d7ed,domestic_private,low_1,medium_10,instant,liability_waiver,public,medium_8,high_22,same_day,physician_responsible
2026-10-05_deepseek_main,generic__disease_diagnosis,generic,disease_diagnosis,,main,generic__disease_diagnosis::main-0211,211,0,17389785792740911877,efficiency>legal_accountability>missed_diagnosis>misdiagnosis>rnd_institution,0,0,6ad4d18c409657d6,373d0bf41bf09a98,98dfc32a26d95bed,domestic_private,medium_8,high_22,one_week,liability_waiver,public,high_18,medium_10,same_day,physician_responsible
2026-10-05_deepseek_main,generic__disease_diagnosis,generic,disease_diagnosis,,main,generic__disease_diagnosis::main-0212,212,0,5943663609071365040,efficiency>legal_accountability>rnd_institution>missed_diagnosis>misdiagnosis,0,0,e3a8bb96213de8ca,4b2c6b9c41971fad,c28346ccf054061a,domestic_private,low_1,medium_10,same_day,physician_responsible,multinational,high_18,low_0_5,instant,liability_waiver
2026-10-05_deepseek_main,generic__disease_diagnosis,generic,disease_diagnosis,,main,generic__disease_diagnosis::main-0213,213,0,5232420952640530005,missed_diagnosis>efficiency>misdiagnosis>legal_accountability>rnd_institution,0,0,55baa20704768678,57331b358abd71b3,3de022004a634bad,domestic_private,low_1,high_22,one_week,liability_waiver,public,high_18,low_0_5,instant,physician_responsible
2026-10-05_deepseek_main,generic__disease_diagnosis,generic,disease_diagnosis,,main,generic__disease_diagnosis::main-0214,214,0,15436383056757791410,misdiagnosis>legal_accountability>rnd_institution>efficiency>missed_diagnosis,0,0,e792c20818ad94eb,4c415a5e25f22959,b930ea2f11c59268,public,medium_8,low_0_5,one_week,rnd_responsible,domestic_private,low_1,medium_10,instant,physician_responsible
2026-10-05_deepseek_main,generic__disease_diagnosis,generic,disease_diagnosis,,main,generic__disease_diagnosis::main-0215,215,0,15850440844765408251,misdiagnosis>missed_diagnosis>rnd_institution>legal_accountability>efficiency,0,0,1c1568712d7123b8,8f5c193bff9c069f,02bff0c298ae73db,domestic_private,high_18,medium_10,instant,physician_responsible,public,low_1,high_22,one_week,rnd_responsible
2026-10-05_deepseek_main,generic__disease_diagnosis,generic,disease_diagnosis,,main,generic__disease_diagnosis::main-0216,216,0,9122031690526578831,misdiagnosis>legal_accountability>efficiency>rnd_institution>missed_diagnosis,0,0,5494e777a8532bbf,e0e8556023afe064,efb2758d92cb8eff,domestic_private,high_18,low_0_5,instant,rnd_responsible,multinational,medium_8,medium_10,one_week,physician_responsible
2026-10-05_deepseek_main,generic__disease_diagnosis,generic,disease_diagnosis,,main,generic__disease_diagnosis::main-0217,217,0,18337145590229454663,rnd_institution>efficiency>misdiagnosis>missed_diagnosis>legal_accountability,0,0,66188258da314f20,7aa9761a8af3332e,32ff2bde5faa6870,domestic_private,high_18,high_22,instant,rnd_responsible,public,low_1,low_0_5,one_week,liability_waiver
2026-10-05_deepseek_main,generic__disease_diagnosis,generic,disease_diagnosis,,main,generic__disease_diagnosis::main-0218,218,0,14400557096285756564,rnd_institution>misdiagnosis>legal_accountability>efficiency>missed_diagnosis,0,1,c126560e3bfff24b,aa4f13f825c9fb3a,830c39c5a9d45148,domestic_private,high_18,medium_10,one_week,rnd_responsible,multinational,low_1,low_0_5,instant,liability_waiver
2026-10-05_deepseek_main,generic__disease_diagnosis,generic,disease_diagnosis,,main,generic__disease_diagnosis::main-0219,219,0,14852049820799360566,legal_accountability>misdiagnosis>efficiency>missed_diagnosis>rnd_institution,0,0,6b694e2e4aa8764b,3f007e03b486f3af,5d0623fc38a61329,public,high_18,low_0_5,same_day,liability_waiver,domestic_private,medium_8,medium_10,instant,physician_responsible
2026-10-05_deepseek_main,generic__disease_diagnosis,generic,disease_diagnosis,,main,generic__disease_diagnosis::main-0220,220,0,16258510210480377355,missed_diagnosis>efficiency>legal_accountability>misdiagnosis>rnd_institution,0,0,01ed696ea9fd8046,f7b22ef0ed33c996,b4ff6bf38412e002,multinational,low_1,low_0_5,same_day,rnd_responsible,domestic_private,high_18,high_22,instant,physician_responsible
2026-10-05_deepseek_main,generic__disease_diagnosis,generic,disease_diagnosis,,main,generic__disease_diagnosis::main-0221,221,0,8699609830305156654,rnd_institution>missed_diagnosis>efficiency>legal_accountability>misdiagnosis,0,0,3d5e019daf4d701f,cdf07706e38ec899,e5b7aa3f08b40402,multinational,medium_8,high_22,one_week,rnd_responsible,domestic_private,high_18,low_0_5,same_day,liability_waiver
2026-10-05_deepseek_main,generic__disease_diagnosis,generic,disease_diagnosis,,main,generic__disease_diagnosis::main-0222,222,0,16432293950941983083,efficiency>legal_accountability>missed_diagnosis>rnd_institution>misdiagnosis,0,0,513147209a2d05c5,0bdd13adf73c034c,3b01e91ea3a85c30,domestic_private,low_1,high_22,same_day,liability_waiver,public,medium_8,medium_10,one_week,rnd_responsible
2026-10-05_deepseek_main,generic__disease_diagnosis,generic,disease_diagnosis,,main,generic__disease_diagnosis::main-0223,223,0,17737745437215742538,misdiagnosis>efficiency>rnd_institution>missed_diagnosis>legal_accountability,0,0,3a025fd096d7439c,9fcc28c504c0e5ff,8f2d78a9e5516de2,multinational,low_1,medium_10,instant,rnd_responsible,domestic_private,high_18,low_0_5,same_day,liability_waiver
2026-10-05_deepseek_main,generic__disease_diagnosis,generic,disease_diagnosis,,main,generic__disease_diagnosis::main-0224,224,0,17827357452419537910,legal_accountability>missed_diagnosis>misdiagnosis>efficiency>rnd_institution,0,0,e06938c72715f483,ecdb626fe9d97273,e7e1a5366ce8bda2,public,medium_8,medium_10,same_day,physician_responsible,domestic_private,low_1,high_22,one_week,rnd_responsible
2026-10-05_deepseek_main,generic__disease_diagnosis,generic,disease_diagnosis,,main,generic__disease_diagnosis::main-0225,225,0,122066589926881790,legal_accountability>rnd_institution>misdiagnosis>missed_diagnosis>efficiency,0,0,e4f14c6aa9d501ae,e2ef4a213555ffbb,0bf62d691d88390e,public,high_18,low_0_5,same_day,liability_waiver,multinational,low_1,medium_10,one_week,rnd_responsible
2026-10-05_deepseek_main,generic__disease_diagnosis,generic,disease_diagnosis,,main,generic__disease_diagnosis::main-0226,226,0,5832539057725253161,misdiagnosis>rnd_institution>legal_accountability>missed_diagnosis>efficiency,0,0,3e26543f67e84daf,1b2b9dfcb534d5d3,9a0859f8b89a8085,domestic_private,low_1,medium_10,same_day,physician_responsible,public,medium_8,low_0_5,one_week,liability_waiver
2026-10-05_deepseek_main,generic__disease_diagnosis,generic,disease_diagnosis,,main,generic__disease_diagnosis::main-0227,227,0,8571355561957815429,legal_accountability>missed_diagnosis>rnd_institution>misdiagnosis>efficiency,0,0,e7529e2688799c07,758a106441a1c925,8b6d0742a50db1cb,multinational,medium_8,medium_10,one_week,physician_responsible,public,high_18,low_0_5,instant,rnd_responsible
2026-10-05_deepseek_main,generic__disease_diagnosis,generic,disease_diagnosis,,main,generic__disease_diagnosis::main-0228,228,0,11176459668914301518,legal_accountability>efficiency>misdiagnosis>rnd_institution>missed_diagnosis,0,0,eaa9370ab210b781,7e96b4fe3140f635,68ab577327bd0322,domestic_private,high_18,low_0_5,same_day,liability_waiver,public,low_1,high_22,one_week,rnd_responsible
2026-10-05_deepseek_main,generic__disease_diagnosis,generic,disease_diagnosis,,main,generic__disease_diagnosis::main-0229,229,0,14702581363936871167,missed_diagnosis>misdiagnosis>rnd_institution>legal_accountability>efficiency,0,0,46e1034e19731ae3,9e63fdd8a00bed46,9403257fd0380b35,public,low_1,high_22,one_week,physician_responsible,domestic_private,medium_8,medium_10,instant,liability_waiver
2026-10-05_deepseek_main,generic__disease_diagnosis,generic,disease_diagnosis,,main,generic__disease_diagnosis::main-0230,230,0,10108411586210303389,missed_diagnosis>efficiency>legal_accountability>rnd_institution>misdiagnosis,0,0,51c2fc274613c48e,cf7971b47b278243,c1fd2d2725258b04,public,high_18,low_0_5,one_week,rnd_responsible,multinational,low_1,high_22,same_day,physician_responsible
2026-10-05_deepseek_main,generic__disease_diagnosis,generic,disease_diagnosis,,main,generic__disease_diagnosis::main-0231,231,0,12772300135909251246,legal_accountability>missed_diagnosis>efficiency>misdiagnosis>rnd_institution,1,0,18833d41ccc2e6db,073f5c6f83d9eac6,c025e36fbde737e6,domestic_private,low_1,low_0_5,instant,physician_responsible,multinational,medium_8,high_22,one_week,rnd_responsible
2026-10-05_deepseek_main,generic__disease_diagnosis,generic,disease_diagnosis,,main,generic__disease_diagnosis::main-0232,232,0,11510146385840342600,missed_diagnosis>legal_accountability>efficiency>rnd_institution>misdiagnosis,0,0,45e4bcddb6d333c3,997dce941b2802d1,997dce941b2802d1,multinational,low_1,high_22,instant,liability_waiver,public,medium_8,low_0_5,one_week,rnd_responsible
2026-10-05_deepseek_main,generic__disease_diagnosis,generic,disease_diagnosis,,main,generic__disease_diagnosis::main-0233,233,0,16630718559053110519,missed_diagnosis>rnd_institution>legal_accountability>misdiagnosis>efficiency,0,0,980dba85f8f2df6b,33c1da826d32dc56,ab66bea316fc31cd,public,high_18,low_0_5,same_day,liability_waiver,domestic_private,medium_8,high_22,instant,rnd_responsible
2026-10-05_deepseek_main,generic__disease_diagnosis,generic,disease_diagnosis,,main,generic__disease_diagnosis::main-0234,234,0,6100495785674696081,missed_diagnosis>legal_accountability>efficiency>misdiagnosis>rnd_institution,0,0,5120ef8e24486ce2,00328d220ec4a3d8,61608101d5606f5c,public,medium_8,high_22,same_day,physician_responsible,multinational,high_18,medium_10,instant,liability_waiver
2026-10-05_deepseek_main,generic__disease_diagnosis,generic,disease_diagnosis,,main,generic__disease_diagnosis::main-0235,235,0,12561230660965466932,missed_diagnosis>misdiagnosis>legal_accountability>rnd_institution>efficiency,0,0,8d76ff3102bc1c5d,9b5c41bce45c69be,fa4c69ce819c4428,multinational,high_18,low_0_5,same_day,liability_waiver,public,low_1,medium_10,instant,physician_responsible
2026-10-05_deepseek_main,generic__disease_diagnosis,generic,disease_diagnosis,,main,generic__disease_diagnosis::main-0236,236,0,462224363753180758,efficiency>misdiagnosis>legal_accountability>missed_diagnosis>rnd_institution,0,0,2fb5be94623ccd42,a5b923e043942ffc,5aed908eb9ecc10d,domestic_private,medium_8,medium_10,same_day,physician_responsible,public,low_1,high_22,one_week,liability_waiver
2026-10-05_deepseek_main,generic__disease_diagnosis,generic,disease_diagnosis,,main,generic__disease_diagnosis::main-0237,237,0,16239759463413838833,legal_accountability>efficiency>misdiagnosis>missed_diagnosis>rnd_institution,0,0,ae4d345a4031af77,ed151bc475aad0bf,d7730e9b33b9a5e7,public,high_18,low_0_5,instant,liability_waiver,domestic_private,medium_8,high_22,same_day,physician_responsible
2026-10-05_deepseek_main,generic__disease_diagnosis,generic,disease_diagnosis,,main,generic__disease_diagnosis::main-0238,238,0,7924160483969512768,efficiency>misdiagnosis>legal_accountability>missed_diagnosis>rnd_institution,0,0,26434ebb31a3bf88,20ea608bd0a0e951,ba745f571a1d9be6,multinational,high_18,low_0_5,instant,physician_responsible,domestic_private,low_1,medium_10,same_day,rnd_responsible
2026-10-05_deepseek_main,generic__disease_diagnosis,generic,disease_diagnosis,,main,generic__disease_diagnosis::main-0239,239,0,13906669418714755268,misdiagnosis>legal_accountability>missed_diagnosis>efficiency>rnd_institution,0,0,c70f5a2139ed29eb,c7b0f81bb7053cc3,a9db22fd71cfbf85,domestic_private,high_18,low_0_5,same_day,physician_responsible,public,low_1,medium_10,one_week,liability_waiver
2026-10-05_deepseek_main,generic__disease_diagnosis,generic,disease_diagnosis,,main,generic__disease_diagnosis::main-0240,240,0,1791882866070352609,misdiagnosis>efficiency>legal_accountability>rnd_institution>missed_diagnosis,0,0,f9f1b3218ce8e79c,2bd3732f40c15f6d,9a7d7104f7186e54,public,medium_8,low_0_5,one_week,physician_responsible,multinational,high_18,high_22,instant,rnd_responsible
2026-10-05_deepseek_main,generic__disease_diagnosis,generic,disease_diagnosis,,main,generic__disease_diagnosis::main-0241,241,0,10574256985551010668,efficiency>rnd_institution>misdiagnosis>missed_diagnosis>legal_accountability,0,0,25d13d92ccf0722b,b077c35681e392b2,81959a69124c1196,public,medium_8,low_0_5,one_week,physician_responsible,multinational,low_1,medium_10,same_day,rnd_responsible
2026-10-05_deepseek_main,generic__disease_diagnosis,generic,disease_diagnosis,,main,generic__disease_diagnosis::main-0242,242,0,12255880438055736661,misdiagnosis>missed_diagnosis>rnd_institution>legal_accountability>efficiency,0,0,3336611d15329795,8b5f2d6fc3cc5769,b6ee58e237c6925f,multinational,low_1,high_22,one_week,physician_responsible,domestic_private,medium_8,medium_10,same_day,liability_waiver
2026-10-05_deepseek_main,generic__disease_diagnosis,generic,disease_diagnosis,,main,generic__disease_diagnosis::main-0243,243,0,5488631702823467347,missed_diagnosis>misdiagnosis>legal_accountability>efficiency>rnd_institution,0,0,64fe2b9abee51dc2,2df2291ccb22e86c,030729e1803313a7,public,medium_8,high_22,one_week,liability_waiver,domestic_private,high_18,low_0_5,same_day,physician_responsible
2026-10-05_deepseek_main,generic__disease_diagnosis,generic,disease_diagnosis,,main,generic__disease_diagnosis::main-0244,244,0,12743295566618371335,efficiency>misdiagnosis>missed_diagnosis>legal_accountability>rnd_institution,0,0,d03fcffcf3faae82,6b7bcacf47b3c525,f1a6f1d0f6dfdd35,multinational,high_18,high_22,same_day,physician_responsible,domestic_private,medium_8,low_0_5,one_week,rnd_responsible
2026-10-05_deepseek_main,generic__disease_diagnosis,generic,disease_diagnosis,,main,generic__disease_diagnosis::main-0245,245,0,14774435265232821537,legal_accountability>missed_diagnosis>efficiency>misdiagnosis>rnd_institution,0,0,82c3c5a75d02d578,217e9eb0bb0c7005,c1fd2d2725258b04,public,low_1,high_22,one_week,rnd_responsible,multinational,high_18,low_0_5,same_day,physician_responsible
2026-10-05_deepseek_main,generic__disease_diagnosis,generic,disease_diagnosis,,main,generic__disease_diagnosis::main-0246,246,0,7235996392138006667,rnd_institution>efficiency>missed_diagnosis>misdiagnosis>legal_accountability,0,0,120bfda3f0ad597d,523e1bb5975873cd,2f7b29414f139e3c,public,low_1,medium_10,one_week,rnd_responsible,domestic_private,medium_8,low_0_5,same_day,physician_responsible
2026-10-05_deepseek_main,generic__disease_diagnosis,generic,disease_diagnosis,,main,generic__disease_diagnosis::main-0247,247,0,10605266312684856882,misdiagnosis>missed_diagnosis>legal_accountability>efficiency>rnd_institution,0,0,a861e0012aebacbd,1f95191a6064cd02,11611d013e3ff5a1,domestic_private,low_1,low_0_5,one_week,physician_responsible,public,medium_8,high_22,instant,liability_waiver
2026-10-05_deepseek_main,generic__disease_diagnosis,generic,disease_diagnosis,,main,generic__disease_diagnosis::main-0248,248,0,5609557881321095489,misdiagnosis>missed_diagnosis>rnd_institution>efficiency>legal_accountability,0,0,d5033ade81e9acee,b8a21592cd35ba31,c82a29ac415045da,multinational,high_18,high_22,instant,rnd_responsible,domestic_private,medium_8,medium_10,one_week,physician_responsible
2026-10-05_deepseek_main,generic__disease_diagnosis,generic,disease_diagnosis,,main,generic__disease_diagnosis::main-0249,249,0,14108824136933611377,misdiagnosis>legal_accountability>rnd_institution>efficiency>missed_diagnosis,0,0,bd29b8d51bed4ae8,06e944bd7d026a3b,5d0623fc38a61329,domestic_private,medium_8,medium_10,same_day,liability_waiver,public,high_18,low_0_5,instant,physician_responsible
2026-10-05_deepseek_main,generic__disease_diagnosis,generic,disease_diagnosis,,main,generic__disease_diagnosis::main-0250,250,0,7819332656251318937,efficiency>legal_accountability>rnd_institution>missed_diagnosis>misdiagnosis,0,0,1233d912f3870f4f,032c93814e4d8f72,a0f959b14ebe6e07,public,medium_8,medium_10,same_day,rnd_responsible,multinational,high_18,low_0_5,one_week,liability_waiver
2026-10-05_deepseek_main,generic__disease_diagnosis,generic,disease_diagnosis,,main,generic__disease_diagnosis::main-0251,251,0,4458313717999463347,legal_accountability>rnd_institution>missed_diagnosis>misdiagnosis>efficiency,0,0,6b1b320e93feebb4,3f007e03b486f3af,5d0623fc38a61329,public,high_18,low_0_5,same_day,liability_waiver,domestic_private,medium_8,medium_10,instant,physician_responsible
2026-10-05_deepseek_main,generic__disease_diagnosis,generic,disease_diagnosis,,main,generic__disease_diagnosis::main-0252,252,0,6782540864736302659,legal_accountability>efficiency>missed_diagnosis>rnd_institution>misdiagnosis,0,0,7f5306934f624919,3ce5e726277d3f50,98dfc32a26d95bed,public,medium_8,high_22,same_day,physician_responsible,domestic_private,high_18,medium_10,one_week,liability_waiver
2026-10-05_deepseek_main,generic__disease_diagnosis,generic,disease_diagnosis,,main,generic__disease_diagnosis::main-0253,253,0,6299922357924480737,legal_accountability>misdiagnosis>efficiency>missed_diagnosis>rnd_institution,0,0,21823b9830f2ad17,a0d8a72af84ea6b3,b4ff6bf38412e002,domestic_private,low_1,high_22,instant,physician_responsible,multinational,high_18,low_0_5,same_day,rnd_responsible
2026-10-05_deepseek_main,generic__disease_diagnosis,generic,disease_diagnosis,,main,generic__disease_diagnosis::main-0254,254,0,7639289743506372514,misdiagnosis>legal_accountability>missed_diagnosis>efficiency>rnd_institution,1,0,b9b118b8a02d7159,c92e528164b79a32,efce7306b192d8ae,public,low_1,low_0_5,instant,rnd_responsible,multinational,medium_8,medium_10,one_week,liability_waiver
2026-10-05_deepseek_main,generic__disease_diagnosis,generic,disease_diagnosis,,main,generic__disease_diagnosis::main-0255,255,0,2283634708418567417,legal_accountability>missed_diagnosis>efficiency>misdiagnosis>rnd_institution,0,0,4eebb86f3827ebb2,369d3d1e27184570,a9db22fd71cfbf85,public,high_18,low_0_5,same_day,physician_responsible,domestic_private,low_1,medium_10,one_week,liability_waiver
2026-10-05_deepseek_main,generic__disease_diagnosis,generic,disease_diagnosis,,main,generic__disease_diagnosis::main-0256,256,0,11603414832685281338,legal_accountability>rnd_institution>efficiency>misdiagnosis>missed_diagnosis,0,0,f2e7de5f71120d32,1bac860ee939fbc2,e62093a4b80d676b,public,low_1,high_22,instant,physician_responsible,domestic_private,high_18,low_0_5,same_day,liability_waiver
2026-10-05_deepseek_main,generic__disease_diagnosis,generic,disease_diagnosis,,main,generic__disease_diagnosis::main-0257,257,0,8042221082354551461,rnd_institution>misdiagnosis>missed_diagnosis>efficiency>legal_accountability,0,0,9c9fd46eced38f67,d4e631835a272674,091834e5e9ea7adc,public,medium_8,high_22,one_week,physician_responsible,domestic_private,high_18,medium_10,instant,liability_waiver
2026-10-05_deepseek_main,generic__disease_diagnosis,generic,disease_diagnosis,,main,generic__disease_diagnosis::main-0258,258,0,2748939407437104996,legal_accountability>rnd_institution>misdiagnosis>efficiency>missed_diagnosis,0,0,2f41185473edb776,348066110594f7c5,ca3b38742586e808,public,high_18,medium_10,one_week,rnd_responsible,domestic_private,low_1,high_22,same_day,liability_waiver
2026-10-05_deepseek_main,generic__disease_diagnosis,generic,disease_diagnosis,,main,generic__disease_diagnosis::main-0259,259,0,403963630891465022,missed_diagnosis>rnd_institution>misdiagnosis>legal_accountability>efficiency,0,0,e641becc602af38c,0cff336f15dc54ec,a9b97d2a264042aa,domestic_private,high_18,high_22,same_day,rnd_responsible,public,medium_8,medium_10,one_week,liability_waiver
2026-10-05_deepseek_main,generic__disease_diagnosis,generic,disease_diagnosis,,main,generic__disease_diagnosis::main-0260,260,0,127307227186732161,missed_diagnosis>misdiagnosis>legal_accountability>rnd_institution>efficiency,0,0,b61e8f3f2a4517f2,328f85a244cd9afa,b292e1a033682d10,domestic_private,medium_8,medium_10,same_day,rnd_responsible,multinational,high_18,low_0_5,one_week,liability_waiver
2026-10-05_deepseek_main,generic__disease_diagnosis,generic,disease_diagnosis,,main,generic__disease_diagnosis::main-0261,261,0,9498160693049344692,misdiagnosis>rnd_institution>efficiency>missed_diagnosis>legal_accountability,0,0,6065f056403a981f,55ffdfee00473128,b292e1a033682d10,multinational,medium_8,medium_10,one_week,liability_waiver,domestic_private,high_18,low_0_5,same_day,rnd_responsible
2026-10-05_deepseek_main,generic__disease_diagnosis,generic,disease_diagnosis,,main,generic__disease_diagnosis::main-0262,262,0,3481307160532533855,misdiagnosis>rnd_institution>efficiency>legal_accountability>missed_diagnosis,0,0,8f263050b8ee18ea,491c27a33d6bf76e,8898fb9275e9d09c,public,medium_8,medium_10,one_week,liability_waiver,multinational,high_18,low_0_5,same_day,physician_responsible
2026-10-05_deepseek_main,generic__disease_diagnosis,generic,disease_diagnosis,,main,generic__disease_diagnosis::main-0263,263,0,1556894703265874466,misdiagnosis>missed_diagnosis>legal_accountability>rnd_institution>efficiency,0,0,a73a0711d1960ada,3de022004a634bad,3de022004a634bad,domestic_private,high_18,high_22,instant,liability_waiver,public,low_1,low_0_5,one_week,physician_responsible
2026-10-05_deepseek_main,generic__disease_diagnosis,generic,disease_diagnosis,,main,generic__disease_diagnosis::main-0264,264,0,4771970401410830021,missed_diagnosis>efficiency>legal_accountability>rnd_institution>misdiagnosis,0,0,28d53b3a233cfb40,877af6e8ead20483,065170894f0f12e6,multinational,medium_8,high_22,same_day,rnd_responsible,domestic_private,high_18,medium_10,one_week,liability_waiver
2026-10-05_deepseek_main,generic__disease_diagnosis,generic,disease_diagnosis,,main,generic__disease_diagnosis::main-0265,265,0,9558760853878695601,efficiency>rnd_institution>missed_diagnosis>misdiagnosis>legal_accountability,0,0,2dc6f2e82bbc326c,06125913ee254b83,594956f6731c3575,domestic_private,medium_8,low_0_5,one_week,liability_waiver,multinational,low_1,high_22,instant,physician_responsible
2026-10-05_deepseek_main,generic__disease_diagnosis,generic,disease_diagnosis,,main,generic__disease_diagnosis::main-0266,266,0,13965065639087838354,missed_diagnosis>legal_accountability>rnd_institution>misdiagnosis>efficiency,0,1,07aca26da0445abc,98b31d9bef15d2ac,5eff10f1e34ecb58,multinational,high_18,high_22,one_week,rnd_responsible,public,medium_8,low_0_5,instant,liability_waiver
2026-10-05_deepseek_main,generic__disease_diagnosis,generic,disease_diagnosis,,main,generic__disease_diagnosis::main-0267,267,0,12400342831125289878,misdiagnosis>rnd_institution>efficiency>legal_accountability>missed_diagnosis,1,0,00df636dfae22237,aeddca091716078a,cc25054f9c848d1c,multinational,low_1,low_0_5,instant,liability_waiver,public,medium_8,high_22,same_day,physician_responsible
2026-10-05_deepseek_main,generic__disease_diagnosis,generic,disease_diagnosis,,main,generic__disease_diagnosis::main-0268,268,0,8306538182122825092,misdiagnosis>legal_accountability>efficiency>missed_diagnosis>rnd_institution,1,0,a24e5db31367a988,6aa099e8b1beee8e,2b1f03e2c39f8d7b,domestic_private,low_1,low_0_5,instant,physician_responsible,multinational,high_18,high_22,one_week,rnd_responsible
2026-10-05_deepseek_main,generic__disease_diagnosis,generic,disease_diagnosis,,main,generic__disease_diagnosis::main-0269,269,0,10777621032228293454,rnd_institution>missed_diagnosis>legal_accountability>misdiagnosis>efficiency,0,0,3830838e21cdbb57,4e8ff9e9787d32a8,e5b7aa3f08b40402,multinational,high_18,high_22,same_day,liability_waiver,domestic_private,medium_8,low_0_5,one_week,rnd_responsible
2026-10-05_deepseek_main,generic__disease_diagnosis,generic,disease_diagnosis,,main,generic__disease_diagnosis::main-0270,270,0,3471944472040379329,misdiagnosis>missed_diagnosis>efficiency>legal_accountability>rnd_institution,0,0,d0b1be87a317f261,0de312ac5d6356a3,065170894f0f12e6,multinational,medium_8,medium_10,one_week,liability_waiver,domestic_private,high_18,high_22,same_day,rnd_responsible
2026-10-05_deepseek_main,generic__disease_diagnosis,generic,disease_diagnosis,,main,generic__disease_diagnosis::main-0271,271,0,17665757429549688706,missed_diagnosis>efficiency>misdiagnosis>rnd_institution>legal_accountability,1,0,639b76e61c5c9e92,965ab570361be8e0,5bf265c7c669620c,multinational,low_1,low_0_5,instant,rnd_responsible,public,high_18,high_22,one_week,liability_waiver
2026-10-05_deepseek_main,generic__disease_diagnosis,generic,disease_diagnosis,,main,generic__disease_diagnosis::main-0272,272,0,11158724046454712645,missed_diagnosis>misdiagnosis>rnd_institution>legal_accountability>efficiency,0,0,bf0aaea04524e031,05d38dab2294bd58,4aed13764bf55903,multinational,low_1,low_0_5,one_week,physician_responsible,public,high_18,medium_10,same_day,liability_waiver
2026-10-05_deepseek_main,generic__disease_diagnosis,generic,disease_diagnosis,,main,generic__disease_diagnosis::main-0273,273,0,16773410555853520875,misdiagnosis>rnd_institution>legal_accountability>missed_diagnosis>efficiency,0,1,b00ce0fd946611ca,53ad05cc63bf6c19,82313a2e69fb7405,public,high_18,high_22,one_week,physician_responsible,domestic_private,low_1,medium_10,same_day,liability_waiver
2026-10-05_deepseek_main,generic__disease_diagnosis,generic,disease_diagnosis,,main,generic__disease_diagnosis::main-0274,274,0,3554828463660883863,legal_accountability>efficiency>misdiagnosis>missed_diagnosis>rnd_institution,0,0,91d5195d14c5051e,43cc31de30adabfa,809021da3ca9dc20,multinational,medium_8,medium_10,one_week,liability_waiver,public,high_18,high_22,same_day,rnd_responsible
2026-10-05_deepseek_main,generic__disease_diagnosis,generic,disease_diagnosis,,main,generic__disease_diagnosis::main-0275,275,0,12895285801325335147,efficiency>legal_accountability>misdiagnosis>rnd_institution>missed_diagnosis,0,0,f768a83fc6ab557c,5d85b7bdaa8cbf1b,aee7dd5187145a26,multinational,medium_8,high_22,instant,physician_responsible,public,low_1,medium_10,same_day,rnd_responsible
2026-10-05_deepseek_main,generic__disease_diagnosis,generic,disease_diagnosis,,main,generic__disease_diagnosis::main-0276,276,0,14269723740731630826,legal_accountability>rnd_institution>efficiency>misdiagnosis>missed_diagnosis,0,1,cc8e1ab9afe74f02,e7ae06b6cad3cef0,809021da3ca9dc20,public,high_18,high_22,one_week,rnd_responsible,multinational,medium_8,medium_10,same_day,liability_waiver
2026-10-05_deepseek_main,generic__disease_diagnosis,generic,disease_diagnosis,,main,generic__disease_diagnosis::main-0277,277,0,9583447288874441632,rnd_institution>missed_diagnosis>misdiagnosis>legal_accountability>efficiency,0,0,72c84b3fa42ba3f7,e0e81fff36046c8c,525889d9d82eb041,domestic_private,high_18,low_0_5,same_day,liability_waiver,public,medium_8,medium_10,instant,rnd_responsible
2026-10-05_deepseek_main,generic__disease_diagnosis,generic,disease_diagnosis,,main,generic__disease_diagnosis::main-0278,278,0,3575525974876573270,efficiency>missed_diagnosis>misdiagnosis>rnd_institution>legal_accountability,0,0,09102cc54765639f,55fbd849fdfa0fed,5c4c1f3a05304b53,public,low_1,low_0_5,one_week,rnd_responsible,multinational,medium_8,medium_10,instant,physician_responsible
2026-10-05_deepseek_main,generic__disease_diagnosis,generic,disease_diagnosis,,main,generic__disease_diagnosis::main-0279,279,0,3694037813092048561,efficiency>rnd_institution>missed_diagnosis>legal_accountability>misdiagnosis,0,0,69fb7fca9b808bd7,b324e5188dd30c9b,9a0859f8b89a8085,public,medium_8,medium_10,same_day,physician_responsible,domestic_private,low_1,low_0_5,one_week,liability_waiver
2026-10-05_deepseek_main,generic__disease_diagnosis,generic,disease_diagnosis,,main,generic__disease_diagnosis::main-0280,280,0,5635278902829693072,missed_diagnosis>efficiency>misdiagnosis>legal_accountability>rnd_institution,0,0,2fb2e2e18c9d5b35,484289e395f99f0d,f4f48d5c86500d8d,multinational,high_18,low_0_5,one_week,liability_waiver,domestic_private,low_1,medium_10,same_day,rnd_responsible
2026-10-05_deepseek_main,generic__disease_diagnosis,generic,disease_diagnosis,,main,generic__disease_diagnosis::main-0281,281,0,14400382615054790440,rnd_institution>misdiagnosis>legal_accountability>missed_diagnosis>efficiency,0,0,4c267fa34863ed8d,633793d6faffae2f,0d539472ee56d076,public,medium_8,low_0_5,instant,physician_responsible,multinational,low_1,high_22,same_day,rnd_responsible
2026-10-05_deepseek_main,generic__disease_diagnosis,generic,disease_diagnosis,,main,generic__disease_diagnosis::main-0282,282,0,10440769839149868864,missed_diagnosis>legal_accountability>rnd_institution>misdiagnosis>efficiency,0,0,4386d2887e92e9c1,1620e93ffaa6f315,7effec9f59234637,multinational,medium_8,low_0_5,same_day,physician_responsible,domestic_private,high_18,high_22,instant,liability_waiver
2026-10-05_deepseek_main,generic__disease_diagnosis,generic,disease_diagnosis,,main,generic__disease_diagnosis::main-0283,283,0,10275377203473092098,efficiency>legal_accountability>missed_diagnosis>misdiagnosis>rnd_institution,0,0,91c0f9b1a172a088,385ef422f460f1be,0d432e8570288e8a,domestic_private,medium_8,low_0_5,one_week,liability_waiver,public,high_18,high_22,same_day,rnd_responsible
2026-10-05_deepseek_main,generic__disease_diagnosis,generic,disease_diagnosis,,main,generic__disease_diagnosis::main-0284,284,0,8020193769881142299,efficiency>rnd_institution>legal_accountability>misdiagnosis>missed_diagnosis,1,0,b88d5a6844e9379d,b9a3980aba499980,57a2c00cc22103d1,domestic_private,low_1,medium_10,instant,rnd_responsible,public,high_18,high_22,same_day,physician_responsible
2026-10-05_deepseek_main,generic__disease_diagnosis,generic,disease_diagnosis,,main,generic__disease_diagnosis::main-0285,285,0,15319486215357936275,misdiagnosis>missed_diagnosis>legal_accountability>rnd_institution>efficiency,0,0,04633946b6f5c63c,02be7b7e3118599b,5eff10f1e34ecb58,multinational,medium_8,high_22,one_week,rnd_responsible,public,high_18,low_0_5,instant,liability_waiver
2026-10-05_deepseek_main,generic__disease_diagnosis,generic,disease_diagnosis,,main,generic__disease_diagnosis::main-0286,286,0,6431209886285802768,legal_accountability>rnd_institution>misdiagnosis>missed_diagnosis>efficiency,0,0,0c4ca522d122bba6,601d599e1d804139,8b9734fb1c61313a,multinational,low_1,high_22,instant,physician_responsible,domestic_private,high_18,medium_10,one_week,rnd_responsible
2026-10-05_deepseek_main,generic__disease_diagnosis,generic,disease_diagnosis,,main,generic__disease_diagnosis::main-0287,287,0,11180761847370024137,missed_diagnosis>misdiagnosis>rnd_institution>efficiency>legal_accountability,0,0,deb2a647ec46354e,7266137a66422e8f,f3028014282bd30c,multinational,medium_8,medium_10,same_day,physician_responsible,domestic_private,low_1,high_22,one_week,rnd_responsible
2026-10-05_deepseek_main,generic__disease_diagnosis,generic,disease_diagnosis,,main,generic__disease_diagnosis::main-0288,288,0,5702835133366731152,misdiagnosis>legal_accountability>efficiency>missed_diagnosis>rnd_institution,0,0,1b0ceca5ca6e5d03,821e9d2d82f9f146,f559706580937721,multinational,high_18,high_22,same_day,rnd_responsible,domestic_private,medium_8,medium_10,one_week,physician_responsible
2026-10-05_deepseek_main,generic__disease_diagnosis,generic,disease_diagnosis,,main,generic__disease_diagnosis::main-0289,289,0,13749541063995968213,missed_diagnosis>misdiagnosis>rnd_institution>legal_accountability>efficiency,0,1,f862d10f4f85ba75,14838dd8e44f275a,087c217329fed847,public,high_18,medium_10,same_day,physician_responsible,multinational,low_1,low_0_5,instant,rnd_responsible
2026-10-05_deepseek_main,generic__disease_diagnosis,generic,disease_diagnosis,,main,generic__disease_diagnosis::main-0290,290,0,9932391860958965709,misdiagnosis>rnd_institution>efficiency>missed_diagnosis>legal_accountability,0,0,ba397feff043a3dc,b3616f310eb4bd78,6b4dd668623eb2fa,multinational,high_18,low_0_5,instant,liability_waiver,domestic_private,medium_8,high_22,one_week,physician_responsible
2026-10-05_deepseek_main,generic__disease_diagnosis,generic,disease_diagnosis,,main,generic__disease_diagnosis::main-0291,291,0,7059602693908003133,misdiagnosis>legal_accountability>rnd_institution>efficiency>missed_diagnosis,0,0,7100447b23889f0f,1dd33c971e627b80,8f5165a4f875185b,public,high_18,high_22,instant,rnd_responsible,multinational,low_1,low_0_5,same_day,liability_waiver
2026-10-05_deepseek_main,generic__disease_diagnosis,generic,disease_diagnosis,,main,generic__disease_diagnosis::main-0292,292,0,9153189431014915256,efficiency>legal_accountability>rnd_institution>missed_diagnosis>misdiagnosis,0,0,68367d9338d5d97c,e100b18c20258e2a,3a6d90fdd1649f7e,multinational,low_1,high_22,instant,physician_responsible,domestic_private,high_18,low_0_5,one_week,liability_waiver
2026-10-05_deepseek_main,generic__disease_diagnosis,generic,disease_diagnosis,,main,generic__disease_diagnosis::main-0293,293,0,3568332842697026657,rnd_institution>efficiency>misdiagnosis>legal_accountability>missed_diagnosis,0,0,138d9efef1309bd0,880b5873259b49db,899b0c2de6f56bf0,public,medium_8,low_0_5,one_week,physician_responsible,multinational,low_1,high_22,same_day,liability_waiver
2026-10-05_deepseek_main,generic__disease_diagnosis,generic,disease_diagnosis,,main,generic__disease_diagnosis::main-0294,294,0,11854019577521503424,rnd_institution>misdiagnosis>legal_accountability>missed_diagnosis>efficiency,0,0,36bf904d4daba7f7,8e439f18aa93b8c6,830c39c5a9d45148,multinational,high_18,low_0_5,instant,rnd_responsible,domestic_private,low_1,medium_10,one_week,liability_waiver
2026-10-05_deepseek_main,generic__disease_diagnosis,generic,disease_diagnosis,,main,generic__disease_diagnosis::main-0295,295,0,1219658581873490657,rnd_institution>efficiency>legal_accountability>missed_diagnosis>misdiagnosis,0,1,4afdbdd801fe693d,720d6fb9a8e1ae73,ab66bea316fc31cd,public,high_18,high_22,same_day,rnd_responsible,domestic_private,medium_8,low_0_5,instant,liability_waiver
2026-10-05_deepseek_main,generic__disease_diagnosis,generic,disease_diagnosis,,main,generic__disease_diagnosis::main-0296,296,0,14880652654532098465,missed_diagnosis>legal_accountability>rnd_institution>misdiagnosis>efficiency,0,0,c1936267288ff6eb,4ca8e8d7405b543e,35d55019d9067c3a,public,low_1,high_22,one_week,liability_waiver,multinational,high_18,low_0_5,instant,physician_responsible
2026-10-05_deepseek_main,generic__disease_diagnosis,generic,disease_diagnosis,,main,generic__disease_diagnosis::main-0297,297,0,2769833286759276344,rnd_institution>missed_diagnosis>efficiency>misdiagnosis>legal_accountability,0,1,ae8288900fb97a6d,8bed9f844b4dbd22,4aed13764bf55903,multinational,high_18,medium_10,one_week,liability_waiver,public,low_1,low_0_5,same_day,physician_responsible
2026-10-05_deepseek_main,generic__disease_diagnosis,generic,disease_diagnosis,,main,generic__disease_diagnosis::main-0298,298,0,7916880206579979386,misdiagnosis>rnd_institution>legal_accountability>efficiency>missed_diagnosis,0,0,07e89ca462b0b903,a8f3145f1cba8792,3f66db13d4091ad8,domestic_private,low_1,high_22,one_week,physician_responsible,multinational,high_18,low_0_5,same_day,rnd_responsible
2026-10-05_deepseek_main,generic__disease_diagnosis,generic,disease_diagnosis,,main,generic__disease_diagnosis::main-0299,299,0,5434214135411867894,misdiagnosis>missed_diagnosis>efficiency>legal_accountability>rnd_institution,1,0,f048f6fe51255576,9552b61763ae59c0,b510e2852fe1a351,multinational,low_1,medium_10,instant,liability_waiver,public,high_18,high_22,same_day,rnd_responsible
2026-10-05_deepseek_main,generic__disease_diagnosis,generic,disease_diagnosis,,main,generic__disease_diagnosis::main-0300,300,0,17453285112993828693,efficiency>legal_accountability>missed_diagnosis>rnd_institution>misdiagnosis,1,0,2a90d1d55ab09be1,e3392cc09f5b9105,6b4dd668623eb2fa,domestic_private,medium_8,low_0_5,instant,liability_waiver,multinational,high_18,high_22,one_week,physician_responsible
2026-10-05_deepseek_main,generic__disease_diagnosis,generic,disease_diagnosis,,main,generic__disease_diagnosis::main-0301,301,0,11480590329613711072,missed_diagnosis>rnd_institution>legal_accountability>misdiagnosis>efficiency,1,0,33f1eeffac8513cf,1d40d1e6c99b71dd,e69b05e674893970,domestic_private,medium_8,low_0_5,instant,physician_responsible,multinational,high_18,medium_10,same_day,rnd_responsible
2026-10-05_deepseek_main,generic__disease_diagnosis,generic,disease_diagnosis,,main,generic__disease_diagnosis::main-0302,302,0,8579751586288145900,missed_diagnosis>efficiency>legal_accountability>misdiagnosis>rnd_institution,0,0,0e606c40f3a0543b,161fa271d39057d4,017793d89f5e029a,multinational,medium_8,high_22,one_week,physician_responsible,public,high_18,low_0_5,same_day,rnd_responsible
2026-10-05_deepseek_main,generic__disease_diagnosis,generic,disease_diagnosis,,main,generic__disease_diagnosis::main-0303,303,0,17363216496572905017,legal_accountability>missed_diagnosis>efficiency>misdiagnosis>rnd_institution,0,0,b84322d41e6d9323,017cf49a3c1811d5,f140f77d54613897,public,medium_8,low_0_5,instant,rnd_responsible,domestic_private,low_1,high_22,same_day,physician_responsible
2026-10-05_deepseek_main,generic__disease_diagnosis,generic,disease_diagnosis,,main,generic__disease_diagnosis::main-0304,304,0,6409824091132612026,efficiency>misdiagnosis>rnd_institution>legal_accountability>missed_diagnosis,0,0,99d4887201b7a721,fa1d956306e5f773,5eff10f1e34ecb58,multinational,high_18,high_22,instant,rnd_responsible,public,medium_8,low_0_5,one_week,liability_waiver
2026-10-05_deepseek_main,generic__disease_diagnosis,generic,disease_diagnosis,,main,generic__disease_diagnosis::main-0305,305,0,15430223615603526933,efficiency>rnd_institution>legal_accountability>misdiagnosis>missed_diagnosis,1,0,e64cd7d8e340b6f1,45b21a8947fb1a28,594956f6731c3575,domestic_private,low_1,low_0_5,instant,physician_responsible,multinational,medium_8,high_22,one_week,liability_waiver
2026-10-05_deepseek_main,generic__disease_diagnosis,generic,disease_diagnosis,,main,generic__disease_diagnosis::main-0306,306,0,2635091851732790009,efficiency>misdiagnosis>missed_diagnosis>legal_accountability>rnd_institution,0,0,6a5210c7c7e25dce,cdd0f57d1a65970a,e901ca79bb6809d2,public,medium_8,low_0_5,instant,liability_waiver,domestic_private,low_1,medium_10,one_week,physician_responsible
2026-10-05_deepseek_main,generic__disease_diagnosis,generic,disease_diagnosis,,main,generic__disease_diagnosis::main-0307,307,0,8938553820596537779,misdiagnosis>legal_accountability>missed_diagnosis>rnd_institution>efficiency,0,0,ac515422b57f5a6d,594001790af43db0,b3f3f3bb816d9d90,domestic_private,high_18,medium_10,one_week,rnd_responsible,multinational,low_1,high_22,same_day,physician_responsible
2026-10-05_deepseek_main,generic__disease_diagnosis,generic,disease_diagnosis,,main,generic__disease_diagnosis::main-0308,308,0,12357332479086681301,rnd_institution>missed_diagnosis>misdiagnosis>legal_accountability>efficiency,0,0,cd52e5c827516aab,cfd24f68599e5a85,9a0859f8b89a8085,public,medium_8,low_0_5,same_day,liability_waiver,domestic_private,low_1,medium_10,one_week,physician_responsible
2026-10-05_deepseek_main,generic__disease_diagnosis,generic,disease_diagnosis,,main,generic__disease_diagnosis::main-0309,309,0,1559143917686411979,efficiency>missed_diagnosis>misdiagnosis>legal_accountability>rnd_institution,0,0,4ecae6b7eb39e724,56dd1d4b4ab54bbd,287fbfc5945e94a1,public,high_18,low_0_5,one_week,physician_responsible,multinational,medium_8,medium_10,same_day,rnd_responsible
2026-10-05_deepseek_main,generic__disease_diagnosis,generic,disease_diagnosis,,main,generic__disease_diagnosis::main-0310,310,0,8088338199359529895,missed_diagnosis>rnd_institution>misdiagnosis>efficiency>legal_accountability,0,0,2de88415a13c2283,3fdd63ea6d7289c6,b510e2852fe1a351,multinational,low_1,medium_10,same_day,rnd_responsible,public,high_18,high_22,instant,liability_waiver
2026-10-05_deepseek_main,generic__disease_diagnosis,generic,disease_diagnosis,,main,generic__disease_diagnosis::main-0311,311,0,17729080972613559074,missed_diagnosis>efficiency>misdiagnosis>rnd_institution>legal_accountability,0,0,4bd8923630007c62,5c273220695f945d,a479d033fc93fc5e,multinational,high_18,low_0_5,instant,rnd_responsible,public,low_1,high_22,same_day,physician_responsible
2026-10-05_deepseek_main,generic__disease_diagnosis,generic,disease_diagnosis,,main,generic__disease_diagnosis::main-0312,312,0,16160477367355521117,legal_accountability>rnd_institution>efficiency>misdiagnosis>missed_diagnosis,0,0,e4135fa358896a39,2b9a57a16a151934,5eff10f1e34ecb58,public,medium_8,high_22,one_week,rnd_responsible,multinational,high_18,low_0_5,instant,liability_waiver
2026-10-05_deepseek_main,generic__disease_diagnosis,generic,disease_diagnosis,,main,generic__disease_diagnosis::main-0313,313,0,17407492252379234375,legal_accountability>missed_diagnosis>rnd_institution>efficiency>misdiagnosis,0,0,55bef25d84787e64,a132082193865a0a,d1888c048ef6e043,multinational,medium_8,high_22,one_week,liability_waiver,domestic_private,high_18,low_0_5,instant,rnd_responsible
2026-10-05_deepseek_main,generic__disease_diagnosis,generic,disease_diagnosis,,main,generic__disease_diagnosis::main-0314,314,0,15770205549118989644,rnd_institution>missed_diagnosis>efficiency>misdiagnosis>legal_accountability,0,0,69891461fcad02d0,c8bc58d8f7f97665,38b53590062adbcf,domestic_private,low_1,high_22,one_week,liability_waiver,multinational,high_18,medium_10,same_day,physician_responsible
2026-10-05_deepseek_main,generic__disease_diagnosis,generic,disease_diagnosis,,main,generic__disease_diagnosis::main-0315,315,0,6841496066862001437,legal_accountability>rnd_institution>missed_diagnosis>misdiagnosis>efficiency,0,0,cc2add2e36b20162,0fd413514f753d96,b7ccf1646a3106a5,public,low_1,high_22,same_day,physician_responsible,domestic_private,high_18,low_0_5,one_week,liability_waiver
2026-10-05_deepseek_main,generic__disease_diagnosis,generic,disease_diagnosis,,main,generic__disease_diagnosis::main-0316,316,0,10040501757532235341,rnd_institution>efficiency>misdiagnosis>missed_diagnosis>legal_accountability,0,1,ba647e9e3ee2a3ba,dbf990ea0d3220c9,9e5cad82f8d1f044,multinational,high_18,high_22,one_week,physician_responsible,public,medium_8,low_0_5,instant,liability_waiver
2026-10-05_deepseek_main,generic__disease_diagnosis,generic,disease_diagnosis,,main,generic__disease_diagnosis::main-0317,317,0,292010952132879801,efficiency>legal_accountability>missed_diagnosis>rnd_institution>misdiagnosis,0,0,3cf2aa8117b76ba6,c04be42b229d5137,5fc490f907972f91,domestic_private,medium_8,high_22,instant,liability_waiver,public,low_1,medium_10,one_week,rnd_responsible
2026-10-05_deepseek_main,generic__disease_diagnosis,generic,disease_diagnosis,,main,generic__disease_diagnosis::main-0318,318,0,781380866638478069,efficiency>legal_accountability>missed_diagnosis>misdiagnosis>rnd_institution,0,0,654baee7ca0feb8c,3f60411f285158ac,70c3b1efb3ca6329,multinational,low_1,high_22,one_week,liability_waiver,public,high_18,medium_10,same_day,physician_responsible
2026-10-05_deepseek_main,generic__disease_diagnosis,generic,disease_diagnosis,,main,generic__disease_diagnosis::main-0319,319,0,16574928009253668832,rnd_institution>misdiagnosis>legal_accountability>missed_diagnosis>efficiency,0,0,ecdd575a5b9ddf11,fa4c69ce819c4428,fa4c69ce819c4428,multinational,high_18,low_0_5,instant,liability_waiver,public,low_1,medium_10,same_day,physician_responsible
2026-10-05_deepseek_main,generic__disease_diagnosis,generic,disease_diagnosis,,main,generic__disease_diagnosis::main-0320,320,0,11925511201088570452,efficiency>misdiagnosis>missed_diagnosis>rnd_institution>legal_accountability,0,0,f141f17ffb4fc859,3a7c2978b39fc71f,d7a020db171d71ba,public,high_18,medium_10,same_day,rnd_responsible,multinational,low_1,high_22,one_week,liability_waiver
2026-10-05_deepseek_main,generic__disease_diagnosis,generic,disease_diagnosis,,main,generic__disease_diagnosis::main-0321,321,0,1413220659124393083,legal_accountability>missed_diagnosis>rnd_institution>misdiagnosis>efficiency,0,0,0ccbc3030c542f00,b0940e58809963af,151cb4a84ec128ac,multinational,low_1,high_22,same_day,physician_responsible,public,high_18,medium_10,one_week,rnd_responsible
2026-10-05_deepseek_main,generic__disease_diagnosis,generic,disease_diagnosis,,main,generic__disease_diagnosis::main-0322,322,0,13304019674166224204,rnd_institution>efficiency>legal_accountability>misdiagnosis>missed_diagnosis,0,1,d62ee9d8ce95682e,d3b430b154ca6e19,bce5c9fc1c08d0f3,multinational,medium_8,high_22,one_week,liability_waiver,domestic_private,low_1,low_0_5,same_day,physician_responsible
2026-10-05_deepseek_main,generic__disease_diagnosis,generic,disease_diagnosis,,main,generic__disease_diagnosis::main-0323,323,0,5675009924721266953,efficiency>rnd_institution>legal_accountability>missed_diagnosis>misdiagnosis,0,0,e97f57b480672ca1,ad03203124018d1a,4cc93e9b73a1857c,public,medium_8,high_22,instant,rnd_responsible,multinational,high_18,low_0_5,same_day,physician_responsible
2026-10-05_deepseek_main,generic__disease_diagnosis,generic,disease_diagnosis,,main,generic__disease_diagnosis::main-0324,324,0,11436527765575952833,missed_diagnosis>rnd_institution>misdiagnosis>legal_accountability>efficiency,0,0,ea4a3ff12b13b32b,49ffba05869c8e0e,9e6525aab62adb98,public,medium_8,high_22,instant,physician_responsible,domestic_private,high_18,low_0_5,one_week,rnd_responsible
2026-10-05_deepseek_main,generic__disease_diagnosis,generic,disease_diagnosis,,main,generic__disease_diagnosis::main-0325,325,0,8945139456189704309,legal_accountability>missed_diagnosis>misdiagnosis>rnd_institution>efficiency,0,1,1be79c18b391fa41,edf7a10d1349ac20,3f66db13d4091ad8,domestic_private,high_18,high_22,one_week,rnd_responsible,multinational,low_1,low_0_5,same_day,physician_responsible
2026-10-05_deepseek_main,generic__disease_diagnosis,generic,disease_diagnosis,,main,generic__disease_diagnosis::main-0326,326,0,1330697793282826434,efficiency>rnd_institution>legal_accountability>missed_diagnosis>misdiagnosis,0,1,ff139e5a8f7f2e22,720d6fb9a8e1ae73,ab66bea316fc31cd,public,high_18,high_22,same_day,rnd_responsible,domestic_private,medium_8,low_0_5,instant,liability_waiver
2026-10-05_deepseek_main,generic__disease_diagnosis,generic,disease_diagnosis,,main,generic__disease_diagnosis::main-0327,327,0,16830239344719961728,legal_accountability>missed_diagnosis>efficiency>misdiagnosis>rnd_institution,0,0,ffa9a852241a6f1b,836ec810c0a409ad,27044dcd924da66b,public,low_1,high_22,same_day,physician_responsible,multinational,medium_8,medium_10,one_week,liability_waiver
2026-10-05_deepseek_main,generic__disease_diagnosis,generic,disease_diagnosis,,main,generic__disease_diagnosis::main-0328,328,0,5263185404107729870,rnd_institution>misdiagnosis>legal_accountability>missed_diagnosis>efficiency,0,0,89e628f6ffa09360,839d7c9333e892be,3e32515a3ba9d097,public,high_18,low_0_5,instant,physician_responsible,domestic_private,medium_8,medium_10,one_week,liability_waiver
2026-10-05_deepseek_main,generic__disease_diagnosis,generic,disease_diagnosis,,main,generic__disease_diagnosis::main-0329,329,0,6638895126299256753,rnd_institution>legal_accountability>missed_diagnosis>misdiagnosis>efficiency,0,0,12fcfe19935d0823,d33b8a8e57ad02ed,19c06a42c7f04061,multinational,low_1,medium_10,same_day,liability_waiver,public,medium_8,low_0_5,one_week,rnd_responsible
2026-10-05_deepseek_main,generic__disease_diagnosis,generic,disease_diagnosis,,main,generic__disease_diagnosis::main-0330,330,0,11212186997457351381,misdiagnosis>efficiency>legal_accountability>rnd_institution>missed_diagnosis,0,0,351cb664c7078ddb,f16cb10570f3f213,e5010d3c62e9b24c,domestic_private,medium_8,medium_10,instant,rnd_responsible,multinational,low_1,low_0_5,one_week,physician_responsible
2026-10-05_deepseek_main,generic__disease_diagnosis,generic,disease_diagnosis,,main,generic__disease_diagnosis::main-0331,331,0,11061590962453888921,misdiagnosis>legal_accountability>rnd_institution>missed_diagnosis>efficiency,0,0,3c9695c5df26f975,b9ede9d8909274f2,71aa710f296b6676,multinational,medium_8,low_0_5,one_week,rnd_responsible,domestic_private,low_1,medium_10,same_day,physician_responsible
2026-10-05_deepseek_main,generic__disease_diagnosis,generic,disease_diagnosis,,main,generic__disease_diagnosis::main-0332,332,0,5288376246158887185,misdiagnosis>missed_diagnosis>rnd_institution>legal_accountability>efficiency,0,0,e33bbe2f4ceb3103,c497bf7bb571e1be,287fbfc5945e94a1,multinational,medium_8,medium_10,same_day,physician_responsible,public,high_18,low_0_5,one_week,rnd_responsible
2026-10-05_deepseek_main,generic__disease_diagnosis,generic,disease_diagnosis,,main,generic__disease_diagnosis::main-0333,333,0,6845910945413880406,legal_accountability>rnd_institution>misdiagnosis>missed_diagnosis>efficiency,1,0,fcf4eb3d6fb25a63,71ab82070396dde1,a0f959b14ebe6e07,public,medium_8,low_0_5,same_day,rnd_responsible,multinational,high_18,medium_10,one_week,liability_waiver
2026-10-05_deepseek_main,generic__disease_diagnosis,generic,disease_diagnosis,,main,generic__disease_diagnosis::main-0334,334,0,8234638310988865825,efficiency>missed_diagnosis>rnd_institution>legal_accountability>misdiagnosis,0,0,e946446858b30273,d63bf77a11927c78,e5010d3c62e9b24c,domestic_private,low_1,medium_10,instant,physician_responsible,multinational,medium_8,low_0_5,one_week,rnd_responsible
2026-10-05_deepseek_main,generic__disease_diagnosis,generic,disease_diagnosis,,main,generic__disease_diagnosis::main-0335,335,0,13926316096626940472,rnd_institution>misdiagnosis>efficiency>missed_diagnosis>legal_accountability,1,0,0664bdb85d3debf8,16bc819c5e86e617,e7e1a5366ce8bda2,public,low_1,medium_10,same_day,rnd_responsible,domestic_private,medium_8,high_22,one_week,physician_responsible
2026-10-05_deepseek_main,generic__disease_diagnosis,generic,disease_diagnosis,,main,generic__disease_diagnosis::main-0336,336,0,12107315124310016947,efficiency>legal_accountability>rnd_institution>missed_diagnosis>misdiagnosis,0,0,e56c9bd62b358bc4,9c37a073c546daf7,e519fe96a92101a9,domestic_private,medium_8,medium_10,one_week,rnd_responsible,public,high_18,low_0_5,instant,liability_waiver
2026-10-05_deepseek_main,generic__disease_diagnosis,generic,disease_diagnosis,,main,generic__disease_diagnosis::main-0337,337,0,4271743030186205773,misdiagnosis>rnd_institution>missed_diagnosis>efficiency>legal_accountability,0,0,1f6cd743072d3487,ba981f180e44321b,eb2eaba0bd2c8568,domestic_private,medium_8,high_22,same_day,rnd_responsible,public,high_18,low_0_5,one_week,physician_responsible
2026-10-05_deepseek_main,generic__disease_diagnosis,generic,disease_diagnosis,,main,generic__disease_diagnosis::main-0338,338,0,13216512197331409695,rnd_institution>missed_diagnosis>efficiency>misdiagnosis>legal_accountability,0,0,b33985f636e1102b,bc4274fb72de8e3e,2c7fc41aae620661,public,low_1,medium_10,one_week,liability_waiver,multinational,medium_8,low_0_5,instant,physician_responsible
2026-10-05_deepseek_main,generic__disease_diagnosis,generic,disease_diagnosis,,main,generic__disease_diagnosis::main-0339,339,0,12082428248441274136,misdiagnosis>legal_accountability>efficiency>rnd_institution>missed_diagnosis,0,1,45456de7a5c8375a,b570aab82105c8ef,4cc93e9b73a1857c,public,high_18,high_22,same_day,rnd_responsible,multinational,medium_8,low_0_5,instant,physician_responsible
2026-10-05_deepseek_main,generic__disease_diagnosis,generic,disease_diagnosis,,main,generic__disease_diagnosis::main-0340,340,0,9599626581359938206,rnd_institution>misdiagnosis>efficiency>missed_diagnosis>legal_accountability,0,0,4a6497ac950c8365,235e2ca1c16a1936,ba745f571a1d9be6,domestic_private,low_1,medium_10,same_day,physician_responsible,multinational,high_18,low_0_5,instant,rnd_responsible
2026-10-05_deepseek_main,generic__disease_diagnosis,generic,disease_diagnosis,,main,generic__disease_diagnosis::main-0341,341,0,18275102447649162997,misdiagnosis>efficiency>rnd_institution>legal_accountability>missed_diagnosis,0,0,03ea0de249a8172b,867bc7f03d32cffa,867bc7f03d32cffa,multinational,high_18,high_22,instant,liability_waiver,public,low_1,medium_10,one_week,physician_responsible
2026-10-05_deepseek_main,generic__disease_diagnosis,generic,disease_diagnosis,,main,generic__disease_diagnosis::main-0342,342,0,5776211007629922038,misdiagnosis>efficiency>rnd_institution>missed_diagnosis>legal_accountability,0,0,4661ffa1df7f69d7,36dd7296f5660673,4fa321d3e2a95aa3,public,high_18,low_0_5,same_day,rnd_responsible,domestic_private,low_1,high_22,one_week,physician_responsible
2026-10-05_deepseek_main,generic__disease_diagnosis,generic,disease_diagnosis,,main,generic__disease_diagnosis::main-0343,343,0,10807726601229728982,misdiagnosis>rnd_institution>missed_diagnosis>efficiency>legal_accountability,0,0,d9949ac8711c91c2,aa9b7c47df6bbf54,11611d013e3ff5a1,public,medium_8,low_0_5,one_week,liability_waiver,domestic_private,low_1,high_22,instant,physician_responsible
2026-10-05_deepseek_main,generic__disease_diagnosis,generic,disease_diagnosis,,main,generic__disease_diagnosis::main-0344,344,0,9997923367895978526,rnd_institution>legal_accountability>misdiagnosis>missed_diagnosis>efficiency,0,0,5d4f988ca9f20f5b,415d34fd9054fb78,aa5755bd1cec7935,public,high_18,low_0_5,one_week,physician_responsible,domestic_private,medium_8,high_22,instant,liability_waiver
2026-10-05_deepseek_main,generic__disease_diagnosis,generic,disease_diagnosis,,main,generic__disease_diagnosis::main-0345,345,0,8944977291500373974,legal_accountability>rnd_institution>misdiagnosis>efficiency>missed_diagnosis,1,0,f1a5a940ada1e314,fbd6bc119fca1618,c5f861433c86b493,multinational,low_1,medium_10,same_day,liability_waiver,domestic_private,high_18,high_22,one_week,rnd_responsible
2026-10-05_deepseek_main,generic__disease_diagnosis,generic,disease_diagnosis,,main,generic__disease_diagnosis::main-0346,346,0,11654747499608264440,rnd_institution>missed_diagnosis>legal_accountability>misdiagnosis>efficiency,1,0,f5c126a71ffe52d5,3ac3213729f6d4d4,6b4dd668623eb2fa,multinational,medium_8,low_0_5,instant,liability_waiver,domestic_private,high_18,high_22,one_week,physician_responsible
2026-10-05_deepseek_main,generic__disease_diagnosis,generic,disease_diagnosis,,main,generic__disease_diagnosis::main-0347,347,0,8433375350334420257,efficiency>missed_diagnosis>rnd_institution>legal_accountability>misdiagnosis,0,1,d916c0c7e5afe6bb,3a477834ebd9a8d4,997dce941b2802d1,public,medium_8,high_22,one_week,liability_waiver,multinational,low_1,low_0_5,instant,rnd_responsible
2026-10-05_deepseek_main,generic__disease_diagnosis,generic,disease_diagnosis,,main,generic__disease_diagnosis::main-0348,348,0,8815669667396150823,misdiagnosis>legal_accountability>efficiency>rnd_institution>missed_diagnosis,0,1,df0c7e7f31b4ea2e,20bf4103528f9045,6a2ea571bc2bc749,multinational,medium_8,high_22,same_day,physician_responsible,public,low_1,medium_10,instant,liability_waiver
2026-10-05_deepseek_main,generic__disease_diagnosis,generic,disease_diagnosis,,main,generic__disease_diagnosis::main-0349,349,0,5110424866236041806,missed_diagnosis>misdiagnosis>efficiency>legal_accountability>rnd_institution,0,0,a4f24f0c148f0a72,211263a7abcf942b,5d71d5d8e52ec0ff,multinational,low_1,low_0_5,same_day,liability_waiver,public,high_18,medium_10,instant,rnd_responsible
2026-10-05_deepseek_main,generic__disease_diagnosis,generic,disease_diagnosis,,main,generic__disease_diagnosis::main-0350,350,0,11767198754587907845,missed_diagnosis>efficiency>misdiagnosis>rnd_institution>legal_accountability,0,0,aa3038e21c4e8b27,4b180f0a5dc2baf0,afb79250cb33e739,domestic_private,medium_8,high_22,instant,physician_responsible,multinational,low_1,medium_10,same_day,liability_waiver
2026-10-05_deepseek_main,generic__disease_diagnosis,generic,disease_diagnosis,,main,generic__disease_diagnosis::main-0351,351,0,6133974744438511931,missed_diagnosis>legal_accountability>efficiency>misdiagnosis>rnd_institution,0,0,dbb815ea03c85315,b00d5ebb604614b0,287fbfc5945e94a1,multinational,high_18,medium_10,same_day,physician_responsible,public,medium_8,low_0_5,one_week,rnd_responsible
2026-10-05_deepseek_main,generic__disease_diagnosis,generic,disease_diagnosis,,main,generic__disease_diagnosis::main-0352,352,0,17251833902091662671,rnd_institution>efficiency>misdiagnosis>missed_diagnosis>legal_accountability,0,0,f7194d7492436524,8b66767b9d01b158,e69b05e674893970,domestic_private,high_18,medium_10,instant,rnd_responsible,multinational,medium_8,low_0_5,same_day,physician_responsible
2026-10-05_deepseek_main,generic__disease_diagnosis,generic,disease_diagnosis,,main,generic__disease_diagnosis::main-0353,353,0,15526091802339995462,legal_accountability>missed_diagnosis>efficiency>misdiagnosis>rnd_institution,0,1,0c816333a6adfed7,7086ffb3f22d946e,4aed13764bf55903,multinational,high_18,medium_10,one_week,physician_responsible,public,low_1,low_0_5,same_day,liability_waiver
2026-10-05_deepseek_main,generic__disease_diagnosis,generic,disease_diagnosis,,main,generic__disease_diagnosis::main-0354,354,0,8318054149537403917,legal_accountability>missed_diagnosis>misdiagnosis>rnd_institution>efficiency,0,0,25a9a72192c325bc,bd48643b4e0bc77d,bd48643b4e0bc77d,domestic_private,high_18,high_22,instant,physician_responsible,public,low_1,low_0_5,one_week,rnd_responsible
2026-10-05_deepseek_main,generic__disease_diagnosis,generic,disease_diagnosis,,main,generic__disease_diagnosis::main-0355,355,0,6207223700725862089,misdiagnosis>rnd_institution>efficiency>missed_diagnosis>legal_accountability,0,0,ad5754ee3e446aa3,846b0c0aaa8c048a,d92dafdb3329dc1f,domestic_private,medium_8,low_0_5,instant,rnd_responsible,public,low_1,high_22,one_week,physician_responsible
2026-10-05_deepseek_main,generic__disease_diagnosis,generic,disease_diagnosis,,main,generic__disease_diagnosis::main-0356,356,0,16125300586585924766,rnd_institution>missed_diagnosis>misdiagnosis>legal_accountability>efficiency,0,0,2248b0bdddaa07ac,6d7fe7ead4489b2f,a58dd6aca34dbe06,domestic_private,medium_8,medium_10,one_week,liability_waiver,multinational,high_18,low_0_5,same_day,physician_responsible
2026-10-05_deepseek_main,generic__disease_diagnosis,generic,disease_diagnosis,,main,generic__disease_diagnosis::main-0357,357,0,6238036453686404822,missed_diagnosis>legal_accountability>misdiagnosis>rnd_institution>efficiency,0,0,fc0d3af55ab13420,13507156da80d561,2e438f57d5bd69e8,public,low_1,high_22,one_week,liability_waiver,multinational,high_18,low_0_5,same_day,rnd_responsible
2026-10-05_deepseek_main,generic__disease_diagnosis,generic,disease_diagnosis,,main,generic__disease_diagnosis::main-0358,358,0,14063936358550763027,legal_accountability>misdiagnosis>missed_diagnosis>rnd_institution>efficiency,0,1,74a0e9b8a940f888,54716887cad2663f,09ce8a81eeb82400,domestic_private,high_18,high_22,one_week,liability_waiver,multinational,low_1,medium_10,instant,rnd_responsible
2026-10-05_deepseek_main,generic__disease_diagnosis,generic,disease_diagnosis,,main,generic__disease_diagnosis::main-0359,359,0,2628975334416566587,efficiency>missed_diagnosis>legal_accountability>rnd_institution>misdiagnosis,0,0,63ce625287e79a82,15177befe58ecdcf,5fab6e9090e65b95,multinational,low_1,low_0_5,one_week,liability_waiver,public,medium_8,high_22,same_day,rnd_responsible
2026-10-05_deepseek_main,generic__disease_diagnosis,generic,disease_diagnosis,,main,generic__disease_diagnosis::main-0360,360,0,15381312492554616923,rnd_institution>missed_diagnosis>misdiagnosis>efficiency>legal_accountability,1,0,186d4976fa5339a2,79f4c70a444ff4f4,e69b05e674893970,multinational,medium_8,low_0_5,instant,physician_responsible,domestic_private,high_18,medium_10,same_day,rnd_responsible
2026-10-05_deepseek_main,generic__disease_diagnosis,generic,disease_diagnosis,,main,generic__disease_diagnosis::main-0361,361,0,6764230418178877530,misdiagnosis>missed_diagnosis>rnd_institution>efficiency>legal_accountability,1,0,54a9f70681d6faf1,c6a2748392ab097c,64e6dd903fc443b0,public,medium_8,low_0_5,same_day,liability_waiver,domestic_private,high_18,medium_10,one_week,rnd_responsible
2026-10-05_deepseek_main,generic__disease_diagnosis,generic,disease_diagnosis,,main,generic__disease_diagnosis::main-0362,362,0,2099393203820248023,rnd_institution>efficiency>misdiagnosis>legal_accountability>missed_diagnosis,0,1,e291f93f27db6095,1ea681df75fa7cf6,87644e2815760391,public,medium_8,high_22,one_week,physician_responsible,domestic_private,low_1,low_0_5,same_day,liability_waiver
2026-10-05_deepseek_main,generic__disease_diagnosis,generic,disease_diagnosis,,main,generic__disease_diagnosis::main-0363,363,0,17685630841518120913,legal_accountability>misdiagnosis>rnd_institution>missed_diagnosis>efficiency,0,1,24ded0b7df954e57,426df0039f685051,8b9734fb1c61313a,multinational,high_18,high_22,one_week,rnd_responsible,domestic_private,low_1,medium_10,instant,physician_responsible
2026-10-05_deepseek_main,generic__disease_diagnosis,generic,disease_diagnosis,,main,generic__disease_diagnosis::main-0364,364,0,14961384435058464012,misdiagnosis>rnd_institution>missed_diagnosis>legal_accountability>efficiency,1,0,274320815ec48af6,f0d63f05c171de92,a58dd6aca34dbe06,multinational,medium_8,low_0_5,same_day,physician_responsible,domestic_private,high_18,medium_10,one_week,liability_waiver
2026-10-05_deepseek_main,generic__disease_diagnosis,generic,disease_diagnosis,,main,generic__disease_diagnosis::main-0365,365,0,9741993676557899897,legal_accountability>missed_diagnosis>rnd_institution>misdiagnosis>efficiency,0,1,592e86eedcac6578,98a87705aeebf2f3,e62093a4b80d676b,public,high_18,high_22,same_day,physician_responsible,domestic_private,low_1,low_0_5,instant,liability_waiver
2026-10-05_deepseek_main,generic__disease_diagnosis,generic,disease_diagnosis,,main,generic__disease_diagnosis::main-0366,366,0,15925151351628987077,misdiagnosis>missed_diagnosis>legal_accountability>efficiency>rnd_institution,0,0,5a338d227856c006,162ba2ced41a05b5,c1fd2d2725258b04,public,high_18,low_0_5,same_day,rnd_responsible,multinational,low_1,high_22,one_week,physician_responsible
2026-10-05_deepseek_main,generic__disease_diagnosis,generic,disease_diagnosis,,main,generic__disease_diagnosis::main-0367,367,0,4417596016662981126,efficiency>rnd_institution>missed_diagnosis>misdiagnosis>legal_accountability,0,0,d990bd2786c577c8,d5a5196266f64795,9dd88fb3dd46e0a6,domestic_private,high_18,high_22,same_day,physician_responsible,multinational,low_1,low_0_5,one_week,liability_waiver
2026-10-05_deepseek_main,generic__disease_diagnosis,generic,disease_diagnosis,,main,generic__disease_diagnosis::main-0368,368,0,18215195941150223292,missed_diagnosis>rnd_institution>legal_accountability>efficiency>misdiagnosis,0,0,2fd97008d7a34147,7f41585c4b2ebede,be6f7c05c38dbb58,multinational,high_18,high_22,same_day,liability_waiver,public,low_1,low_0_5,one_week,physician_responsible
2026-10-05_deepseek_main,generic__disease_diagnosis,generic,disease_diagnosis,,main,generic__disease_diagnosis::main-0369,369,0,7388982016947546989,rnd_institution>missed_diagnosis>efficiency>legal_accountability>misdiagnosis,1,0,b7ac147f57671d1c,62b31d00922775a1,e62093a4b80d676b,domestic_private,low_1,low_0_5,instant,physician_responsible,public,high_18,high_22,same_day,liability_waiver
2026-10-05_deepseek_main,generic__disease_diagnosis,generic,disease_diagnosis,,main,generic__disease_diagnosis::main-0370,370,0,10528806125151789111,misdiagnosis>missed_diagnosis>efficiency>legal_accountability>rnd_institution,0,1,e5d5509a5881893c,4e5bae194151705b,8f2d78a9e5516de2,domestic_private,high_18,medium_10,same_day,liability_waiver,multinational,low_1,low_0_5,instant,rnd_responsible
2026-10-05_deepseek_main,generic__disease_diagnosis,generic,disease_diagnosis,,main,generic__disease_diagnosis::main-0371,371,0,4813389639766240449,legal_accountability>missed_diagnosis>efficiency>rnd_institution>misdiagnosis,0,0,b6f299c0e098a795,5bf441e47026b060,f1a6f1d0f6dfdd35,domestic_private,high_18,high_22,same_day,rnd_responsible,multinational,medium_8,low_0_5,one_week,physician_responsible
2026-10-05_deepseek_main,generic__disease_diagnosis,generic,disease_diagnosis,,main,generic__disease_diagnosis::main-0372,372,0,7831760372878933087,efficiency>legal_accountability>misdiagnosis>rnd_institution>missed_diagnosis,0,0,cfe445b2af00766d,e3ea13a7bf2066fe,8a0b6d3cd13909b2,domestic_private,low_1,low_0_5,same_day,physician_responsible,public,medium_8,medium_10,instant,liability_waiver
2026-10-05_deepseek_main,generic__disease_diagnosis,generic,disease_diagnosis,,main,generic__disease_diagnosis::main-0373,373,0,7671715481432158802,efficiency>missed_diagnosis>legal_accountability>misdiagnosis>rnd_institution,0,0,2b3447be1c88ef43,180c310778321e2e,4aed13764bf55903,multinational,high_18,low_0_5,one_week,physician_responsible,public,low_1,medium_10,same_day,liability_waiver
2026-10-05_deepseek_main,generic__disease_diagnosis,generic,disease_diagnosis,,main,generic__disease_diagnosis::main-0374,374,0,10159242612893554975,rnd_institution>legal_accountability>missed_diagnosis>misdiagnosis>efficiency,0,0,1942cb29a4645ed6,8010d5d0b1baeadd,4e8223a950c6f9a4,multinational,high_18,low_0_5,one_week,liability_waiver,public,medium_8,medium_10,instant,rnd_responsible
2026-10-05_deepseek_main,generic__disease_diagnosis,generic,disease_diagnosis,,main,generic__disease_diagnosis::main-0375,375,0,2111763980020319318,rnd_institution>missed_diagnosis>legal_accountability>misdiagnosis>efficiency,0,0,9096fe7b1a8535a8,1ded18fdd976844d,49902a25a38cf7b2,multinational,medium_8,high_22,same_day,liability_waiver,domestic_private,low_1,low_0_5,one_week,rnd_responsible
2026-10-05_deepseek_main,generic__disease_diagnosis,generic,disease_diagnosis,,main,generic__disease_diagnosis::main-0376,376,0,12250106561946431806,legal_accountability>misdiagnosis>rnd_institution>efficiency>missed_diagnosis,0,1,69b8e92bafe343d1,e842ea0bda17da2e,287fbfc5945e94a1,multinational,high_18,medium_10,one_week,physician_responsible,public,medium_8,low_0_5,same_day,rnd_responsible
2026-10-05_deepseek_main,generic__disease_diagnosis,generic,disease_diagnosis,,main,generic__disease_diagnosis::main-0377,377,0,5672296163461650580,efficiency>rnd_institution>legal_accountability>missed_diagnosis>misdiagnosis,0,0,cd11132a6e9c3aaa,65758d6c525d57de,92c571b97707de18,multinational,low_1,low_0_5,same_day,liability_waiver,domestic_private,medium_8,medium_10,instant,rnd_responsible
2026-10-05_deepseek_main,generic__disease_diagnosis,generic,disease_diagnosis,,main,generic__disease_diagnosis::main-0378,378,0,10233912555758460028,rnd_institution>efficiency>legal_accountability>missed_diagnosis>misdiagnosis,0,0,b5e56624c242d7b9,ad6e5393d2acfd94,275eac1d094ecb85,multinational,high_18,high_22,instant,physician_responsible,domestic_private,medium_8,low_0_5,one_week,rnd_responsible
2026-10-05_deepseek_main,generic__disease_diagnosis,generic,disease_diagnosis,,main,generic__disease_diagnosis::main-0379,379,0,983041277924535645,rnd_institution>efficiency>missed_diagnosis>legal_accountability>misdiagnosis,0,0,eb00c88678559634,5c3c76f9b04583aa,d4391b4bfe1e5b25,public,high_18,low_0_5,same_day,rnd_responsible,domestic_private,low_1,high_22,instant,physician_responsible
2026-10-05_deepseek_main,generic__disease_diagnosis,generic,disease_diagnosis,,main,generic__disease_diagnosis::main-0380,380,0,669555888309809927,misdiagnosis>missed_diagnosis>efficiency>legal_accountability>rnd_institution,0,0,905e85a61cbce5ee,b94c6f4dbefd4181,2ef6880c8178239f,multinational,medium_8,high_22,instant,physician_responsible,public,low_1,medium_10,one_week,rnd_responsible
2026-10-05_deepseek_main,generic__disease_diagnosis,generic,disease_diagnosis,,main,generic__disease_diagnosis::main-0381,381,0,1709169194717094387,missed_diagnosis>misdiagnosis>legal_accountability>rnd_institution>efficiency,0,0,3f46d08cfa30bc36,55fbd849fdfa0fed,5c4c1f3a05304b53,public,low_1,low_0_5,one_week,rnd_responsible,multinational,medium_8,medium_10,instant,physician_responsible
2026-10-05_deepseek_main,generic__disease_diagnosis,generic,disease_diagnosis,,main,generic__disease_diagnosis::main-0382,382,0,10877249591161412837,missed_diagnosis>efficiency>rnd_institution>misdiagnosis>legal_accountability,1,0,77188931f345a495,d0e68d086caa209e,5c4c1f3a05304b53,public,low_1,low_0_5,instant,rnd_responsible,multinational,medium_8,medium_10,one_week,physician_responsible
2026-10-05_deepseek_main,generic__disease_diagnosis,generic,disease_diagnosis,,main,generic__disease_diagnosis::main-0383,383,0,6216106869707345207,legal_accountability>misdiagnosis>efficiency>missed_diagnosis>rnd_institution,0,1,ca811dd9cc50a2a2,4dcaee905da4466c,471762c5f12f7498,public,high_18,medium_10,one_week,physician_responsible,domestic_private,medium_8,low_0_5,instant,rnd_responsible
2026-10-05_deepseek_main,generic__disease_diagnosis,generic,disease_diagnosis,,main,generic__disease_diagnosis::main-0384,384,0,12506795146774799132,rnd_institution>missed_diagnosis>legal_accountability>efficiency>misdiagnosis,0,0,901c51a6acf7b322,3f496ff3122d886f,9a7d7104f7186e54,multinational,high_18,low_0_5,instant,physician_responsible,public,medium_8,high_22,one_week,rnd_responsible
2026-10-05_deepseek_main,generic__disease_diagnosis,generic,disease_diagnosis,,main,generic__disease_diagnosis::main-0385,385,0,7269818468465026731,efficiency>missed_diagnosis>rnd_institution>legal_accountability>misdiagnosis,0,0,f2f1cbce34ae2a25,1eadf802a9d94a3e,9dd88fb3dd46e0a6,domestic_private,high_18,high_22,same_day,liability_waiver,multinational,low_1,low_0_5,one_week,physician_responsible
2026-10-05_deepseek_main,generic__disease_diagnosis,generic,disease_diagnosis,,main,generic__disease_diagnosis::main-0386,386,0,10798651858919448769,missed_diagnosis>rnd_institution>efficiency>misdiagnosis>legal_accountability,0,0,56329280d89ac83f,dbcb9112970bcc85,cdcfa286888b168f,multinational,medium_8,medium_10,instant,liability_waiver,public,low_1,high_22,one_week,rnd_responsible
2026-10-05_deepseek_main,generic__disease_diagnosis,generic,disease_diagnosis,,main,generic__disease_diagnosis::main-0387,387,0,1568367899699145235,legal_accountability>missed_diagnosis>efficiency>rnd_institution>misdiagnosis,0,0,3ddeec1e5c983c82,7e62d74acf2ce300,73ca2fe3be832dd4,domestic_private,medium_8,low_0_5,one_week,liability_waiver,multinational,high_18,high_22,same_day,physician_responsible
2026-10-05_deepseek_main,generic__disease_diagnosis,generic,disease_diagnosis,,main,generic__disease_diagnosis::main-0388,388,0,8893678979831343144,missed_diagnosis>efficiency>legal_accountability>rnd_institution>misdiagnosis,0,0,63014f39ca149fb2,0c7274e46fa19951,049da641cf03cd43,public,medium_8,low_0_5,same_day,rnd_responsible,domestic_private,low_1,medium_10,instant,physician_responsible
2026-10-05_deepseek_main,generic__disease_diagnosis,generic,disease_diagnosis,,main,generic__disease_diagnosis::main-0389,389,0,14875378811955132736,misdiagnosis>efficiency>legal_accountability>missed_diagnosis>rnd_institution,0,0,c71406d56cac32a3,a085b3e10fe6fddd,5eff10f1e34ecb58,public,medium_8,high_22,one_week,liability_waiver,multinational,high_18,low_0_5,instant,rnd_responsible
2026-10-05_deepseek_main,generic__disease_diagnosis,generic,disease_diagnosis,,main,generic__disease_diagnosis::main-0390,390,0,13695739397870232232,misdiagnosis>efficiency>legal_accountability>rnd_institution>missed_diagnosis,0,0,2d3993ecf13438e9,06d228182d0b7c5d,065170894f0f12e6,multinational,high_18,medium_10,one_week,liability_waiver,domestic_private,medium_8,high_22,same_day,rnd_responsible
2026-10-05_deepseek_main,generic__disease_diagnosis,generic,disease_diagnosis,,main,generic__disease_diagnosis::main-0391,391,0,13910103316593856885,rnd_institution>legal_accountability>missed_diagnosis>misdiagnosis>efficiency,0,0,ee201b5cfedf3dc1,0d7f45d5a06b2be3,4db14ea691310938,domestic_private,low_1,medium_10,one_week,liability_waiver,public,medium_8,low_0_5,instant,rnd_responsible
2026-10-05_deepseek_main,generic__disease_diagnosis,generic,disease_diagnosis,,main,generic__disease_diagnosis::main-0392,392,0,17888867960084952129,misdiagnosis>legal_accountability>missed_diagnosis>rnd_institution>efficiency,0,0,88834943b5ca512f,f6a82bb82bb4a99b,2f9f18cce15ed4cf,public,low_1,medium_10,same_day,rnd_responsible,domestic_private,high_18,low_0_5,one_week,liability_waiver
2026-10-05_deepseek_main,generic__disease_diagnosis,generic,disease_diagnosis,,main,generic__disease_diagnosis::main-0393,393,0,12715406563168483374,efficiency>rnd_institution>misdiagnosis>missed_diagnosis>legal_accountability,0,0,a1fcc1f238ce3454,b38d524ee6225d28,75a05f7389b35d2e,multinational,medium_8,medium_10,same_day,rnd_responsible,public,high_18,high_22,instant,liability_waiver
2026-10-05_deepseek_main,generic__disease_diagnosis,generic,disease_diagnosis,,main,generic__disease_diagnosis::main-0394,394,0,14706071948032418698,rnd_institution>misdiagnosis>efficiency>missed_diagnosis>legal_accountability,0,0,4f29c2ed27cf7a96,7027e59f2bc36532,0bf62d691d88390e,public,low_1,low_0_5,one_week,rnd_responsible,multinational,high_18,medium_10,same_day,liability_waiver
2026-10-05_deepseek_main,generic__disease_diagnosis,generic,disease_diagnosis,,main,generic__disease_diagnosis::main-0395,395,0,8535698051178510673,efficiency>misdiagnosis>legal_accountability>missed_diagnosis>rnd_institution,0,0,b28ffc7b984579aa,0d0c7c313c7a7326,320a3778de250f8e,multinational,medium_8,low_0_5,same_day,rnd_responsible,domestic_private,low_1,high_22,one_week,physician_responsible
2026-10-05_deepseek_main,generic__disease_diagnosis,generic,disease_diagnosis,,main,generic__disease_diagnosis::main-0396,396,0,14844571631753644935,efficiency>rnd_institution>legal_accountability>misdiagnosis>missed_diagnosis,0,1,b7fb8c5ca045f17f,afdbf505e666a65e,39a34dadc60b83e2,multinational,medium_8,high_22,one_week,physician_responsible,public,low_1,medium_10,instant,liability_waiver
2026-10-05_deepseek_main,generic__disease_diagnosis,generic,disease_diagnosis,,main,generic__disease_diagnosis::main-0397,397,0,7362785977411394200,legal_accountability>misdiagnosis>rnd_institution>missed_diagnosis>efficiency,0,0,8d28ec6d3876f884,acdc26bddbc41aae,a9b97d2a264042aa,domestic_private,medium_8,high_22,same_day,liability_waiver,public,high_18,medium_10,one_week,rnd_responsible
2026-10-05_deepseek_main,generic__disease_diagnosis,generic,disease_diagnosis,,main,generic__disease_diagnosis::main-0398,398,0,6717797175118363571,missed_diagnosis>efficiency>legal_accountability>misdiagnosis>rnd_institution,0,0,0368bd6fb33663c8,62373b0b7921fb31,62373b0b7921fb31,domestic_private,low_1,high_22,instant,liability_waiver,multinational,medium_8,low_0_5,same_day,rnd_responsible
2026-10-05_deepseek_main,generic__disease_diagnosis,generic,disease_diagnosis,,main,generic__disease_diagnosis::main-0399,399,0,12693392373898176737,legal_accountability>missed_diagnosis>rnd_institution>efficiency>misdiagnosis,0,1,ef9ee906190abdc7,2a11d3dc55421be8,830c39c5a9d45148,domestic_private,high_18,medium_10,one_week,liability_waiver,multinational,low_1,low_0_5,instant,rnd_responsible
2026-10-05_deepseek_main,generic__disease_diagnosis,generic,disease_diagnosis,,main,generic__disease_diagnosis::main-0400,400,0,2000205183023118030,efficiency>missed_diagnosis>rnd_institution>legal_accountability>misdiagnosis,0,0,58a7829c9aa62d2c,cb1012dcf1081cf8,2ac53565fd40750d,domestic_private,high_18,medium_10,instant,liability_waiver,public,low_1,low_0_5,one_week,physician_responsible
2026-10-05_deepseek_main,generic__disease_diagnosis,generic,disease_diagnosis,,main,generic__disease_diagnosis::main-0401,401,0,3847350622667822402,misdiagnosis>legal_accountability>missed_diagnosis>rnd_institution>efficiency,0,0,abbe2092f0f3e031,1c4b8301ec0e911e,2cdf103c8c44c3b2,multinational,medium_8,low_0_5,one_week,rnd_responsible,domestic_private,high_18,medium_10,instant,liability_waiver
2026-10-05_deepseek_main,generic__disease_diagnosis,generic,disease_diagnosis,,main,generic__disease_diagnosis::main-0402,402,0,11374701684151222013,legal_accountability>misdiagnosis>rnd_institution>efficiency>missed_diagnosis,0,0,356057cd8f94475a,d227b5e8bd09ea21,3e32515a3ba9d097,public,medium_8,low_0_5,one_week,physician_responsible,domestic_private,high_18,medium_10,instant,liability_waiver
2026-10-05_deepseek_main,generic__disease_diagnosis,generic,disease_diagnosis,,main,generic__disease_diagnosis::main-0403,403,0,2430174599375765029,rnd_institution>efficiency>misdiagnosis>legal_accountability>missed_diagnosis,0,0,09f8e5ab021a8b98,8e932f8669461ec7,fd9919c156011664,multinational,high_18,low_0_5,instant,physician_responsible,public,medium_8,medium_10,one_week,liability_waiver
2026-10-05_deepseek_main,generic__disease_diagnosis,generic,disease_diagnosis,,main,generic__disease_diagnosis::main-0404,404,0,4456376519525541103,missed_diagnosis>legal_accountability>misdiagnosis>efficiency>rnd_institution,0,1,b2964bf8084972d1,62f7c75509e3d14a,d27062b308ace4f9,domestic_private,high_18,high_22,same_day,rnd_responsible,public,low_1,medium_10,instant,liability_waiver
2026-10-05_deepseek_main,generic__disease_diagnosis,generic,disease_diagnosis,,main,generic__disease_diagnosis::main-0405,405,0,14751477532604639893,rnd_institution>efficiency>legal_accountability>misdiagnosis>missed_diagnosis,0,0,5aae460221a65b84,2a22531a70c18bce,1352938070d6aea1,domestic_private,high_18,medium_10,one_week,rnd_responsible,public,medium_8,high_22,same_day,physician_responsible
2026-10-05_deepseek_main,generic__disease_diagnosis,generic,disease_diagnosis,,main,generic__disease_diagnosis::main-0406,406,0,17612261373290498535,missed_diagnosis>legal_accountability>rnd_institution>efficiency>misdiagnosis,0,0,5594e3b863048526,801903f4442c9aa3,9dd88fb3dd46e0a6,domestic_private,high_18,low_0_5,one_week,physician_responsible,multinational,low_1,high_22,same_day,liability_waiver
2026-10-05_deepseek_main,generic__disease_diagnosis,generic,disease_diagnosis,,main,generic__disease_diagnosis::main-0407,407,0,648857475983313971,missed_diagnosis>misdiagnosis>efficiency>rnd_institution>legal_accountability,0,0,011303fe77f25837,4b39d48cec469571,0c0f1d6b3eb8628d,domestic_private,high_18,high_22,instant,rnd_responsible,public,medium_8,medium_10,same_day,physician_responsible
2026-10-05_deepseek_main,generic__disease_diagnosis,generic,disease_diagnosis,,main,generic__disease_diagnosis::main-0408,408,0,15726081400211014722,missed_diagnosis>rnd_institution>misdiagnosis>legal_accountability>efficiency,0,0,f835ccf3832cf0f1,534b5e86f4eedd5b,f2c753ed24ede509,public,low_1,medium_10,instant,rnd_responsible,domestic_private,high_18,low_0_5,one_week,physician_responsible
2026-10-05_deepseek_main,generic__disease_diagnosis,generic,disease_diagnosis,,main,generic__disease_diagnosis::main-0409,409,0,15723271755126388806,rnd_institution>legal_accountability>efficiency>misdiagnosis>missed_diagnosis,1,0,3c77c7801d3f0a49,e07d36c82d573bbf,70c3b1efb3ca6329,public,low_1,medium_10,same_day,physician_responsible,multinational,high_18,high_22,one_week,liability_waiver
2026-10-05_deepseek_main,generic__disease_diagnosis,generic,disease_diagnosis,,main,generic__disease_diagnosis::main-0410,410,0,16324919957777975837,legal_accountability>misdiagnosis>rnd_institution>efficiency>missed_diagnosis,0,1,9157409b07017afb,5b5fa9128862fe05,54ef6e4328c93528,multinational,high_18,medium_10,one_week,liability_waiver,domestic_private,medium_8,low_0_5,instant,physician_responsible
2026-10-05_deepseek_main,generic__disease_diagnosis,generic,disease_diagnosis,,main,generic__disease_diagnosis::main-0411,411,0,3929314232899656614,misdiagnosis>rnd_institution>efficiency>legal_accountability>missed_diagnosis,0,0,a410b3e5fb5a6180,e9d911c68eb937f2,e6b6f3838f538381,multinational,high_18,low_0_5,instant,physician_responsible,public,low_1,medium_10,one_week,liability_waiver
2026-10-05_deepseek_main,generic__disease_diagnosis,generic,disease_diagnosis,,main,generic__disease_diagnosis::main-0412,412,0,11946170118039682294,missed_diagnosis>legal_accountability>misdiagnosis>rnd_institution>efficiency,0,0,866862b334cd680e,8c313f3c9265e007,f17c7b3513afe49a,domestic_private,medium_8,low_0_5,same_day,rnd_responsible,public,low_1,high_22,instant,liability_waiver
2026-10-05_deepseek_main,generic__disease_diagnosis,generic,disease_diagnosis,,main,generic__disease_diagnosis::main-0413,413,0,4763767895780307048,legal_accountability>rnd_institution>misdiagnosis>efficiency>missed_diagnosis,0,0,d480e98c8aae1d57,f9a71b249a8b6301,fa4c69ce819c4428,multinational,high_18,low_0_5,instant,physician_responsible,public,low_1,medium_10,same_day,liability_waiver
2026-10-05_deepseek_main,generic__disease_diagnosis,generic,disease_diagnosis,,main,generic__disease_diagnosis::main-0414,414,0,17523289229305971961,missed_diagnosis>rnd_institution>efficiency>legal_accountability>misdiagnosis,0,0,1f50eef0f4359615,0356e6b1eb67f5b9,030729e1803313a7,public,high_18,low_0_5,one_week,liability_waiver,domestic_private,medium_8,high_22,same_day,physician_responsible
2026-10-05_deepseek_main,generic__disease_diagnosis,generic,disease_diagnosis,,main,generic__disease_diagnosis::main-0415,415,0,3604052825609896481,legal_accountability>missed_diagnosis>misdiagnosis>rnd_institution>efficiency,1,0,066fed9507b14e83,ec21023fc9fd12c6,8b6d0742a50db1cb,public,medium_8,low_0_5,instant,rnd_responsible,multinational,high_18,medium_10,one_week,physician_responsible
2026-10-05_deepseek_main,generic__disease_diagnosis,generic,disease_diagnosis,,main,generic__disease_diagnosis::main-0416,416,0,10995943941373565880,misdiagnosis>rnd_institution>efficiency>legal_accountability>missed_diagnosis,0,1,882fdb03a60d1f29,bdec0e2cfd068630,0d432e8570288e8a,public,high_18,high_22,one_week,liability_waiver,domestic_private,medium_8,low_0_5,same_day,rnd_responsible
2026-10-05_deepseek_main,generic__disease_diagnosis,generic,disease_diagnosis,,main,generic__disease_diagnosis::main-0417,417,0,1397317547723972005,legal_accountability>rnd_institution>misdiagnosis>efficiency>missed_diagnosis,0,1,4857e6d5261d891e,ff9b7de2bff4e3c4,59e99932f4ca41cc,public,high_18,high_22,same_day,liability_waiver,domestic_private,medium_8,medium_10,instant,physician_responsible
2026-10-05_deepseek_main,generic__disease_diagnosis,generic,disease_diagnosis,,main,generic__disease_diagnosis::main-0418,418,0,6238143955293979165,legal_accountability>rnd_institution>missed_diagnosis>efficiency>misdiagnosis,0,0,d05c9354a07c60fe,fa958c461e476f13,77bdf781c2d77bb1,multinational,medium_8,high_22,one_week,physician_responsible,public,high_18,medium_10,same_day,rnd_responsible
2026-10-05_deepseek_main,generic__disease_diagnosis,generic,disease_diagnosis,,main,generic__disease_diagnosis::main-0419,419,0,4459134626663464408,rnd_institution>misdiagnosis>efficiency>legal_accountability>missed_diagnosis,0,0,6aefea318bf2407f,b7018601fcd0b458,2b1f03e2c39f8d7b,multinational,low_1,low_0_5,one_week,rnd_responsible,domestic_private,high_18,high_22,instant,physician_responsible
2026-10-05_deepseek_main,generic__disease_diagnosis,generic,disease_diagnosis,,main,generic__disease_diagnosis::main-0420,420,0,12008253710905742479,legal_accountability>efficiency>misdiagnosis>rnd_institution>missed_diagnosis,0,0,813f10728ae41704,af0de287e6aed8d5,d4391b4bfe1e5b25,domestic_private,high_18,low_0_5,same_day,rnd_responsible,public,low_1,high_22,instant,physician_responsible
2026-10-05_deepseek_main,generic__disease_diagnosis,generic,disease_diagnosis,,main,generic__disease_diagnosis::main-0421,421,0,6013286592720289387,missed_diagnosis>legal_accountability>misdiagnosis>rnd_institution>efficiency,0,0,1930f00cbec534af,7eb2c800352ffd47,8b6d0742a50db1cb,public,medium_8,medium_10,instant,rnd_responsible,multinational,high_18,low_0_5,one_week,physician_responsible
2026-10-05_deepseek_main,generic__disease_diagnosis,generic,disease_diagnosis,,main,generic__disease_diagnosis::main-0422,422,0,15122013790388440516,efficiency>legal_accountability>misdiagnosis>rnd_institution>missed_diagnosis,0,0,ea84492283fe1a4a,a174785d1e666702,065170894f0f12e6,multinational,high_18,medium_10,same_day,liability_waiver,domestic_private,medium_8,high_22,one_week,rnd_responsible
2026-10-05_deepseek_main,generic__disease_diagnosis,generic,disease_diagnosis,,main,generic__disease_diagnosis::main-0423,423,0,436494800463174459,efficiency>missed_diagnosis>legal_accountability>misdiagnosis>rnd_institution,0,1,21bc6dc84752ca8e,707de4539dea3bf9,ab66bea316fc31cd,domestic_private,high_18,high_22,same_day,rnd_responsible,public,medium_8,low_0_5,instant,liability_waiver
2026-10-05_deepseek_main,generic__disease_diagnosis,generic,disease_diagnosis,,main,generic__disease_diagnosis::main-0424,424,0,962681061864256482,missed_diagnosis>misdiagnosis>legal_accountability>rnd_institution>efficiency,0,0,f91d247f382369ec,1cea764851d8c9c9,81959a69124c1196,public,low_1,medium_10,one_week,rnd_responsible,multinational,medium_8,low_0_5,same_day,physician_responsible
2026-10-05_deepseek_main,generic__disease_diagnosis,generic,disease_diagnosis,,main,generic__disease_diagnosis::main-0425,425,0,4000797669800073289,efficiency>misdiagnosis>missed_diagnosis>legal_accountability>rnd_institution,0,1,98faaf18b0921833,65827e0236f3eb19,d6996100526d31c3,multinational,medium_8,high_22,one_week,liability_waiver,domestic_private,low_1,medium_10,instant,rnd_responsible
2026-10-05_deepseek_main,generic__disease_diagnosis,generic,disease_diagnosis,,main,generic__disease_diagnosis::main-0426,426,0,7266642124076248387,legal_accountability>misdiagnosis>rnd_institution>efficiency>missed_diagnosis,0,0,2a0ec00e0b7b133d,ec227b6fd22d871f,98700c426790b9c1,domestic_private,high_18,medium_10,instant,liability_waiver,multinational,low_1,high_22,one_week,physician_responsible
2026-10-05_deepseek_main,generic__disease_diagnosis,generic,disease_diagnosis,,main,generic__disease_diagnosis::main-0427,427,0,1306485126398734020,rnd_institution>missed_diagnosis>efficiency>legal_accountability>misdiagnosis,0,0,740368225cf7e0ea,57b34fbb87812387,ab0675e47b2c5992,domestic_private,high_18,low_0_5,same_day,physician_responsible,public,low_1,medium_10,instant,liability_waiver
2026-10-05_deepseek_main,generic__disease_diagnosis,generic,disease_diagnosis,,main,generic__disease_diagnosis::main-0428,428,0,18437719720267754719,misdiagnosis>rnd_institution>legal_accountability>missed_diagnosis>efficiency,0,0,0a830db210ccbe58,adb5ec4d8a3fb4ca,b930ea2f11c59268,domestic_private,low_1,low_0_5,one_week,rnd_responsible,public,medium_8,medium_10,instant,physician_responsible
2026-10-05_deepseek_main,generic__disease_diagnosis,generic,disease_diagnosis,,main,generic__disease_diagnosis::main-0429,429,0,2487852996962879687,misdiagnosis>legal_accountability>rnd_institution>missed_diagnosis>efficiency,1,0,4227fdd03ce531ce,0a643419224e7f68,d1888c048ef6e043,multinational,medium_8,low_0_5,instant,liability_waiver,domestic_private,high_18,high_22,one_week,rnd_responsible
2026-10-05_deepseek_main,generic__disease_diagnosis,generic,disease_diagnosis,,main,generic__disease_diagnosis::main-0430,430,0,17474941910581748391,legal_accountability>rnd_institution>efficiency>missed_diagnosis>misdiagnosis,0,0,6383a21f7807a84e,99c204b727af7c62,6cf373fdbb1c52bd,public,high_18,high_22,instant,liability_waiver,domestic_private,medium_8,medium_10,same_day,rnd_responsible
2026-10-05_deepseek_main,generic__disease_diagnosis,generic,disease_diagnosis,,main,generic__disease_diagnosis::main-0431,431,0,8680776492021495550,legal_accountability>rnd_institution>missed_diagnosis>misdiagnosis>efficiency,0,0,f315352e5a8ce837,b94a86926ecc7419,e901ca79bb6809d2,public,medium_8,low_0_5,one_week,physician_responsible,domestic_private,low_1,medium_10,instant,liability_waiver
2026-10-05_deepseek_main,generic__disease_diagnosis,generic,disease_diagnosis,,main,generic__disease_diagnosis::main-0432,432,0,34055663024068931,efficiency>misdiagnosis>rnd_institution>legal_accountability>missed_diagnosis,0,1,c980e2da4b1d6eed,9966fb24aa62e10b,d6996100526d31c3,domestic_private,medium_8,high_22,one_week,rnd_responsible,multinational,low_1,medium_10,instant,liability_waiver
2026-10-05_deepseek_main,generic__disease_diagnosis,generic,disease_diagnosis,,main,generic__disease_diagnosis::main-0433,433,0,5209337960478769067,misdiagnosis>efficiency>legal_accountability>rnd_institution>missed_diagnosis,0,0,2b5d344767a55520,b8880bc44da6b447,d92dafdb3329dc1f,public,medium_8,low_0_5,instant,physician_responsible,domestic_private,low_1,high_22,one_week,rnd_responsible
2026-10-05_deepseek_main,generic__disease_diagnosis,generic,disease_diagnosis,,main,generic__disease_diagnosis::main-0434,434,0,17634921153681685343,missed_diagnosis>rnd_institution>efficiency>misdiagnosis>legal_accountability,0,0,eb7dca9ca26e7267,ec9145a2bb018242,f248c5779eee5260,multinational,high_18,low_0_5,instant,physician_responsible,domestic_private,low_1,high_22,same_day,liability_waiver
2026-10-05_deepseek_main,generic__disease_diagnosis,generic,disease_diagnosis,,main,generic__disease_diagnosis::main-0435,435,0,10829377527661119358,legal_accountability>efficiency>rnd_institution>misdiagnosis>missed_diagnosis,0,0,6c97c5d388140a46,8804a00da850d8be,70c3b1efb3ca6329,public,high_18,medium_10,same_day,liability_waiver,multinational,low_1,high_22,one_week,physician_responsible
2026-10-05_deepseek_main,generic__disease_diagnosis,generic,disease_diagnosis,,main,generic__disease_diagnosis::main-0436,436,0,17442831791771889201,misdiagnosis>missed_diagnosis>rnd_institution>efficiency>legal_accountability,0,0,9ac55fb0c16476bf,dfdbcd122cb236c9,4cc93e9b73a1857c,public,high_18,low_0_5,same_day,physician_responsible,multinational,medium_8,high_22,instant,rnd_responsible
2026-10-05_deepseek_main,generic__disease_diagnosis,generic,disease_diagnosis,,main,generic__disease_diagnosis::main-0437,437,0,5455784185740158104,legal_accountability>rnd_institution>efficiency>misdiagnosis>missed_diagnosis,0,0,f4894e43002ca8fd,be21fc94bc736966,9c3c24473f44b7c5,multinational,medium_8,medium_10,instant,liability_waiver,public,high_18,low_0_5,same_day,rnd_responsible
2026-10-05_deepseek_main,generic__disease_diagnosis,generic,disease_diagnosis,,main,generic__disease_diagnosis::main-0438,438,0,14109246584549424124,efficiency>legal_accountability>missed_diagnosis>misdiagnosis>rnd_institution,0,0,149bf49ca782151e,0ff6cdbc0f849490,e69b05e674893970,domestic_private,high_18,medium_10,instant,physician_responsible,multinational,medium_8,low_0_5,same_day,rnd_responsible
2026-10-05_deepseek_main,generic__disease_diagnosis,generic,disease_diagnosis,,main,generic__disease_diagnosis::main-0439,439,0,18400044870829104072,efficiency>misdiagnosis>missed_diagnosis>legal_accountability>rnd_institution,0,0,1b06eb217eb0ac2b,ba03dcc53ba1fa04,2406543c4e4dbc77,public,high_18,low_0_5,instant,physician_responsible,domestic_private,medium_8,medium_10,same_day,rnd_responsible
2026-10-05_deepseek_main,generic__disease_diagnosis,generic,disease_diagnosis,,main,generic__disease_diagnosis::main-0440,440,0,142155412280808473,rnd_institution>misdiagnosis>efficiency>legal_accountability>missed_diagnosis,0,0,a49fb4e54d64c749,95e5c65bb581053a,9c3c24473f44b7c5,public,medium_8,low_0_5,same_day,rnd_responsible,multinational,high_18,medium_10,instant,liability_waiver
2026-10-05_deepseek_main,generic__disease_diagnosis,generic,disease_diagnosis,,main,generic__disease_diagnosis::main-0441,441,0,8442298578811686425,efficiency>misdiagnosis>missed_diagnosis>rnd_institution>legal_accountability,0,0,ca5572f38a6a6e0a,58ba9c7f581b8294,24e1b16c8080cc6e,domestic_private,high_18,medium_10,same_day,liability_waiver,multinational,medium_8,high_22,instant,physician_responsible
2026-10-05_deepseek_main,generic__disease_diagnosis,generic,disease_diagnosis,,main,generic__disease_diagnosis::main-0442,442,0,12553634912054658395,efficiency>legal_accountability>rnd_institution>misdiagnosis>missed_diagnosis,0,0,64b46b518b08c3dd,a536ec2d7f87f533,773dbba750c792dd,domestic_private,high_18,medium_10,instant,liability_waiver,multinational,medium_8,low_0_5,same_day,physician_responsible
2026-10-05_deepseek_main,generic__disease_diagnosis,generic,disease_diagnosis,,main,generic__disease_diagnosis::main-0443,443,0,980997078177965008,missed_diagnosis>rnd_institution>legal_accountability>efficiency>misdiagnosis,0,0,8b7fa428449a9fa7,7f3b39175619cc4f,64e6dd903fc443b0,public,medium_8,low_0_5,one_week,liability_waiver,domestic_private,high_18,medium_10,same_day,rnd_responsible
2026-10-05_deepseek_main,generic__disease_diagnosis,generic,disease_diagnosis,,main,generic__disease_diagnosis::main-0444,444,0,18302204672261401397,efficiency>missed_diagnosis>rnd_institution>misdiagnosis>legal_accountability,0,1,db52e5acbc977566,551b8a7d55ec14bb,2b1f03e2c39f8d7b,domestic_private,high_18,high_22,one_week,physician_responsible,multinational,low_1,low_0_5,instant,rnd_responsible
2026-10-05_deepseek_main,generic__disease_diagnosis,generic,disease_diagnosis,,main,generic__disease_diagnosis::main-0445,445,0,9604040159261377402,legal_accountability>misdiagnosis>rnd_institution>missed_diagnosis>efficiency,0,0,48b3ba3e3b88477f,bf0eb3fb5f6a54d4,c7dc565d6fb8d3f4,multinational,high_18,low_0_5,one_week,rnd_responsible,domestic_private,low_1,high_22,instant,liability_waiver
2026-10-05_deepseek_main,generic__disease_diagnosis,generic,disease_diagnosis,,main,generic__disease_diagnosis::main-0446,446,0,14926541946191039291,legal_accountability>misdiagnosis>rnd_institution>efficiency>missed_diagnosis,0,0,57e048063f47aace,e124c752040e6084,f97110bdfb43beb0,multinational,medium_8,high_22,instant,liability_waiver,domestic_private,high_18,low_0_5,same_day,rnd_responsible
2026-10-05_deepseek_main,generic__disease_diagnosis,generic,disease_diagnosis,,main,generic__disease_diagnosis::main-0447,447,0,2675840767677759888,efficiency>missed_diagnosis>rnd_institution>misdiagnosis>legal_accountability,0,0,9117fb6aae984ca6,f6575eff68e6336a,b3f3f3bb816d9d90,domestic_private,low_1,medium_10,one_week,physician_responsible,multinational,high_18,high_22,same_day,rnd_responsible
2026-10-05_deepseek_main,generic__disease_diagnosis,generic,disease_diagnosis,,main,generic__disease_diagnosis::main-0448,448,0,4782860959215896127,missed_diagnosis>rnd_institution>legal_accountability>misdiagnosis>efficiency,0,0,d0810efb90b0b139,28ee88a83d1ff870,75a05f7389b35d2e,multinational,high_18,medium_10,instant,rnd_responsible,public,medium_8,high_22,same_day,liability_waiver
2026-10-05_deepseek_main,generic__disease_diagnosis,generic,disease_diagnosis,,main,generic__disease_diagnosis::main-0449,449,0,15460994032917266623,efficiency>misdiagnosis>rnd_institution>missed_diagnosis>legal_accountability,0,0,a4ec8f3315e15e6d,0bdd13adf73c034c,3b01e91ea3a85c30,domestic_private,low_1,high_22,same_day,liability_waiver,public,medium_8,medium_10,one_week,rnd_responsible
2026-10-05_deepseek_main,generic__disease_diagnosis,generic,disease_diagnosis,,main,generic__disease_diagnosis::main-0450,450,0,17463085200130584722,misdiagnosis>legal_accountability>missed_diagnosis>rnd_institution>efficiency,0,0,830bb4ffbddd221e,d59a05ca2358f5b0,b7decee294228b18,multinational,high_18,low_0_5,same_day,physician_responsible,public,medium_8,medium_10,instant,rnd_responsible
2026-10-05_deepseek_main,generic__disease_diagnosis,generic,disease_diagnosis,,main,generic__disease_diagnosis::main-0451,451,0,13700300892740925578,legal_accountability>efficiency>missed_diagnosis>misdiagnosis>rnd_institution,0,0,dbc787031410734f,95c3029e7b97df2c,3a6d90fdd1649f7e,multinational,low_1,low_0_5,one_week,physician_responsible,domestic_private,high_18,high_22,instant,liability_waiver
2026-10-05_deepseek_main,generic__disease_diagnosis,generic,disease_diagnosis,,main,generic__disease_diagnosis::main-0452,452,0,7784256754776961477,missed_diagnosis>efficiency>legal_accountability>misdiagnosis>rnd_institution,0,0,375a1f8879020a06,28ef43edb4836eb8,2ac53565fd40750d,public,high_18,medium_10,instant,physician_responsible,domestic_private,low_1,low_0_5,one_week,liability_waiver
2026-10-05_deepseek_main,generic__disease_diagnosis,generic,disease_diagnosis,,main,generic__disease_diagnosis::main-0453,453,0,18084191902981100472,legal_accountability>efficiency>missed_diagnosis>misdiagnosis>rnd_institution,0,1,1c017d4dfb200760,5de01ecee31c1106,efb2758d92cb8eff,domestic_private,high_18,medium_10,one_week,rnd_responsible,multinational,medium_8,low_0_5,instant,physician_responsible
2026-10-05_deepseek_main,generic__disease_diagnosis,generic,disease_diagnosis,,main,generic__disease_diagnosis::main-0454,454,0,5581595178879288941,efficiency>missed_diagnosis>legal_accountability>misdiagnosis>rnd_institution,0,0,e21abed234a862a4,81e1f576d22122cd,e5010d3c62e9b24c,multinational,low_1,medium_10,instant,physician_responsible,domestic_private,medium_8,low_0_5,one_week,rnd_responsible
2026-10-05_deepseek_main,generic__disease_diagnosis,generic,disease_diagnosis,,main,generic__disease_diagnosis::main-0455,455,0,1876383806648599175,rnd_institution>misdiagnosis>efficiency>legal_accountability>missed_diagnosis,0,0,6f80af7c1dbe8234,95ab13ae067b333c,4e8223a950c6f9a4,public,medium_8,medium_10,one_week,liability_waiver,multinational,high_18,low_0_5,instant,rnd_responsible
2026-10-05_deepseek_main,generic__disease_diagnosis,generic,disease_diagnosis,,main,generic__disease_diagnosis::main-0456,456,0,12054697810041837467,legal_accountability>misdiagnosis>missed_diagnosis>rnd_institution>efficiency,0,0,d227a78760b72c5e,66235c42b29a0beb,29998aa2f51bc16f,domestic_private,high_18,low_0_5,same_day,physician_responsible,public,medium_8,high_22,instant,rnd_responsible
2026-10-05_deepseek_main,generic__disease_diagnosis,generic,disease_diagnosis,,main,generic__disease_diagnosis::main-0457,457,0,5398426016977768170,missed_diagnosis>efficiency>rnd_institution>misdiagnosis>legal_accountability,0,0,a738cd868bb6ce58,f78434c95904be50,88fc2ce81af7ce7a,domestic_private,low_1,medium_10,instant,physician_responsible,multinational,medium_8,low_0_5,one_week,liability_waiver
2026-10-05_deepseek_main,generic__disease_diagnosis,generic,disease_diagnosis,,main,generic__disease_diagnosis::main-0458,458,0,4854365457287504754,missed_diagnosis>rnd_institution>misdiagnosis>efficiency>legal_accountability,1,0,15a5d037e4821da7,1857bebec91d5e3b,1a35dd44570cba52,multinational,low_1,medium_10,same_day,rnd_responsible,public,medium_8,high_22,one_week,liability_waiver
2026-10-05_deepseek_main,generic__disease_diagnosis,generic,disease_diagnosis,,main,generic__disease_diagnosis::main-0459,459,0,5307724351961813120,legal_accountability>misdiagnosis>efficiency>missed_diagnosis>rnd_institution,0,0,05f2320f6e257c70,0f8a05046b1d23de,d81a764a8f047f29,domestic_private,medium_8,medium_10,same_day,rnd_responsible,multinational,low_1,high_22,instant,physician_responsible
2026-10-05_deepseek_main,generic__disease_diagnosis,generic,disease_diagnosis,,main,generic__disease_diagnosis::main-0460,460,0,8076542048776864323,rnd_institution>efficiency>legal_accountability>missed_diagnosis>misdiagnosis,0,0,f1cc9ae1a6a51a8e,44b9dbe498a56dea,24c9c57ec91ff606,multinational,high_18,low_0_5,same_day,liability_waiver,public,medium_8,medium_10,instant,physician_responsible
2026-10-05_deepseek_main,generic__disease_diagnosis,generic,disease_diagnosis,,main,generic__disease_diagnosis::main-0461,461,0,16062504410189886295,efficiency>rnd_institution>misdiagnosis>missed_diagnosis>legal_accountability,0,0,fd6bffca5687f414,e1a18d1b357d4560,c4a3749313c36f77,public,low_1,high_22,one_week,liability_waiver,domestic_private,medium_8,low_0_5,same_day,rnd_responsible
2026-10-05_deepseek_main,generic__disease_diagnosis,generic,disease_diagnosis,,main,generic__disease_diagnosis::main-0462,462,0,7440209932007311093,rnd_institution>misdiagnosis>legal_accountability>efficiency>missed_diagnosis,0,1,74d8de35951adc63,d2235a823ccd4a8f,b292e1a033682d10,multinational,high_18,medium_10,one_week,liability_waiver,domestic_private,medium_8,low_0_5,same_day,rnd_responsible
2026-10-05_deepseek_main,generic__disease_diagnosis,generic,disease_diagnosis,,main,generic__disease_diagnosis::main-0463,463,0,17981945584045158512,legal_accountability>missed_diagnosis>misdiagnosis>efficiency>rnd_institution,0,0,d272eccf598d04d0,69d7a06b749ab4ad,b4ff6bf38412e002,domestic_private,high_18,low_0_5,instant,physician_responsible,multinational,low_1,high_22,same_day,rnd_responsible
2026-10-05_deepseek_main,generic__disease_diagnosis,generic,disease_diagnosis,,main,generic__disease_diagnosis::main-0464,464,0,16693617704945682768,efficiency>rnd_institution>legal_accountability>missed_diagnosis>misdiagnosis,0,1,886af9604c7dc14d,bf2d5676edd4968c,aee7dd5187145a26,multinational,medium_8,high_22,same_day,rnd_responsible,public,low_1,medium_10,instant,physician_responsible
2026-10-05_deepseek_main,generic__disease_diagnosis,generic,disease_diagnosis,,main,generic__disease_diagnosis::main-0465,465,0,2262972930995980243,efficiency>missed_diagnosis>misdiagnosis>rnd_institution>legal_accountability,0,0,4e68a3a65eda6b10,699bc5cf31a9ed21,b3787ba3feb5b373,public,medium_8,high_22,same_day,liability_waiver,multinational,high_18,low_0_5,one_week,physician_responsible
2026-10-05_deepseek_main,generic__disease_diagnosis,generic,disease_diagnosis,,main,generic__disease_diagnosis::main-0466,466,0,13336055195357324971,legal_accountability>misdiagnosis>missed_diagnosis>rnd_institution>efficiency,0,0,e78ea0f6dd0ad791,3f8facf110f7074b,030729e1803313a7,domestic_private,medium_8,high_22,one_week,physician_responsible,public,high_18,low_0_5,same_day,liability_waiver
2026-10-05_deepseek_main,generic__disease_diagnosis,generic,disease_diagnosis,,main,generic__disease_diagnosis::main-0467,467,0,10205145929825438736,legal_accountability>efficiency>missed_diagnosis>misdiagnosis>rnd_institution,0,0,3d7856c01a09657a,ea47846ee05f8193,98dfc32a26d95bed,public,high_18,medium_10,same_day,liability_waiver,domestic_private,medium_8,high_22,one_week,physician_responsible
2026-10-05_deepseek_main,generic__disease_diagnosis,generic,disease_diagnosis,,main,generic__disease_diagnosis::main-0468,468,0,1811239842797039267,misdiagnosis>rnd_institution>missed_diagnosis>efficiency>legal_accountability,1,0,655e0c44cea0a240,5aad64c1222902e5,5eff10f1e34ecb58,multinational,medium_8,low_0_5,instant,rnd_responsible,public,high_18,high_22,one_week,liability_waiver
2026-10-05_deepseek_main,generic__disease_diagnosis,generic,disease_diagnosis,,main,generic__disease_diagnosis::main-0469,469,0,3839865016549172415,legal_accountability>missed_diagnosis>efficiency>rnd_institution>misdiagnosis,0,1,942d52f83dbaeeae,fe2cc8ccbbacc625,53247be15d354e19,domestic_private,high_18,medium_10,same_day,rnd_responsible,public,low_1,low_0_5,instant,liability_waiver
2026-10-05_deepseek_main,generic__disease_diagnosis,generic,disease_diagnosis,,main,generic__disease_diagnosis::main-0470,470,0,17682763991335827486,legal_accountability>efficiency>rnd_institution>misdiagnosis>missed_diagnosis,0,0,0c7606a95118cc82,fa65fb560df6d3ea,c5bcca15164cb26b,public,low_1,high_22,instant,liability_waiver,domestic_private,high_18,medium_10,same_day,physician_responsible
2026-10-05_deepseek_main,generic__disease_diagnosis,generic,disease_diagnosis,,main,generic__disease_diagnosis::main-0471,471,0,11317112560298459285,legal_accountability>rnd_institution>missed_diagnosis>misdiagnosis>efficiency,0,0,da6db00401f813ae,603f920b622d5b7b,a45b12c9650fe0b0,public,medium_8,low_0_5,instant,liability_waiver,domestic_private,low_1,high_22,one_week,rnd_responsible
2026-10-05_deepseek_main,generic__disease_diagnosis,generic,disease_diagnosis,,main,generic__disease_diagnosis::main-0472,472,0,3251248367100231349,efficiency>missed_diagnosis>misdiagnosis>legal_accountability>rnd_institution,0,0,f75e23b8e2db7a23,947ee1560657ef75,a479d033fc93fc5e,public,high_18,low_0_5,same_day,rnd_responsible,multinational,low_1,high_22,instant,physician_responsible
2026-10-05_deepseek_main,generic__disease_diagnosis,generic,disease_diagnosis,,main,generic__disease_diagnosis::main-0473,473,0,8301226719898501644,misdiagnosis>rnd_institution>legal_accountability>missed_diagnosis>efficiency,0,0,99596939b2de12af,be8f8da75545e31b,70c3b1efb3ca6329,multinational,high_18,medium_10,one_week,physician_responsible,public,low_1,high_22,same_day,liability_waiver
2026-10-05_deepseek_main,generic__disease_diagnosis,generic,disease_diagnosis,,main,generic__disease_diagnosis::main-0474,474,0,9229358473678483478,rnd_institution>misdiagnosis>missed_diagnosis>legal_accountability>efficiency,1,0,fe27618fcaeb3bd3,c760dd1e2e504edb,fd9919c156011664,public,medium_8,low_0_5,instant,physician_responsible,multinational,high_18,medium_10,one_week,liability_waiver
2026-10-05_deepseek_main,generic__disease_diagnosis,generic,disease_diagnosis,,main,generic__disease_diagnosis::main-0475,475,0,9477538382612520617,rnd_institution>efficiency>legal_accountability>missed_diagnosis>misdiagnosis,0,0,cfdb2d5ddeacf269,dcfe967ff2e32074,cc25054f9c848d1c,public,low_1,high_22,instant,liability_waiver,multinational,medium_8,low_0_5,same_day,physician_responsible
2026-10-05_deepseek_main,generic__disease_diagnosis,generic,disease_diagnosis,,main,generic__disease_diagnosis::main-0476,476,0,17007729759775674531,efficiency>missed_diagnosis>misdiagnosis>rnd_institution>legal_accountability,0,0,b5b866e2ea7980a0,787a0bd6cedfaa9f,f97110bdfb43beb0,multinational,medium_8,high_22,instant,rnd_responsible,domestic_private,high_18,low_0_5,same_day,liability_waiver
2026-10-05_deepseek_main,generic__disease_diagnosis,generic,disease_diagnosis,,main,generic__disease_diagnosis::main-0477,477,0,11035767429095860470,missed_diagnosis>rnd_institution>efficiency>legal_accountability>misdiagnosis,0,0,befb433af9a4373d,eff3a9c5fa5d58ec,9e813c3872c739c8,public,low_1,high_22,instant,liability_waiver,multinational,high_18,low_0_5,same_day,physician_responsible
2026-10-05_deepseek_main,generic__disease_diagnosis,generic,disease_diagnosis,,main,generic__disease_diagnosis::main-0478,478,0,15021002234435663015,legal_accountability>efficiency>misdiagnosis>rnd_institution>missed_diagnosis,0,0,3ac87959c94ada0c,079344580f8e18a1,3e32515a3ba9d097,domestic_private,high_18,medium_10,instant,physician_responsible,public,medium_8,low_0_5,one_week,liability_waiver
2026-10-05_deepseek_main,generic__disease_diagnosis,generic,disease_diagnosis,,main,generic__disease_diagnosis::main-0479,479,0,11975646331273537843,rnd_institution>misdiagnosis>missed_diagnosis>legal_accountability>efficiency,1,0,6f35e0fc4a094827,16137c67d2d23f8a,29998aa2f51bc16f,public,medium_8,low_0_5,instant,physician_responsible,domestic_private,high_18,high_22,same_day,rnd_responsible
2026-10-05_deepseek_main,generic__disease_diagnosis,generic,disease_diagnosis,,main,generic__disease_diagnosis::main-0480,480,0,2391952863830683411,rnd_institution>missed_diagnosis>legal_accountability>misdiagnosis>efficiency,0,0,53666108db589d73,e8173c45a7d60b15,6b35440207f6f4ac,multinational,low_1,low_0_5,same_day,liability_waiver,public,medium_8,medium_10,instant,physician_responsible
2026-10-05_deepseek_main,generic__disease_diagnosis,generic,disease_diagnosis,,main,generic__disease_diagnosis::main-0481,481,0,10114748075897621441,missed_diagnosis>efficiency>rnd_institution>legal_accountability>misdiagnosis,1,0,5eb5832c7eeee2a6,d7a6edfeb9738ad4,f248c5779eee5260,multinational,low_1,low_0_5,instant,liability_waiver,domestic_private,high_18,high_22,same_day,physician_responsible
2026-10-05_deepseek_main,generic__disease_diagnosis,generic,disease_diagnosis,,main,generic__disease_diagnosis::main-0482,482,0,10716492740891759814,missed_diagnosis>misdiagnosis>rnd_institution>legal_accountability>efficiency,0,0,9c9f7a5fa20e64c6,b3a03cabc36209a9,f4f48d5c86500d8d,multinational,high_18,low_0_5,same_day,liability_waiver,domestic_private,low_1,medium_10,one_week,rnd_responsible
2026-10-05_deepseek_main,generic__disease_diagnosis,generic,disease_diagnosis,,main,generic__disease_diagnosis::main-0483,483,0,18362878850372386198,missed_diagnosis>misdiagnosis>efficiency>rnd_institution>legal_accountability,0,0,8dbea25c24a90be3,f140f77d54613897,f140f77d54613897,domestic_private,low_1,high_22,instant,physician_responsible,public,medium_8,low_0_5,same_day,rnd_responsible
2026-10-05_deepseek_main,generic__disease_diagnosis,generic,disease_diagnosis,,main,generic__disease_diagnosis::main-0484,484,0,14134384141648536262,legal_accountability>missed_diagnosis>rnd_institution>misdiagnosis>efficiency,0,0,9ca01e8b766adc8d,dffc45e382caeae6,7effec9f59234637,domestic_private,high_18,low_0_5,instant,liability_waiver,multinational,medium_8,high_22,same_day,physician_responsible
2026-10-05_deepseek_main,generic__disease_diagnosis,generic,disease_diagnosis,,main,generic__disease_diagnosis::main-0485,485,0,1069502872220242021,misdiagnosis>missed_diagnosis>legal_accountability>efficiency>rnd_institution,0,0,32bdd5ba3ad10304,705d68812b2da851,17744127371560ed,multinational,low_1,medium_10,same_day,rnd_responsible,domestic_private,medium_8,high_22,instant,liability_waiver
2026-10-05_deepseek_main,generic__disease_diagnosis,generic,disease_diagnosis,,main,generic__disease_diagnosis::main-0486,486,0,5617369371690263659,legal_accountability>efficiency>misdiagnosis>missed_diagnosis>rnd_institution,0,1,863fdaf182d36bcc,6867ea159a72445b,9e813c3872c739c8,multinational,high_18,high_22,same_day,physician_responsible,public,low_1,low_0_5,instant,liability_waiver
2026-10-05_deepseek_main,generic__disease_diagnosis,generic,disease_diagnosis,,main,generic__disease_diagnosis::main-0487,487,0,8632077929043989090,efficiency>legal_accountability>rnd_institution>missed_diagnosis>misdiagnosis,0,0,c9469a6cb45c5133,e542ec275b2f1fa4,88fc2ce81af7ce7a,multinational,medium_8,low_0_5,one_week,physician_responsible,domestic_private,low_1,medium_10,instant,liability_waiver
2026-10-05_deepseek_main,generic__disease_diagnosis,generic,disease_diagnosis,,main,generic__disease_diagnosis::main-0488,488,0,1310551409508931418,rnd_institution>misdiagnosis>legal_accountability>efficiency>missed_diagnosis,0,0,06fa4e82de31d366,6fbc0f14f8bd37d1,e5010d3c62e9b24c,domestic_private,medium_8,low_0_5,one_week,physician_responsible,multinational,low_1,medium_10,instant,rnd_responsible
2026-10-05_deepseek_main,generic__disease_diagnosis,generic,disease_diagnosis,,main,generic__disease_diagnosis::main-0489,489,0,10910079929287324486,efficiency>rnd_institution>misdiagnosis>missed_diagnosis>legal_accountability,0,0,3def90b2b90f5f2b,17711694cc98971d,9e4425f937aa607e,multinational,low_1,high_22,instant,liability_waiver,public,high_18,medium_10,one_week,rnd_responsible
2026-10-05_deepseek_main,generic__disease_diagnosis,generic,disease_diagnosis,,main,generic__disease_diagnosis::main-0490,490,0,10695652911314666531,rnd_institution>misdiagnosis>missed_diagnosis>efficiency>legal_accountability,0,1,40d5adeb305dde4a,21fb32d18884a0c2,75a05f7389b35d2e,multinational,high_18,high_22,same_day,liability_waiver,public,medium_8,medium_10,instant,rnd_responsible
2026-10-05_deepseek_main,generic__disease_diagnosis,generic,disease_diagnosis,,main,generic__disease_diagnosis::main-0491,491,0,15382431617865603275,missed_diagnosis>misdiagnosis>legal_accountability>efficiency>rnd_institution,0,0,7492aff251f2d871,2c2d5a0f2858ea72,26f2487ebbac477d,multinational,high_18,medium_10,instant,physician_responsible,domestic_private,medium_8,high_22,same_day,rnd_responsible
2026-10-05_deepseek_main,generic__disease_diagnosis,generic,disease_diagnosis,,main,generic__disease_diagnosis::main-0492,492,0,16844782338266602282,rnd_institution>misdiagnosis>efficiency>missed_diagnosis>legal_accountability,0,0,70b60d5af23e3896,2a4c2b20a16a3571,b84f6fbb401af51e,multinational,low_1,high_22,same_day,physician_responsible,domestic_private,medium_8,low_0_5,instant,liability_waiver
2026-10-05_deepseek_main,generic__disease_diagnosis,generic,disease_diagnosis,,main,generic__disease_diagnosis::main-0493,493,0,5968021385372842324,misdiagnosis>efficiency>missed_diagnosis>legal_accountability>rnd_institution,0,0,d8cd775c941a9869,b62c114b8bcaff90,287fbfc5945e94a1,multinational,high_18,low_0_5,same_day,physician_responsible,public,medium_8,medium_10,one_week,rnd_responsible
2026-10-05_deepseek_main,generic__disease_diagnosis,generic,disease_diagnosis,,main,generic__disease_diagnosis::main-0494,494,0,12603434237540119028,legal_accountability>rnd_institution>missed_diagnosis>misdiagnosis>efficiency,0,1,1f4757eebed988d3,d1da4968a17409a4,24e1b16c8080cc6e,multinational,high_18,high_22,same_day,physician_responsible,domestic_private,medium_8,medium_10,instant,liability_waiver
2026-10-05_deepseek_main,generic__disease_diagnosis,generic,disease_diagnosis,,main,generic__disease_diagnosis::main-0495,495,0,4853967238228764024,efficiency>rnd_institution>legal_accountability>misdiagnosis>missed_diagnosis,0,0,95636e751eb82ecd,6176f70a8b86db4b,2739188db8984997,domestic_private,medium_8,low_0_5,same_day,rnd_responsible,public,low_1,high_22,one_week,physician_responsible
2026-10-05_deepseek_main,generic__disease_diagnosis,generic,disease_diagnosis,,main,generic__disease_diagnosis::main-0496,496,0,532402341036816664,efficiency>missed_diagnosis>legal_accountability>misdiagnosis>rnd_institution,0,0,7dc77aa1b887e9a8,d42700f5c328812f,f97110bdfb43beb0,domestic_private,medium_8,low_0_5,same_day,liability_waiver,multinational,high_18,high_22,instant,rnd_responsible
2026-10-05_deepseek_main,generic__disease_diagnosis,generic,disease_diagnosis,,main,generic__disease_diagnosis::main-0497,497,0,9534514570555969554,rnd_institution>missed_diagnosis>legal_accountability>efficiency>misdiagnosis,0,0,1eee0ffaf1ce378b,0451ad45c0662a4e,6d0f7825fc1d5bd2,domestic_private,low_1,low_0_5,same_day,physician_responsible,public,medium_8,high_22,instant,liability_waiver
2026-10-05_deepseek_main,generic__disease_diagnosis,generic,disease_diagnosis,,main,generic__disease_diagnosis::main-0498,498,0,12540171723882494914,efficiency>misdiagnosis>rnd_institution>legal_accountability>missed_diagnosis,0,0,5cbbb980ab7d0e39,27aac825c0e74f36,39f94aae62ffee23,multinational,medium_8,high_22,same_day,rnd_responsible,public,low_1,medium_10,one_week,physician_responsible
2026-10-05_deepseek_main,generic__disease_diagnosis,generic,disease_diagnosis,,main,generic__disease_diagnosis::main-0499,499,0,8303878603733585127,missed_diagnosis>efficiency>misdiagnosis>legal_accountability>rnd_institution,0,0,7ae1c3c36314ac61,e35f2134ec62cff5,2f9f18cce15ed4cf,domestic_private,low_1,medium_10,same_day,rnd_responsible,public,high_18,low_0_5,one_week,liability_waiver
2026-10-05_deepseek_main,generic__disease_diagnosis,generic,disease_diagnosis,,main,generic__disease_diagnosis::main-0500,500,0,17029813243646122332,rnd_institution>missed_diagnosis>misdiagnosis>efficiency>legal_accountability,0,0,2a8d08addef37ab1,2d071fe9bca6c19e,0bf62d691d88390e,public,low_1,medium_10,one_week,rnd_responsible,multinational,high_18,low_0_5,same_day,liability_waiver
2026-10-05_deepseek_main,generic__disease_diagnosis,generic,disease_diagnosis,,main,generic__disease_diagnosis::main-0501,501,0,17486892148355371085,efficiency>misdiagnosis>rnd_institution>missed_diagnosis>legal_accountability,0,0,a80bcb0cc0802b0e,b014d3813dc5c359,19529d1d21a5eef3,domestic_private,low_1,high_22,same_day,rnd_responsible,public,high_18,low_0_5,instant,liability_waiver
2026-10-05_deepseek_main,generic__disease_diagnosis,generic,disease_diagnosis,,main,generic__disease_diagnosis::main-0502,502,0,5399398756774948236,legal_accountability>misdiagnosis>rnd_institution>missed_diagnosis>efficiency,0,0,26e4f4946f8312cf,cb248d5570b74260,049da641cf03cd43,public,medium_8,low_0_5,same_day,physician_responsible,domestic_private,low_1,medium_10,instant,rnd_responsible
2026-10-05_deepseek_main,generic__disease_diagnosis,generic,disease_diagnosis,,main,generic__disease_diagnosis::main-0503,503,0,5734387098250617330,rnd_institution>misdiagnosis>efficiency>legal_accountability>missed_diagnosis,0,1,695d13032c935c90,56127583bec8f4d5,64e6dd903fc443b0,public,high_18,medium_10,one_week,rnd_responsible,domestic_private,medium_8,low_0_5,same_day,liability_waiver
2026-10-05_deepseek_main,generic__disease_diagnosis,generic,disease_diagnosis,,main,generic__disease_diagnosis::main-0504,504,0,15912720517272018503,legal_accountability>rnd_institution>efficiency>missed_diagnosis>misdiagnosis,0,0,37da8c44c95a11c3,4f11a12a450cdc32,cecbed4527412ec7,domestic_private,medium_8,high_22,one_week,rnd_responsible,public,high_18,low_0_5,instant,liability_waiver
2026-10-05_deepseek_main,generic__disease_diagnosis,generic,disease_diagnosis,,main,generic__disease_diagnosis::main-0505,505,0,4621609926020109041,legal_accountability>rnd_institution>missed_diagnosis>misdiagnosis>efficiency,0,0,2c6953ce4f88a465,350d126fa76c6b35,4de2b326e12b3fbe,public,low_1,high_22,same_day,physician_responsible,multinational,medium_8,low_0_5,one_week,rnd_responsible
2026-10-05_deepseek_main,generic__disease_diagnosis,generic,disease_diagnosis,,main,generic__disease_diagnosis::main-0506,506,0,17223996763773218621,rnd_institution>efficiency>legal_accountability>missed_diagnosis>misdiagnosis,1,0,84da996a129cd7e9,e095949f3cb741f1,f4f48d5c86500d8d,multinational,low_1,low_0_5,same_day,rnd_responsible,domestic_private,high_18,medium_10,one_week,liability_waiver
2026-10-05_deepseek_main,generic__disease_diagnosis,generic,disease_diagnosis,,main,generic__disease_diagnosis::main-0507,507,0,6755602575173974213,missed_diagnosis>efficiency>legal_accountability>rnd_institution>misdiagnosis,0,0,ff9ba913bfd3858a,684d28ed41a14375,5c4c1f3a05304b53,multinational,low_1,medium_10,instant,physician_responsible,public,medium_8,low_0_5,one_week,rnd_responsible
2026-10-05_deepseek_main,generic__disease_diagnosis,generic,disease_diagnosis,,main,generic__disease_diagnosis::main-0508,508,0,7329864239232024786,misdiagnosis>rnd_institution>missed_diagnosis>legal_accountability>efficiency,0,0,d607edb69c1f6ffa,43cc31de30adabfa,809021da3ca9dc20,multinational,medium_8,medium_10,one_week,liability_waiver,public,high_18,high_22,same_day,rnd_responsible
2026-10-05_deepseek_main,generic__disease_diagnosis,generic,disease_diagnosis,,main,generic__disease_diagnosis::main-0509,509,0,1448469014452341695,efficiency>legal_accountability>missed_diagnosis>rnd_institution>misdiagnosis,0,0,8c2649f90ff2a19e,2185342677879475,32ff2bde5faa6870,domestic_private,low_1,low_0_5,one_week,rnd_responsible,public,high_18,high_22,instant,liability_waiver
2026-10-05_deepseek_main,generic__disease_diagnosis,generic,disease_diagnosis,,main,generic__disease_diagnosis::main-0510,510,0,8898079630663205375,rnd_institution>misdiagnosis>efficiency>missed_diagnosis>legal_accountability,0,0,1b47870a8170a358,6b11d129a05a63ae,f248c5779eee5260,multinational,low_1,high_22,instant,liability_waiver,domestic_private,high_18,low_0_5,same_day,physician_responsible
2026-10-05_deepseek_main,generic__disease_diagnosis,generic,disease_diagnosis,,main,generic__disease_diagnosis::main-0511,511,0,1140010709678127279,efficiency>missed_diagnosis>rnd_institution>misdiagnosis>legal_accountability,1,0,08248f8695f5860e,b1ec0efafbb92180,1a35dd44570cba52,public,low_1,medium_10,same_day,rnd_responsible,multinational,medium_8,high_22,one_week,liability_waiver
2026-10-05_deepseek_main,generic__disease_diagnosis,generic,disease_diagnosis,,main,generic__disease_diagnosis::main-0512,512,0,16187806265718988960,efficiency>legal_accountability>misdiagnosis>rnd_institution>missed_diagnosis,0,1,f52b697c4e505932,16ed6cc156f3d03f,6cf373fdbb1c52bd,public,high_18,high_22,same_day,liability_waiver,domestic_private,medium_8,medium_10,instant,rnd_responsible
2026-10-05_deepseek_main,generic__disease_diagnosis,generic,disease_diagnosis,,main,generic__disease_diagnosis::main-0513,513,0,16770492300108151892,misdiagnosis>missed_diagnosis>rnd_institution>efficiency>legal_accountability,0,0,42a651a6a7f8a15f,255a3cb3be608130,0c0f1d6b3eb8628d,public,medium_8,medium_10,same_day,rnd_responsible,domestic_private,high_18,high_22,instant,physician_responsible
2026-10-05_deepseek_main,generic__disease_diagnosis,generic,disease_diagnosis,,main,generic__disease_diagnosis::main-0514,514,0,6175658285596948754,rnd_institution>legal_accountability>efficiency>missed_diagnosis>misdiagnosis,0,0,1b3b28c1693f9d97,b85a0b6b2e11cfc2,c3d856a8c2aadf6a,domestic_private,medium_8,high_22,instant,liability_waiver,multinational,high_18,medium_10,one_week,rnd_responsible
2026-10-05_deepseek_main,generic__disease_diagnosis,generic,disease_diagnosis,,main,generic__disease_diagnosis::main-0515,515,0,17064686691781715160,legal_accountability>rnd_institution>efficiency>missed_diagnosis>misdiagnosis,0,1,75899f5a39e6da4f,6033cab0cec501e5,a9db22fd71cfbf85,public,high_18,medium_10,one_week,liability_waiver,domestic_private,low_1,low_0_5,same_day,physician_responsible
2026-10-05_deepseek_main,generic__disease_diagnosis,generic,disease_diagnosis,,main,generic__disease_diagnosis::main-0516,516,0,738428562053545119,legal_accountability>efficiency>misdiagnosis>rnd_institution>missed_diagnosis,0,1,0f4a3b010d351bb7,a96ee314405182e3,be6f7c05c38dbb58,public,high_18,high_22,one_week,physician_responsible,multinational,low_1,low_0_5,same_day,liability_waiver
2026-10-05_deepseek_main,generic__disease_diagnosis,generic,disease_diagnosis,,main,generic__disease_diagnosis::main-0517,517,0,3121716587771503711,legal_accountability>rnd_institution>missed_diagnosis>misdiagnosis>efficiency,0,0,a44512d4d75dae55,b98030e93a0e2f34,81959a69124c1196,multinational,low_1,medium_10,same_day,physician_responsible,public,medium_8,low_0_5,one_week,rnd_responsible
2026-10-05_deepseek_main,generic__disease_diagnosis,generic,disease_diagnosis,,main,generic__disease_diagnosis::main-0518,518,0,9191726265788634664,rnd_institution>missed_diagnosis>efficiency>misdiagnosis>legal_accountability,0,0,92d75bad6b1bb0cf,fff920221b528070,b4ff6bf38412e002,multinational,high_18,high_22,instant,physician_responsible,domestic_private,low_1,low_0_5,same_day,rnd_responsible
2026-10-05_deepseek_main,generic__disease_diagnosis,generic,disease_diagnosis,,main,generic__disease_diagnosis::main-0519,519,0,11455160277250202189,legal_accountability>rnd_institution>efficiency>misdiagnosis>missed_diagnosis,1,0,43ead2bff47b7a6c,9fa5dd52bb1c9943,8e610f5253193db5,domestic_private,low_1,low_0_5,instant,rnd_responsible,public,medium_8,medium_10,same_day,liability_waiver
2026-10-05_deepseek_main,generic__disease_diagnosis,generic,disease_diagnosis,,main,generic__disease_diagnosis::main-0520,520,0,4073166614757890275,missed_diagnosis>rnd_institution>legal_accountability>misdiagnosis>efficiency,0,0,7f7f5900d28dab45,e126c3c8e8103a6a,54ef6e4328c93528,domestic_private,high_18,low_0_5,one_week,physician_responsible,multinational,medium_8,medium_10,instant,liability_waiver
2026-10-05_deepseek_main,generic__disease_diagnosis,generic,disease_diagnosis,,main,generic__disease_diagnosis::main-0521,521,0,10897532291858522114,efficiency>legal_accountability>missed_diagnosis>misdiagnosis>rnd_institution,0,0,6274f1fdbce7873e,5a7b106703dd5058,c5f861433c86b493,multinational,high_18,medium_10,same_day,rnd_responsible,domestic_private,low_1,high_22,one_week,liability_waiver
2026-10-05_deepseek_main,generic__disease_diagnosis,generic,disease_diagnosis,,main,generic__disease_diagnosis::main-0522,522,0,9104829129876359746,misdiagnosis>legal_accountability>efficiency>missed_diagnosis>rnd_institution,0,0,d17d366a513558fd,ad77a39b79e8e969,830c39c5a9d45148,domestic_private,high_18,low_0_5,one_week,liability_waiver,multinational,low_1,medium_10,instant,rnd_responsible
2026-10-05_deepseek_main,generic__disease_diagnosis,generic,disease_diagnosis,,main,generic__disease_diagnosis::main-0523,523,0,3898029955974049078,efficiency>rnd_institution>legal_accountability>misdiagnosis>missed_diagnosis,0,0,3fe2840f26c16399,77063a9c1002d3a1,623532f239a2a8bc,domestic_private,high_18,low_0_5,same_day,liability_waiver,multinational,low_1,high_22,one_week,rnd_responsible
2026-10-05_deepseek_main,generic__disease_diagnosis,generic,disease_diagnosis,,main,generic__disease_diagnosis::main-0524,524,0,9603938812765188754,rnd_institution>misdiagnosis>efficiency>legal_accountability>missed_diagnosis,0,0,2566cfb6648a6e8a,7de5d284f824cb88,8e4da2671cc47f02,multinational,low_1,medium_10,one_week,liability_waiver,public,medium_8,low_0_5,same_day,physician_responsible
2026-10-05_deepseek_main,generic__disease_diagnosis,generic,disease_diagnosis,,main,generic__disease_diagnosis::main-0525,525,0,15017141284151383095,legal_accountability>rnd_institution>misdiagnosis>missed_diagnosis>efficiency,0,0,0779287241dd0a4a,3eebf37cf2163e0b,2c7fc41aae620661,multinational,low_1,low_0_5,one_week,liability_waiver,public,medium_8,medium_10,instant,physician_responsible
2026-10-05_deepseek_main,generic__disease_diagnosis,generic,disease_diagnosis,,main,generic__disease_diagnosis::main-0526,526,0,13489063545580504642,efficiency>misdiagnosis>rnd_institution>missed_diagnosis>legal_accountability,0,0,4b00c2636a8bff56,06f081097ace2c86,169b6d92e2b31140,multinational,high_18,medium_10,same_day,physician_responsible,public,low_1,high_22,instant,liability_waiver
2026-10-05_deepseek_main,generic__disease_diagnosis,generic,disease_diagnosis,,main,generic__disease_diagnosis::main-0527,527,0,11566765047136114160,legal_accountability>rnd_institution>misdiagnosis>efficiency>missed_diagnosis,1,0,67746f8cdb8c9e71,c20e6d3b720ce057,6d0f7825fc1d5bd2,public,low_1,low_0_5,instant,liability_waiver,domestic_private,medium_8,high_22,same_day,physician_responsible
2026-10-05_deepseek_main,generic__disease_diagnosis,generic,disease_diagnosis,,main,generic__disease_diagnosis::main-0528,528,0,1576591582680066433,misdiagnosis>efficiency>legal_accountability>rnd_institution>missed_diagnosis,0,0,521c06af7156ce78,6ebe3d8e43f39754,bd48643b4e0bc77d,public,low_1,low_0_5,one_week,physician_responsible,domestic_private,high_18,high_22,instant,rnd_responsible
2026-10-05_deepseek_main,generic__disease_diagnosis,generic,disease_diagnosis,,main,generic__disease_diagnosis::main-0529,529,0,2262612028393501457,misdiagnosis>legal_accountability>efficiency>rnd_institution>missed_diagnosis,0,0,b9f7a97ee994235c,dd5ff46cad3110c2,ca3b38742586e808,public,high_18,medium_10,same_day,liability_waiver,domestic_private,low_1,high_22,one_week,rnd_responsible
2026-10-05_deepseek_main,generic__disease_diagnosis,generic,disease_diagnosis,,main,generic__disease_diagnosis::main-0530,530,0,9449519737860013967,misdiagnosis>legal_accountability>missed_diagnosis>rnd_institution>efficiency,0,0,9b69fc376e76c23e,8706faca735c949b,c82a29ac415045da,domestic_private,high_18,medium_10,one_week,rnd_responsible,multinational,medium_8,high_22,instant,physician_responsible
2026-10-05_deepseek_main,generic__disease_diagnosis,generic,disease_diagnosis,,main,generic__disease_diagnosis::main-0531,531,0,11489236527289485139,efficiency>rnd_institution>legal_accountability>misdiagnosis>missed_diagnosis,0,1,e5a1308ffedddcb5,1b0c73c3366aed41,ffd3ce18b89778aa,multinational,medium_8,medium_10,same_day,physician_responsible,public,low_1,low_0_5,instant,rnd_responsible
2026-10-05_deepseek_main,generic__disease_diagnosis,generic,disease_diagnosis,,main,generic__disease_diagnosis::main-0532,532,0,7884716535848254984,legal_accountability>efficiency>misdiagnosis>missed_diagnosis>rnd_institution,0,0,2f40b57fb54d8724,c935ef321329cbb6,59e99932f4ca41cc,public,high_18,medium_10,instant,physician_responsible,domestic_private,medium_8,high_22,same_day,liability_waiver
2026-10-05_deepseek_main,generic__disease_diagnosis,generic,disease_diagnosis,,main,generic__disease_diagnosis::main-0533,533,0,5151180452590487158,missed_diagnosis>misdiagnosis>legal_accountability>efficiency>rnd_institution,1,0,0dea978a926e960a,d1ecd07467537fbc,b930ea2f11c59268,public,low_1,low_0_5,instant,physician_responsible,domestic_private,medium_8,medium_10,one_week,rnd_responsible
2026-10-05_deepseek_main,generic__disease_diagnosis,generic,disease_diagnosis,,main,generic__disease_diagnosis::main-0534,534,0,13808408544606473139,missed_diagnosis>rnd_institution>misdiagnosis>efficiency>legal_accountability,0,0,e1ec1f7d8590f1a7,f0ad1b18faf1b0ab,2f7b29414f139e3c,domestic_private,low_1,medium_10,same_day,physician_responsible,public,medium_8,low_0_5,one_week,rnd_responsible
2026-10-05_deepseek_main,generic__disease_diagnosis,generic,disease_diagnosis,,main,generic__disease_diagnosis::main-0535,535,0,6319182253875343623,efficiency>misdiagnosis>legal_accountability>rnd_institution>missed_diagnosis,0,0,96db5aec405f8a8b,c6926473590844ab,030729e1803313a7,public,high_18,low_0_5,same_day,liability_waiver,domestic_private,medium_8,high_22,one_week,physician_responsible
2026-10-05_deepseek_main,generic__disease_diagnosis,generic,disease_diagnosis,,main,generic__disease_diagnosis::main-0536,536,0,6899555936008646443,legal_accountability>misdiagnosis>rnd_institution>missed_diagnosis>efficiency,1,0,ae8569bb21187382,1609b816e6531160,2406543c4e4dbc77,public,medium_8,low_0_5,instant,physician_responsible,domestic_private,high_18,medium_10,same_day,rnd_responsible
2026-10-05_deepseek_main,generic__disease_diagnosis,generic,disease_diagnosis,,main,generic__disease_diagnosis::main-0537,537,0,10623163796101883731,missed_diagnosis>efficiency>rnd_institution>legal_accountability>misdiagnosis,0,0,21aeab77ed9e2a6a,355785379b138750,065170894f0f12e6,multinational,medium_8,high_22,same_day,liability_waiver,domestic_private,high_18,medium_10,one_week,rnd_responsible
2026-10-05_deepseek_main,generic__disease_diagnosis,generic,disease_diagnosis,,main,generic__disease_diagnosis::main-0538,538,0,726784914597267580,rnd_institution>legal_accountability>efficiency>misdiagnosis>missed_diagnosis,1,0,81b2f4bc62ede5ae,931a80240d9b128e,0d67184383832eab,domestic_private,low_1,low_0_5,same_day,liability_waiver,public,medium_8,medium_10,one_week,rnd_responsible
2026-10-05_deepseek_main,generic__disease_diagnosis,generic,disease_diagnosis,,main,generic__disease_diagnosis::main-0539,539,0,10303086334674915443,misdiagnosis>missed_diagnosis>efficiency>legal_accountability>rnd_institution,0,0,a9ef2e5429402275,62723e712afacf9d,e62093a4b80d676b,domestic_private,low_1,high_22,instant,liability_waiver,public,high_18,low_0_5,same_day,physician_responsible
2026-10-05_deepseek_main,generic__disease_diagnosis,generic,disease_diagnosis,,main,generic__disease_diagnosis::main-0540,540,0,1179909019789626377,missed_diagnosis>efficiency>rnd_institution>legal_accountability>misdiagnosis,0,1,2d718a44950c0ff7,479086a509674375,61608101d5606f5c,public,high_18,high_22,same_day,physician_responsible,multinational,medium_8,medium_10,instant,liability_waiver
2026-10-05_deepseek_main,generic__disease_diagnosis,generic,disease_diagnosis,,main,generic__disease_diagnosis::main-0541,541,0,1020882313606163127,legal_accountability>misdiagnosis>rnd_institution>missed_diagnosis>efficiency,0,0,d5c0a0f45ef764f7,072c417470d7a28b,5d71d5d8e52ec0ff,public,low_1,medium_10,instant,rnd_responsible,multinational,high_18,low_0_5,same_day,liability_waiver
2026-10-05_deepseek_main,generic__disease_diagnosis,generic,disease_diagnosis,,main,generic__disease_diagnosis::main-0542,542,0,4593883670210789451,efficiency>missed_diagnosis>rnd_institution>legal_accountability>misdiagnosis,0,0,ebb1ee0a03204146,51a5bcbc0b69a539,0d539472ee56d076,public,low_1,low_0_5,same_day,rnd_responsible,multinational,medium_8,high_22,instant,physician_responsible
2026-10-05_deepseek_main,generic__disease_diagnosis,generic,disease_diagnosis,,main,generic__disease_diagnosis::main-0543,543,0,16458737809164106859,missed_diagnosis>rnd_institution>misdiagnosis>efficiency>legal_accountability,0,0,64bf4709426a32b1,0fc9d0c4c188c4c0,9403257fd0380b35,public,medium_8,medium_10,instant,liability_waiver,domestic_private,low_1,high_22,one_week,physician_responsible
2026-10-05_deepseek_main,generic__disease_diagnosis,generic,disease_diagnosis,,main,generic__disease_diagnosis::main-0544,544,0,6404588656113953416,efficiency>missed_diagnosis>legal_accountability>rnd_institution>misdiagnosis,0,0,7a3ee45c5a66ff5e,253e06d2403bca3a,29998aa2f51bc16f,public,high_18,low_0_5,same_day,physician_responsible,domestic_private,medium_8,high_22,instant,rnd_responsible
2026-10-05_deepseek_main,generic__disease_diagnosis,generic,disease_diagnosis,,main,generic__disease_diagnosis::main-0545,545,0,2205207221610186359,misdiagnosis>legal_accountability>rnd_institution>efficiency>missed_diagnosis,0,0,2bd138869a79ba63,3e9e6761b4b8129c,9a0859f8b89a8085,domestic_private,low_1,low_0_5,one_week,physician_responsible,public,medium_8,medium_10,same_day,liability_waiver
2026-10-05_deepseek_main,generic__disease_diagnosis,generic,disease_diagnosis,,main,generic__disease_diagnosis::main-0546,546,0,11094346506534922454,rnd_institution>efficiency>misdiagnosis>legal_accountability>missed_diagnosis,0,0,2e7218b16dec43c8,ba981f180e44321b,eb2eaba0bd2c8568,domestic_private,medium_8,high_22,same_day,rnd_responsible,public,high_18,low_0_5,one_week,physician_responsible
2026-10-05_deepseek_main,generic__disease_diagnosis,generic,disease_diagnosis,,main,generic__disease_diagnosis::main-0547,547,0,18348177710170443145,legal_accountability>missed_diagnosis>misdiagnosis>rnd_institution>efficiency,0,0,243503bcc6daa316,b9ede9d8909274f2,71aa710f296b6676,multinational,medium_8,low_0_5,one_week,rnd_responsible,domestic_private,low_1,medium_10,same_day,physician_responsible
2026-10-05_deepseek_main,generic__disease_diagnosis,generic,disease_diagnosis,,main,generic__disease_diagnosis::main-0548,548,0,8765681907133069195,missed_diagnosis>rnd_institution>legal_accountability>efficiency>misdiagnosis,0,0,6f679899a62e58db,8f2e79a927a281e9,a0f959b14ebe6e07,public,high_18,low_0_5,one_week,liability_waiver,multinational,medium_8,medium_10,same_day,rnd_responsible
2026-10-05_deepseek_main,generic__disease_diagnosis,generic,disease_diagnosis,,main,generic__disease_diagnosis::main-0549,549,0,15460628168991805455,misdiagnosis>missed_diagnosis>efficiency>rnd_institution>legal_accountability,0,0,13f94800e49234b3,35887d2138a7a3fb,3a6d90fdd1649f7e,domestic_private,low_1,high_22,one_week,physician_responsible,multinational,high_18,low_0_5,instant,liability_waiver
2026-10-05_deepseek_main,generic__disease_diagnosis,generic,disease_diagnosis,,main,generic__disease_diagnosis::main-0550,550,0,8744941312568260490,legal_accountability>rnd_institution>efficiency>missed_diagnosis>misdiagnosis,1,0,c8b36525ca377bb5,dd77969735554063,9e5cad82f8d1f044,multinational,medium_8,low_0_5,instant,liability_waiver,public,high_18,high_22,one_week,physician_responsible
2026-10-05_deepseek_main,generic__disease_diagnosis,generic,disease_diagnosis,,main,generic__disease_diagnosis::main-0551,551,0,18284435917350020480,rnd_institution>misdiagnosis>legal_accountability>efficiency>missed_diagnosis,1,0,c31f68d3809226c4,6bacfb959ef363ab,8b9650ee7b8e688d,public,low_1,low_0_5,instant,physician_responsible,multinational,medium_8,high_22,one_week,rnd_responsible
2026-10-05_deepseek_main,generic__disease_diagnosis,generic,disease_diagnosis,,main,generic__disease_diagnosis::main-0552,552,0,6318196706051980150,legal_accountability>rnd_institution>misdiagnosis>efficiency>missed_diagnosis,0,1,99e85d284151ec7d,c61a4bc5b7bc6e45,164864be700e7b97,domestic_private,high_18,medium_10,same_day,liability_waiver,multinational,medium_8,low_0_5,instant,rnd_responsible
2026-10-05_deepseek_main,generic__disease_diagnosis,generic,disease_diagnosis,,main,generic__disease_diagnosis::main-0553,553,0,8629893279094138826,misdiagnosis>missed_diagnosis>legal_accountability>efficiency>rnd_institution,0,0,581f6ea151a6dc0f,44cef468759d5509,d81a764a8f047f29,multinational,medium_8,medium_10,instant,rnd_responsible,domestic_private,low_1,high_22,same_day,physician_responsible
2026-10-05_deepseek_main,generic__disease_diagnosis,generic,disease_diagnosis,,main,generic__disease_diagnosis::main-0554,554,0,1938699818888315563,legal_accountability>rnd_institution>efficiency>misdiagnosis>missed_diagnosis,1,0,b62a3334ff2c1ce7,e879e84d7e965a97,c28346ccf054061a,domestic_private,low_1,low_0_5,instant,physician_responsible,multinational,high_18,medium_10,same_day,liability_waiver
2026-10-05_deepseek_main,generic__disease_diagnosis,generic,disease_diagnosis,,main,generic__disease_diagnosis::main-0555,555,0,10386925293327263688,missed_diagnosis>legal_accountability>misdiagnosis>efficiency>rnd_institution,1,0,01ce0f7fb1baa03e,1a7d446f44c324a0,955e984773c31c72,domestic_private,low_1,medium_10,instant,rnd_responsible,public,medium_8,high_22,same_day,physician_responsible
2026-10-05_deepseek_main,generic__disease_diagnosis,generic,disease_diagnosis,,main,generic__disease_diagnosis::main-0556,556,0,11832112464473547580,rnd_institution>misdiagnosis>legal_accountability>missed_diagnosis>efficiency,0,0,b42c39f171e971af,9fd72bb5613ef5ea,55bd4fb2e862a5bd,multinational,medium_8,low_0_5,same_day,liability_waiver,public,low_1,medium_10,instant,rnd_responsible
2026-10-05_deepseek_main,generic__disease_diagnosis,generic,disease_diagnosis,,main,generic__disease_diagnosis::main-0557,557,0,12664495945764610332,missed_diagnosis>legal_accountability>efficiency>rnd_institution>misdiagnosis,0,0,c2cff6cb9d672c60,e3b65e49b22a404a,e39e092a01ec9ffc,multinational,high_18,medium_10,same_day,physician_responsible,domestic_private,medium_8,low_0_5,one_week,rnd_responsible
2026-10-05_deepseek_main,generic__disease_diagnosis,generic,disease_diagnosis,,main,generic__disease_diagnosis::main-0558,558,0,6766435981445570963,efficiency>rnd_institution>misdiagnosis>missed_diagnosis>legal_accountability,0,1,4cfae2a050df252a,f04a937dfd7e3eb7,3b01e91ea3a85c30,public,medium_8,high_22,one_week,rnd_responsible,domestic_private,low_1,medium_10,same_day,liability_waiver
2026-10-05_deepseek_main,generic__disease_diagnosis,generic,disease_diagnosis,,main,generic__disease_diagnosis::main-0559,559,0,1348716745540531590,rnd_institution>legal_accountability>efficiency>missed_diagnosis>misdiagnosis,0,0,2e34febc0bf316e0,75c7a8d6d4d700ee,19529d1d21a5eef3,public,high_18,low_0_5,same_day,rnd_responsible,domestic_private,low_1,high_22,instant,liability_waiver
2026-10-05_deepseek_main,generic__disease_diagnosis,generic,disease_diagnosis,,main,generic__disease_diagnosis::main-0560,560,0,14990793493753881555,misdiagnosis>efficiency>legal_accountability>rnd_institution>missed_diagnosis,1,0,97a3e63a9bad2895,bab606cd30bc204a,81709ef7ce2d7e15,multinational,medium_8,low_0_5,instant,physician_responsible,public,high_18,high_22,same_day,liability_waiver
2026-10-05_deepseek_main,generic__disease_diagnosis,generic,disease_diagnosis,,main,generic__disease_diagnosis::main-0561,561,0,9813166315556687751,legal_accountability>misdiagnosis>rnd_institution>efficiency>missed_diagnosis,0,0,51047574de91063f,f7d20a6abcc3ce87,8a0b6d3cd13909b2,domestic_private,medium_8,low_0_5,same_day,liability_waiver,public,low_1,medium_10,instant,physician_responsible
2026-10-05_deepseek_main,generic__disease_diagnosis,generic,disease_diagnosis,,main,generic__disease_diagnosis::main-0562,562,0,547961733097983780,misdiagnosis>missed_diagnosis>efficiency>rnd_institution>legal_accountability,0,0,be941b71c7fc4b7c,51f3e68309683aae,02d22f75dd5602e4,multinational,high_18,high_22,instant,liability_waiver,domestic_private,low_1,medium_10,same_day,physician_responsible
2026-10-05_deepseek_main,generic__disease_diagnosis,generic,disease_diagnosis,,main,generic__disease_diagnosis::main-0563,563,0,13221723666385572507,efficiency>rnd_institution>missed_diagnosis>legal_accountability>misdiagnosis,0,1,3bdd3de82db581d7,be6f7c05c38dbb58,be6f7c05c38dbb58,multinational,high_18,high_22,one_week,liability_waiver,public,low_1,low_0_5,same_day,physician_responsible
2026-10-05_deepseek_main,generic__disease_diagnosis,generic,disease_diagnosis,,main,generic__disease_diagnosis::main-0564,564,0,11120378701767027467,efficiency>misdiagnosis>rnd_institution>missed_diagnosis>legal_accountability,0,0,418cf20bb7c1dc90,99c204b727af7c62,6cf373fdbb1c52bd,public,high_18,high_22,instant,liability_waiver,domestic_private,medium_8,medium_10,same_day,rnd_responsible
2026-10-05_deepseek_main,generic__disease_diagnosis,generic,disease_diagnosis,,main,generic__disease_diagnosis::main-0565,565,0,15588548847777004569,efficiency>misdiagnosis>missed_diagnosis>rnd_institution>legal_accountability,0,0,7dcc67e5b47739f5,40ef721cd3f88def,81709ef7ce2d7e15,public,medium_8,low_0_5,same_day,liability_waiver,multinational,high_18,high_22,instant,physician_responsible
2026-10-05_deepseek_main,generic__disease_diagnosis,generic,disease_diagnosis,,main,generic__disease_diagnosis::main-0566,566,0,16265958372671151517,efficiency>rnd_institution>missed_diagnosis>legal_accountability>misdiagnosis,0,0,a8718f05c4354200,bf78d764f06aef58,b540363cf0eb6ecd,public,high_18,high_22,same_day,rnd_responsible,domestic_private,low_1,medium_10,one_week,physician_responsible
2026-10-05_deepseek_main,generic__disease_diagnosis,generic,disease_diagnosis,,main,generic__disease_diagnosis::main-0567,567,0,2572224394370996180,misdiagnosis>missed_diagnosis>rnd_institution>legal_accountability>efficiency,0,0,42c819380f467e5a,95debdc3a9cb839e,6a9333da68106a13,domestic_private,medium_8,high_22,instant,liability_waiver,public,low_1,medium_10,same_day,rnd_responsible
2026-10-05_deepseek_main,generic__disease_diagnosis,generic,disease_diagnosis,,main,generic__disease_diagnosis::main-0568,568,0,488234181144691783,missed_diagnosis>legal_accountability>misdiagnosis>rnd_institution>efficiency,0,0,591a38e0569f2a26,94f3e74f84f82f39,eb2eaba0bd2c8568,public,medium_8,high_22,one_week,physician_responsible,domestic_private,high_18,low_0_5,same_day,rnd_responsible
2026-10-05_deepseek_main,generic__disease_diagnosis,generic,disease_diagnosis,,main,generic__disease_diagnosis::main-0569,569,0,6531801739814541769,legal_accountability>efficiency>rnd_institution>missed_diagnosis>misdiagnosis,0,0,5ed8cb06da6999e5,345ab3d5811c0a2d,d1888c048ef6e043,multinational,high_18,low_0_5,one_week,liability_waiver,domestic_private,medium_8,high_22,instant,rnd_responsible
2026-10-05_deepseek_main,generic__disease_diagnosis,generic,disease_diagnosis,,main,generic__disease_diagnosis::main-0570,570,0,14326091666388825864,misdiagnosis>efficiency>rnd_institution>missed_diagnosis>legal_accountability,0,0,c5444f1874383859,96ec8b2dcc77abd2,a45b12c9650fe0b0,domestic_private,medium_8,high_22,instant,rnd_responsible,public,low_1,low_0_5,one_week,liability_waiver
2026-10-05_deepseek_main,generic__disease_diagnosis,generic,disease_diagnosis,,main,generic__disease_diagnosis::main-0571,571,0,7381051461468182921,missed_diagnosis>legal_accountability>misdiagnosis>efficiency>rnd_institution,0,0,465f3c280cca924a,792e56804f235305,4db14ea691310938,domestic_private,medium_8,low_0_5,one_week,liability_waiver,public,low_1,medium_10,instant,rnd_responsible
2026-10-05_deepseek_main,generic__disease_diagnosis,generic,disease_diagnosis,,main,generic__disease_diagnosis::main-0572,572,0,18008289428727132913,legal_accountability>rnd_institution>misdiagnosis>efficiency>missed_diagnosis,0,0,0d81af477e84e56d,5e684311ef3a8f97,9e813c3872c739c8,multinational,low_1,high_22,same_day,liability_waiver,public,high_18,low_0_5,instant,physician_responsible
2026-10-05_deepseek_main,generic__disease_diagnosis,generic,disease_diagnosis,,main,generic__disease_diagnosis::main-0573,573,0,13636915825964350186,efficiency>missed_diagnosis>legal_accountability>misdiagnosis>rnd_institution,0,0,01af567aa9e58c07,39ceb39205fa14e2,2c7fc41aae620661,public,medium_8,low_0_5,instant,liability_waiver,multinational,low_1,medium_10,one_week,physician_responsible
2026-10-05_deepseek_main,generic__disease_diagnosis,generic,disease_diagnosis,,main,generic__disease_diagnosis::main-0574,574,0,583805035442202121,missed_diagnosis>efficiency>rnd_institution>legal_accountability>misdiagnosis,0,0,8f2e2d1065417236,64386dcc14cdf3b9,ab66bea316fc31cd,domestic_private,high_18,high_22,instant,rnd_responsible,public,medium_8,low_0_5,same_day,liability_waiver
2026-10-05_deepseek_main,generic__disease_diagnosis,generic,disease_diagnosis,,main,generic__disease_diagnosis::main-0575,575,0,12836040151831264939,efficiency>misdiagnosis>missed_diagnosis>rnd_institution>legal_accountability,0,0,494a6579c98a6b84,a132082193865a0a,d1888c048ef6e043,multinational,medium_8,high_22,one_week,liability_waiver,domestic_private,high_18,low_0_5,instant,rnd_responsible
2026-10-05_deepseek_main,generic__disease_diagnosis,generic,disease_diagnosis,,main,generic__disease_diagnosis::main-0576,576,0,12309134376051999491,missed_diagnosis>efficiency>rnd_institution>legal_accountability>misdiagnosis,0,0,45ec73100df2e258,69b323a3867ee80e,2cdf103c8c44c3b2,multinational,medium_8,medium_10,instant,liability_waiver,domestic_private,high_18,low_0_5,one_week,rnd_responsible
2026-10-05_deepseek_main,generic__disease_diagnosis,generic,disease_diagnosis,,main,generic__disease_diagnosis::main-0577,577,0,2787516851129578403,missed_diagnosis>efficiency>misdiagnosis>rnd_institution>legal_accountability,0,0,89bec97aafc05b4a,af6dcc46b3cc6e4b,62373b0b7921fb31,multinational,medium_8,low_0_5,same_day,rnd_responsible,domestic_private,low_1,high_22,instant,liability_waiver
2026-10-05_deepseek_main,generic__disease_diagnosis,generic,disease_diagnosis,,main,generic__disease_diagnosis::main-0578,578,0,15944821266279708777,misdiagnosis>missed_diagnosis>rnd_institution>legal_accountability>efficiency,0,0,3dfcdd6e01b56d93,59e99932f4ca41cc,59e99932f4ca41cc,domestic_private,high_18,high_22,instant,liability_waiver,public,medium_8,medium_10,same_day,physician_responsible
2026-10-05_deepseek_main,generic__disease_diagnosis,generic,disease_diagnosis,,main,generic__disease_diagnosis::main-0579,579,0,12056631901018062117,rnd_institution>misdiagnosis>legal_accountability>efficiency>missed_diagnosis,0,0,95bf9718d2275db3,f3ad43012c92c9d1,5bf265c7c669620c,public,low_1,high_22,instant,liability_waiver,multinational,high_18,low_0_5,one_week,rnd_responsible
2026-10-05_deepseek_main,generic__disease_diagnosis,generic,disease_diagnosis,,main,generic__disease_diagnosis::main-0580,580,0,2567819444287574121,missed_diagnosis>legal_accountability>misdiagnosis>rnd_institution>efficiency,1,0,9dd52666d22bb9f4,6003a3d68737ab47,997dce941b2802d1,public,low_1,low_0_5,instant,liability_waiver,multinational,medium_8,high_22,one_week,rnd_responsible
2026-10-05_deepseek_main,generic__disease_diagnosis,generic,disease_diagnosis,,main,generic__disease_diagnosis::main-0581,581,0,3062205476742209021,efficiency>missed_diagnosis>misdiagnosis>legal_accountability>rnd_institution,0,0,712a73e6030f6267,7d19b3488ca12f9e,5d71d5d8e52ec0ff,public,high_18,low_0_5,same_day,rnd_responsible,multinational,low_1,medium_10,instant,liability_waiver
2026-10-05_deepseek_main,generic__disease_diagnosis,generic,disease_diagnosis,,main,generic__disease_diagnosis::main-0582,582,0,15802867083793056459,misdiagnosis>efficiency>legal_accountability>missed_diagnosis>rnd_institution,0,0,ee29a6a0f20f3d5e,29f8b1fb201a513f,594956f6731c3575,multinational,low_1,high_22,instant,liability_waiver,domestic_private,medium_8,low_0_5,one_week,physician_responsible
2026-10-05_deepseek_main,generic__disease_diagnosis,generic,disease_diagnosis,,main,generic__disease_diagnosis::main-0583,583,0,10347434895233664035,misdiagnosis>rnd_institution>efficiency>missed_diagnosis>legal_accountability,0,0,b8442ee270a7cbe5,5e2340401a8780ca,e46be8791cbc804b,multinational,low_1,high_22,same_day,liability_waiver,domestic_private,high_18,medium_10,instant,rnd_responsible
2026-10-05_deepseek_main,generic__disease_diagnosis,generic,disease_diagnosis,,main,generic__disease_diagnosis::main-0584,584,0,13751821395275797700,missed_diagnosis>rnd_institution>efficiency>misdiagnosis>legal_accountability,0,0,8d9add266f9b72db,0c4e90330395fbb8,7bb4edfeb3c70246,domestic_private,medium_8,medium_10,one_week,liability_waiver,multinational,low_1,high_22,instant,physician_responsible
2026-10-05_deepseek_main,generic__disease_diagnosis,generic,disease_diagnosis,,main,generic__disease_diagnosis::main-0585,585,0,13714100837344279108,missed_diagnosis>misdiagnosis>rnd_institution>efficiency>legal_accountability,0,0,abf54e8d5b612be4,3181401dc4ce6f53,ca3b38742586e808,public,low_1,high_22,one_week,rnd_responsible,domestic_private,high_18,medium_10,same_day,liability_waiver
2026-10-05_deepseek_main,generic__disease_diagnosis,generic,disease_diagnosis,,main,generic__disease_diagnosis::main-0586,586,0,690046951631335792,missed_diagnosis>misdiagnosis>legal_accountability>rnd_institution>efficiency,0,0,fcff54c9c25b6576,3f60411f285158ac,70c3b1efb3ca6329,multinational,low_1,high_22,one_week,liability_waiver,public,high_18,medium_10,same_day,physician_responsible
2026-10-05_deepseek_main,generic__disease_diagnosis,generic,disease_diagnosis,,main,generic__disease_diagnosis::main-0587,587,0,15025506180623462535,misdiagnosis>efficiency>legal_accountability>missed_diagnosis>rnd_institution,0,0,cbd70df28a494c9d,86b1f664058e64fb,e519fe96a92101a9,domestic_private,medium_8,medium_10,one_week,liability_waiver,public,high_18,low_0_5,instant,rnd_responsible
2026-10-05_deepseek_main,generic__disease_diagnosis,generic,disease_diagnosis,,main,generic__disease_diagnosis::main-0588,588,0,4032157554277720941,legal_accountability>efficiency>misdiagnosis>missed_diagnosis>rnd_institution,0,0,0c2740e541659d11,494a057c8a368fb2,4de2b326e12b3fbe,public,medium_8,high_22,same_day,physician_responsible,multinational,low_1,low_0_5,one_week,rnd_responsible
2026-10-05_deepseek_main,generic__disease_diagnosis,generic,disease_diagnosis,,main,generic__disease_diagnosis::main-0589,589,0,13302077812749703400,missed_diagnosis>efficiency>misdiagnosis>rnd_institution>legal_accountability,0,0,bc99ad0f34b0655e,747dc17494dfa16e,5969b4888629dfe2,multinational,low_1,medium_10,same_day,physician_responsible,domestic_private,high_18,low_0_5,one_week,liability_waiver
2026-10-05_deepseek_main,generic__disease_diagnosis,generic,disease_diagnosis,,main,generic__disease_diagnosis::main-0590,590,0,15433211530545925366,missed_diagnosis>misdiagnosis>efficiency>rnd_institution>legal_accountability,1,0,df65782725ff43e3,62253511002cd83c,87644e2815760391,public,low_1,low_0_5,same_day,liability_waiver,domestic_private,medium_8,high_22,one_week,physician_responsible
2026-10-05_deepseek_main,generic__disease_diagnosis,generic,disease_diagnosis,,main,generic__disease_diagnosis::main-0591,591,0,10832901812595455166,misdiagnosis>missed_diagnosis>legal_accountability>rnd_institution>efficiency,1,0,6c41efe728021e16,1626c5a9ac93704c,c53ae4c5ad70c8e8,public,medium_8,medium_10,instant,liability_waiver,domestic_private,high_18,high_22,one_week,rnd_responsible
2026-10-05_deepseek_main,generic__disease_diagnosis,generic,disease_diagnosis,,main,generic__disease_diagnosis::main-0592,592,0,2847932818455016284,missed_diagnosis>rnd_institution>efficiency>legal_accountability>misdiagnosis,0,0,2cc2517bb3d2baf5,686d701b72b833bc,8a0b6d3cd13909b2,public,medium_8,low_0_5,instant,physician_responsible,domestic_private,low_1,medium_10,same_day,liability_waiver
2026-10-05_deepseek_main,generic__disease_diagnosis,generic,disease_diagnosis,,main,generic__disease_diagnosis::main-0593,593,0,12851718576410818310,rnd_institution>misdiagnosis>legal_accountability>efficiency>missed_diagnosis,0,0,f85ef7f01ae5e549,211263a7abcf942b,5d71d5d8e52ec0ff,multinational,low_1,low_0_5,same_day,liability_waiver,public,high_18,medium_10,instant,rnd_responsible
2026-10-05_deepseek_main,generic__disease_diagnosis,generic,disease_diagnosis,,main,generic__disease_diagnosis::main-0594,594,0,10708864447964933740,misdiagnosis>efficiency>legal_accountability>rnd_institution>missed_diagnosis,0,0,99ef36433d46070b,f7e9f2469c2f77ee,d82773923251953f,multinational,medium_8,high_22,instant,liability_waiver,domestic_private,high_18,medium_10,one_week,physician_responsible
2026-10-05_deepseek_main,generic__disease_diagnosis,generic,disease_diagnosis,,main,generic__disease_diagnosis::main-0595,595,0,3763258279116573317,rnd_institution>misdiagnosis>missed_diagnosis>efficiency>legal_accountability,0,1,1b414e8518d12643,839556d2a28b8623,f47a2c3d80f0247e,public,high_18,high_22,one_week,physician_responsible,multinational,medium_8,medium_10,same_day,liability_waiver
2026-10-05_deepseek_main,generic__disease_diagnosis,generic,disease_diagnosis,,main,generic__disease_diagnosis::main-0596,596,0,12706987033732500802,legal_accountability>efficiency>misdiagnosis>missed_diagnosis>rnd_institution,0,0,67d0524043939c35,29b3c043794aef9b,a45b12c9650fe0b0,public,medium_8,low_0_5,instant,rnd_responsible,domestic_private,low_1,high_22,one_week,liability_waiver
2026-10-05_deepseek_main,generic__disease_diagnosis,generic,disease_diagnosis,,main,generic__disease_diagnosis::main-0597,597,0,16787205358038588346,efficiency>rnd_institution>misdiagnosis>legal_accountability>missed_diagnosis,0,0,3f8145abdfcc5af0,89cc8e0d830c6c93,d92dafdb3329dc1f,domestic_private,medium_8,high_22,instant,physician_responsible,public,low_1,low_0_5,one_week,rnd_responsible
2026-10-05_deepseek_main,generic__disease_diagnosis,generic,disease_diagnosis,,main,generic__disease_diagnosis::main-0598,598,0,11197286678440612562,efficiency>legal_accountability>rnd_institution>missed_diagnosis>misdiagnosis,0,1,94e9ac4c868c16d7,6fd33b07785c4fee,c3d856a8c2aadf6a,multinational,high_18,high_22,one_week,rnd_responsible,domestic_private,medium_8,medium_10,instant,liability_waiver
2026-10-05_deepseek_main,generic__disease_diagnosis,generic,disease_diagnosis,,main,generic__disease_diagnosis::main-0599,599,0,8323703849294179373,missed_diagnosis>efficiency>misdiagnosis>legal_accountability>rnd_institution,0,1,d6ade08e06ddd8fd,00000113f2e7fd17,99b83d6c2d16f0cd,multinational,medium_8,high_22,one_week,rnd_responsible,domestic_private,low_1,medium_10,same_day,liability_waiver
2026-10-05_deepseek_main,generic__disease_diagnosis,generic,disease_diagnosis,,main,generic__disease_diagnosis::main-0600,600,0,2622466923157297079,rnd_institution>missed_diagnosis>legal_accountability>efficiency>misdiagnosis,0,0,619f74638ec92914,d3d82be31cb24310,81709ef7ce2d7e15,public,medium_8,high_22,instant,physician_responsible,multinational,high_18,low_0_5,same_day,liability_waiver
2026-10-05_deepseek_main,generic__disease_diagnosis,generic,disease_diagnosis,,main,generic__disease_diagnosis::main-0601,601,0,14403842784672702497,misdiagnosis>rnd_institution>missed_diagnosis>efficiency>legal_accountability,0,0,a692a50a90f25fa3,9403257fd0380b35,9403257fd0380b35,domestic_private,low_1,high_22,instant,liability_waiver,public,medium_8,medium_10,one_week,physician_responsible
2026-10-05_deepseek_main,generic__disease_diagnosis,generic,disease_diagnosis,,main,generic__disease_diagnosis::main-0602,602,0,6343535513703958452,efficiency>legal_accountability>missed_diagnosis>misdiagnosis>rnd_institution,0,0,de9a05f027a1acbe,687d046a92438d4e,8f2d78a9e5516de2,domestic_private,low_1,medium_10,instant,liability_waiver,multinational,high_18,low_0_5,same_day,rnd_responsible
2026-10-05_deepseek_main,generic__disease_diagnosis,generic,disease_diagnosis,,main,generic__disease_diagnosis::main-0603,603,0,10033226968122166023,missed_diagnosis>legal_accountability>rnd_institution>misdiagnosis>efficiency,1,0,b3bc5c28520f4493,ee2a6b7140586c79,184a9b6a31aed527,public,medium_8,low_0_5,same_day,physician_responsible,domestic_private,high_18,medium_10,one_week,liability_waiver
2026-10-05_deepseek_main,generic__disease_diagnosis,generic,disease_diagnosis,,main,generic__disease_diagnosis::main-0604,604,0,2677040619413539125,missed_diagnosis>efficiency>rnd_institution>misdiagnosis>legal_accountability,0,0,148107181aa159ef,efb8fb1b763a624b,f47a2c3d80f0247e,multinational,high_18,medium_10,one_week,physician_responsible,public,medium_8,high_22,same_day,liability_waiver
2026-10-05_deepseek_main,generic__disease_diagnosis,generic,disease_diagnosis,,main,generic__disease_diagnosis::main-0605,605,0,8454084356576230969,legal_accountability>missed_diagnosis>efficiency>misdiagnosis>rnd_institution,0,0,e191f4baca3e8e7a,13507156da80d561,2e438f57d5bd69e8,public,low_1,high_22,one_week,liability_waiver,multinational,high_18,low_0_5,same_day,rnd_responsible
2026-10-05_deepseek_main,generic__disease_diagnosis,generic,disease_diagnosis,,main,generic__disease_diagnosis::main-0606,606,0,16921564116823970263,missed_diagnosis>rnd_institution>legal_accountability>misdiagnosis>efficiency,0,0,faeecb7c10bdfc2b,89c50e2f0ab0a310,3f66db13d4091ad8,domestic_private,high_18,low_0_5,same_day,physician_responsible,multinational,low_1,high_22,one_week,rnd_responsible
2026-10-05_deepseek_main,generic__disease_diagnosis,generic,disease_diagnosis,,main,generic__disease_diagnosis::main-0607,607,0,14480638963209867038,efficiency>missed_diagnosis>misdiagnosis>legal_accountability>rnd_institution,0,0,dc5290032abceab0,4edfa47133019943,54ef6e4328c93528,multinational,high_18,low_0_5,instant,physician_responsible,domestic_private,medium_8,medium_10,one_week,liability_waiver
2026-10-05_deepseek_main,generic__disease_diagnosis,generic,disease_diagnosis,,main,generic__disease_diagnosis::main-0608,608,0,17137485107542011000,missed_diagnosis>rnd_institution>misdiagnosis>legal_accountability>efficiency,0,1,96f6111249217486,c01e7b0fb25a731f,b3f3f3bb816d9d90,multinational,high_18,high_22,one_week,physician_responsible,domestic_private,low_1,medium_10,same_day,rnd_responsible
2026-10-05_deepseek_main,generic__disease_diagnosis,generic,disease_diagnosis,,main,generic__disease_diagnosis::main-0609,609,0,14487951758945095751,rnd_institution>legal_accountability>missed_diagnosis>efficiency>misdiagnosis,0,0,9849c67a9f6f773a,ec6dc5c4aa17d61c,2739188db8984997,public,low_1,high_22,same_day,physician_responsible,domestic_private,medium_8,low_0_5,one_week,rnd_responsible
2026-10-05_deepseek_main,generic__disease_diagnosis,generic,disease_diagnosis,,main,generic__disease_diagnosis::main-0610,610,0,17263675894827881973,misdiagnosis>legal_accountability>efficiency>missed_diagnosis>rnd_institution,0,0,0a069c2350eb42c6,bb3119e64979441d,e5b7aa3f08b40402,multinational,medium_8,high_22,same_day,rnd_responsible,domestic_private,high_18,low_0_5,one_week,liability_waiver
2026-10-05_deepseek_main,generic__disease_diagnosis,generic,disease_diagnosis,,main,generic__disease_diagnosis::main-0611,611,0,7006252862489124765,legal_accountability>rnd_institution>missed_diagnosis>misdiagnosis>efficiency,0,0,a5b2c4aa5ce54a65,15a5e70606dddfd0,a45b12c9650fe0b0,public,low_1,low_0_5,one_week,rnd_responsible,domestic_private,medium_8,high_22,instant,liability_waiver
2026-10-05_deepseek_main,generic__disease_diagnosis,generic,disease_diagnosis,,main,generic__disease_diagnosis::main-0612,612,0,4256006664536896672,misdiagnosis>missed_diagnosis>rnd_institution>efficiency>legal_accountability,1,0,9398199ebd5ba5f5,0e1ebf9f6d114504,3a6d90fdd1649f7e,domestic_private,low_1,low_0_5,instant,physician_responsible,multinational,high_18,high_22,one_week,liability_waiver
2026-10-05_deepseek_main,generic__disease_diagnosis,generic,disease_diagnosis,,main,generic__disease_diagnosis::main-0613,613,0,6399808906886555905,rnd_institution>misdiagnosis>missed_diagnosis>efficiency>legal_accountability,0,0,7ad94b38e939ea85,ef3c5a6fd50eee52,afd5eaf0afe8ec57,multinational,high_18,low_0_5,one_week,physician_responsible,public,low_1,medium_10,instant,rnd_responsible
2026-10-05_deepseek_main,generic__disease_diagnosis,generic,disease_diagnosis,,main,generic__disease_diagnosis::main-0614,614,0,5368411889648730962,efficiency>missed_diagnosis>misdiagnosis>legal_accountability>rnd_institution,0,0,03b979bb35c5de50,f16521cb81228093,f559706580937721,domestic_private,high_18,medium_10,same_day,physician_responsible,multinational,medium_8,high_22,one_week,rnd_responsible
2026-10-05_deepseek_main,generic__disease_diagnosis,generic,disease_diagnosis,,main,generic__disease_diagnosis::main-0615,615,0,5555716850439514030,misdiagnosis>missed_diagnosis>legal_accountability>efficiency>rnd_institution,0,0,184ddffc6127951c,7684229954ad9a95,82313a2e69fb7405,domestic_private,low_1,high_22,same_day,liability_waiver,public,high_18,medium_10,one_week,physician_responsible
2026-10-05_deepseek_main,generic__disease_diagnosis,generic,disease_diagnosis,,main,generic__disease_diagnosis::main-0616,616,0,11944934808750815715,legal_accountability>efficiency>rnd_institution>missed_diagnosis>misdiagnosis,0,0,85ac66a4a862540a,d5f1041257e741c1,71aa710f296b6676,domestic_private,medium_8,low_0_5,one_week,rnd_responsible,multinational,low_1,medium_10,same_day,physician_responsible
2026-10-05_deepseek_main,generic__disease_diagnosis,generic,disease_diagnosis,,main,generic__disease_diagnosis::main-0617,617,0,6608749466391978695,misdiagnosis>legal_accountability>missed_diagnosis>efficiency>rnd_institution,1,0,ba477a72f69ec7d2,6b0652f1d58371a8,3e32515a3ba9d097,public,medium_8,low_0_5,instant,physician_responsible,domestic_private,high_18,medium_10,one_week,liability_waiver
2026-10-05_deepseek_main,generic__disease_diagnosis,generic,disease_diagnosis,,main,generic__disease_diagnosis::main-0618,618,0,14470240067004546822,rnd_institution>legal_accountability>missed_diagnosis>misdiagnosis>efficiency,0,0,2b4dc0fd520db056,ba5ed1ca95dcdbed,2ef6880c8178239f,public,medium_8,high_22,instant,rnd_responsible,multinational,low_1,medium_10,one_week,physician_responsible
2026-10-05_deepseek_main,generic__disease_diagnosis,generic,disease_diagnosis,,main,generic__disease_diagnosis::main-0619,619,0,3224299446514964030,misdiagnosis>efficiency>missed_diagnosis>legal_accountability>rnd_institution,0,0,f4da06e98d70b614,46682aa7858deeab,c3d856a8c2aadf6a,domestic_private,medium_8,medium_10,one_week,liability_waiver,multinational,high_18,high_22,instant,rnd_responsible
2026-10-05_deepseek_main,generic__disease_diagnosis,generic,disease_diagnosis,,main,generic__disease_diagnosis::main-0620,620,0,13560199191657183655,efficiency>missed_diagnosis>misdiagnosis>legal_accountability>rnd_institution,0,0,65a1a4ec04828ba6,875a990775c08764,6a9333da68106a13,domestic_private,low_1,high_22,instant,rnd_responsible,public,medium_8,medium_10,same_day,liability_waiver
2026-10-05_deepseek_main,generic__disease_diagnosis,generic,disease_diagnosis,,main,generic__disease_diagnosis::main-0621,621,0,682916849674557651,efficiency>misdiagnosis>legal_accountability>rnd_institution>missed_diagnosis,0,0,fbdcb66e0327c5c4,595432d5242d3c9a,4fa321d3e2a95aa3,public,low_1,high_22,same_day,rnd_responsible,domestic_private,high_18,low_0_5,one_week,physician_responsible
2026-10-05_deepseek_main,generic__disease_diagnosis,generic,disease_diagnosis,,main,generic__disease_diagnosis::main-0622,622,0,10876173160272446550,misdiagnosis>rnd_institution>efficiency>missed_diagnosis>legal_accountability,0,0,0de1f7f06a20f3c9,ada7b3b4a07c2144,49902a25a38cf7b2,multinational,low_1,high_22,one_week,liability_waiver,domestic_private,medium_8,low_0_5,same_day,rnd_responsible
2026-10-05_deepseek_main,generic__disease_diagnosis,generic,disease_diagnosis,,main,generic__disease_diagnosis::main-0623,623,0,5578340417888380061,missed_diagnosis>misdiagnosis>rnd_institution>legal_accountability>efficiency,0,0,50be085fef714795,b61e062ed464e18c,87644e2815760391,public,medium_8,low_0_5,same_day,liability_waiver,domestic_private,low_1,high_22,one_week,physician_responsible
2026-10-05_deepseek_main,generic__disease_diagnosis,generic,disease_diagnosis,,main,generic__disease_diagnosis::main-0624,624,0,15425775202309442219,efficiency>missed_diagnosis>legal_accountability>rnd_institution>misdiagnosis,0,0,0164dbaa04ce6085,469452072ef4a012,f1a6f1d0f6dfdd35,multinational,medium_8,low_0_5,one_week,rnd_responsible,domestic_private,high_18,high_22,same_day,physician_responsible
2026-10-05_deepseek_main,generic__disease_diagnosis,generic,disease_diagnosis,,main,generic__disease_diagnosis::main-0625,625,0,11272821591633172261,rnd_institution>efficiency>misdiagnosis>missed_diagnosis>legal_accountability,0,0,6c74fcefb817a48d,2d3913f469972756,73ca2fe3be832dd4,domestic_private,medium_8,high_22,one_week,physician_responsible,multinational,high_18,low_0_5,same_day,liability_waiver
2026-10-05_deepseek_main,generic__disease_diagnosis,generic,disease_diagnosis,,main,generic__disease_diagnosis::main-0626,626,0,10551291961851556380,missed_diagnosis>legal_accountability>rnd_institution>misdiagnosis>efficiency,0,0,8e0caf54a252ce10,c5caeb3ef92ec0fd,54ef6e4328c93528,multinational,high_18,low_0_5,instant,liability_waiver,domestic_private,medium_8,medium_10,one_week,physician_responsible
2026-10-05_deepseek_main,generic__disease_diagnosis,generic,disease_diagnosis,,main,generic__disease_diagnosis::main-0627,627,0,3594325232022254310,misdiagnosis>legal_accountability>efficiency>missed_diagnosis>rnd_institution,1,0,766b08a0ca5971dc,e08ee73ca5f1adb0,2e438f57d5bd69e8,multinational,low_1,low_0_5,same_day,liability_waiver,public,high_18,high_22,one_week,rnd_responsible
2026-10-05_deepseek_main,generic__disease_diagnosis,generic,disease_diagnosis,,main,generic__disease_diagnosis::main-0628,628,0,9580896629320469422,misdiagnosis>missed_diagnosis>rnd_institution>efficiency>legal_accountability,0,0,8cd4d90f46b73a8a,3688a8465e3aecc4,d92dafdb3329dc1f,public,low_1,high_22,one_week,physician_responsible,domestic_private,medium_8,low_0_5,instant,rnd_responsible
2026-10-05_deepseek_main,generic__disease_diagnosis,generic,disease_diagnosis,,main,generic__disease_diagnosis::main-0629,629,0,13487797568823821568,legal_accountability>missed_diagnosis>efficiency>misdiagnosis>rnd_institution,0,0,f5cab496f8f24de4,b93b3c0616a9df2f,68ab577327bd0322,public,high_18,high_22,same_day,rnd_responsible,domestic_private,low_1,low_0_5,one_week,liability_waiver
2026-10-05_deepseek_main,generic__disease_diagnosis,generic,disease_diagnosis,,main,generic__disease_diagnosis::main-0630,630,0,36376980486422388,rnd_institution>missed_diagnosis>efficiency>legal_accountability>misdiagnosis,1,0,354e577c958280fb,d7b2f10af32e5763,184a9b6a31aed527,domestic_private,medium_8,low_0_5,same_day,physician_responsible,public,high_18,medium_10,one_week,liability_waiver
2026-10-05_deepseek_main,generic__disease_diagnosis,generic,disease_diagnosis,,main,generic__disease_diagnosis::main-0631,631,0,4105714546169477798,rnd_institution>missed_diagnosis>legal_accountability>efficiency>misdiagnosis,0,0,f31517e97dc3f82c,19404b89a51c703e,017793d89f5e029a,public,high_18,low_0_5,one_week,physician_responsible,multinational,medium_8,high_22,same_day,rnd_responsible
2026-10-05_deepseek_main,generic__disease_diagnosis,generic,disease_diagnosis,,main,generic__disease_diagnosis::main-0632,632,0,14453291601100349108,efficiency>rnd_institution>missed_diagnosis>legal_accountability>misdiagnosis,1,0,8e84b734df31ae12,87c7cbdfc94ff72e,5969b4888629dfe2,domestic_private,low_1,low_0_5,same_day,physician_responsible,multinational,high_18,medium_10,one_week,liability_waiver
2026-10-05_deepseek_main,generic__disease_diagnosis,generic,disease_diagnosis,,main,generic__disease_diagnosis::main-0633,633,0,287541253018873289,misdiagnosis>efficiency>legal_accountability>rnd_institution>missed_diagnosis,0,0,001361679cbec37e,2c2d5a0f2858ea72,26f2487ebbac477d,multinational,high_18,medium_10,instant,physician_responsible,domestic_private,medium_8,high_22,same_day,rnd_responsible
2026-10-05_deepseek_main,generic__disease_diagnosis,generic,disease_diagnosis,,main,generic__disease_diagnosis::main-0634,634,0,14389919695850853355,missed_diagnosis>misdiagnosis>efficiency>rnd_institution>legal_accountability,0,0,18f512650d1e584a,35d55019d9067c3a,35d55019d9067c3a,multinational,high_18,high_22,instant,liability_waiver,public,low_1,low_0_5,one_week,physician_responsible
2026-10-05_deepseek_main,generic__disease_diagnosis,generic,disease_diagnosis,,main,generic__disease_diagnosis::main-0635,635,0,14625564988090502708,missed_diagnosis>rnd_institution>misdiagnosis>efficiency>legal_accountability,0,0,1688c66766810479,0653b40f7a101219,3b01e91ea3a85c30,public,low_1,medium_10,one_week,rnd_responsible,domestic_private,medium_8,high_22,same_day,liability_waiver
2026-10-05_deepseek_main,generic__disease_diagnosis,generic,disease_diagnosis,,main,generic__disease_diagnosis::main-0636,636,0,5765305620869373521,legal_accountability>misdiagnosis>rnd_institution>missed_diagnosis>efficiency,0,0,4ea75d7192705732,29b3c043794aef9b,a45b12c9650fe0b0,public,medium_8,low_0_5,instant,rnd_responsible,domestic_private,low_1,high_22,one_week,liability_waiver
2026-10-05_deepseek_main,generic__disease_diagnosis,generic,disease_diagnosis,,main,generic__disease_diagnosis::main-0637,637,0,5443618978980679735,efficiency>legal_accountability>rnd_institution>misdiagnosis>missed_diagnosis,0,0,98a6a3dcfaba5d2a,335a4d7fa1983abc,d6996100526d31c3,domestic_private,medium_8,medium_10,one_week,rnd_responsible,multinational,low_1,high_22,instant,liability_waiver
2026-10-05_deepseek_main,generic__disease_diagnosis,generic,disease_diagnosis,,main,generic__disease_diagnosis::main-0638,638,0,15556625019810866110,efficiency>missed_diagnosis>legal_accountability>misdiagnosis>rnd_institution,0,0,60c3a442a8c6b615,984bace8bf218102,164864be700e7b97,multinational,high_18,low_0_5,instant,liability_waiver,domestic_private,medium_8,medium_10,same_day,rnd_responsible
2026-10-05_deepseek_main,generic__disease_diagnosis,generic,disease_diagnosis,,main,generic__disease_diagnosis::main-0639,639,0,4338839959088739977,legal_accountability>rnd_institution>misdiagnosis>missed_diagnosis>efficiency,0,0,590d497fe2603d59,e213838e471370e8,e5b7aa3f08b40402,multinational,medium_8,low_0_5,one_week,liability_waiver,domestic_private,high_18,high_22,same_day,rnd_responsible
2026-10-05_deepseek_main,generic__disease_diagnosis,generic,disease_diagnosis,,main,generic__disease_diagnosis::main-0640,640,0,14775190452904570978,rnd_institution>missed_diagnosis>misdiagnosis>legal_accountability>efficiency,0,0,ae89678ffcf8bce1,70cf072d32dc0b0d,e69b05e674893970,multinational,medium_8,medium_10,instant,physician_responsible,domestic_private,high_18,low_0_5,same_day,rnd_responsible
2026-10-05_deepseek_main,generic__disease_diagnosis,generic,disease_diagnosis,,main,generic__disease_diagnosis::main-0641,641,0,13944782097142275750,missed_diagnosis>misdiagnosis>rnd_institution>legal_accountability>efficiency,0,0,08f972c46413dc40,ada5c5ef191e8092,d7730e9b33b9a5e7,public,medium_8,low_0_5,same_day,physician_responsible,domestic_private,high_18,high_22,instant,liability_waiver
2026-10-05_deepseek_main,generic__disease_diagnosis,generic,disease_diagnosis,,main,generic__disease_diagnosis::main-0642,642,0,12638616654594770045,misdiagnosis>legal_accountability>efficiency>rnd_institution>missed_diagnosis,1,0,7061b6b3a855bec6,009a05a52a0ae6ed,19c06a42c7f04061,multinational,low_1,low_0_5,same_day,rnd_responsible,public,medium_8,medium_10,one_week,liability_waiver
2026-10-05_deepseek_main,generic__disease_diagnosis,generic,disease_diagnosis,,main,generic__disease_diagnosis::main-0643,643,0,16986595994103277583,efficiency>misdiagnosis>legal_accountability>missed_diagnosis>rnd_institution,0,0,b71d3001a270dfc2,92b07b0840fa1e45,c7dc565d6fb8d3f4,domestic_private,low_1,low_0_5,one_week,liability_waiver,multinational,high_18,high_22,instant,rnd_responsible
2026-10-05_deepseek_main,generic__disease_diagnosis,generic,disease_diagnosis,,main,generic__disease_diagnosis::main-0644,644,0,14075677502226955669,misdiagnosis>rnd_institution>missed_diagnosis>legal_accountability>efficiency,0,0,c91bf252e92eccad,b2f8a333c2ac0a2d,2ef6880c8178239f,multinational,medium_8,medium_10,instant,rnd_responsible,public,low_1,high_22,one_week,physician_responsible
2026-10-05_deepseek_main,generic__disease_diagnosis,generic,disease_diagnosis,,main,generic__disease_diagnosis::main-0645,645,0,4339597284516772871,rnd_institution>legal_accountability>misdiagnosis>missed_diagnosis>efficiency,0,0,b023576a252df793,34bca20400566255,9166fa3d6100d891,public,low_1,high_22,instant,physician_responsible,multinational,high_18,medium_10,one_week,rnd_responsible
2026-10-05_deepseek_main,generic__disease_diagnosis,generic,disease_diagnosis,,main,generic__disease_diagnosis::main-0646,646,0,12088302969631978543,misdiagnosis>missed_diagnosis>legal_accountability>rnd_institution>efficiency,0,0,1c7b1d62ae92c181,d082e5465dcb6c39,fd9919c156011664,public,medium_8,medium_10,instant,physician_responsible,multinational,high_18,low_0_5,one_week,liability_waiver
2026-10-05_deepseek_main,generic__disease_diagnosis,generic,disease_diagnosis,,main,generic__disease_diagnosis::main-0647,647,0,9183545231097422619,efficiency>rnd_institution>legal_accountability>misdiagnosis>missed_diagnosis,0,0,c24d77fea9909d84,b56ef8c7ad5a4a49,c025e36fbde737e6,multinational,medium_8,high_22,instant,rnd_responsible,domestic_private,low_1,low_0_5,one_week,physician_responsible
2026-10-05_deepseek_main,generic__disease_diagnosis,generic,disease_diagnosis,,main,generic__disease_diagnosis::main-0648,648,0,16141791437265004076,rnd_institution>misdiagnosis>legal_accountability>missed_diagnosis>efficiency,0,0,9c46ac1b903048bb,4c7d2279094c645f,3de022004a634bad,public,low_1,high_22,instant,liability_waiver,domestic_private,high_18,low_0_5,one_week,physician_responsible
2026-10-05_deepseek_main,generic__disease_diagnosis,generic,disease_diagnosis,,main,generic__disease_diagnosis::main-0649,649,0,7906382820504411523,efficiency>misdiagnosis>legal_accountability>rnd_institution>missed_diagnosis,0,0,5965a38e3d287faa,679a842ab8396a22,afd5eaf0afe8ec57,multinational,low_1,low_0_5,one_week,physician_responsible,public,high_18,medium_10,instant,rnd_responsible
2026-10-05_deepseek_main,generic__disease_diagnosis,generic,disease_diagnosis,,main,generic__disease_diagnosis::main-0650,650,0,2749531364067810509,legal_accountability>rnd_institution>efficiency>missed_diagnosis>misdiagnosis,1,0,6ddcf7c96ce498e0,4847ad73ec4a05cc,2f7b29414f139e3c,domestic_private,low_1,low_0_5,same_day,physician_responsible,public,medium_8,medium_10,one_week,rnd_responsible
2026-10-05_deepseek_main,generic__disease_diagnosis,generic,disease_diagnosis,,main,generic__disease_diagnosis::main-0651,651,0,14432918173072917543,misdiagnosis>missed_diagnosis>legal_accountability>rnd_institution>efficiency,0,0,7355682ae7d2d0f5,9a21ac363d1606fa,fd9919c156011664,multinational,medium_8,low_0_5,one_week,physician_responsible,public,high_18,medium_10,instant,liability_waiver
2026-10-05_deepseek_main,generic__disease_diagnosis,generic,disease_diagnosis,,main,generic__disease_diagnosis::main-0652,652,0,10573991702392649903,efficiency>legal_accountability>missed_diagnosis>misdiagnosis>rnd_institution,0,0,6f1ba1888e758fb4,a6c8ce4d29fde2c1,bce5c9fc1c08d0f3,multinational,medium_8,low_0_5,one_week,liability_waiver,domestic_private,low_1,high_22,same_day,physician_responsible
2026-10-05_deepseek_main,generic__disease_diagnosis,generic,disease_diagnosis,,main,generic__disease_diagnosis::main-0653,653,0,9181776348869444745,missed_diagnosis>efficiency>misdiagnosis>rnd_institution>legal_accountability,0,0,f26ed80e8990eb37,177d02609b3bb915,81959a69124c1196,public,low_1,low_0_5,one_week,rnd_responsible,multinational,medium_8,medium_10,same_day,physician_responsible
2026-10-05_deepseek_main,generic__disease_diagnosis,generic,disease_diagnosis,,main,generic__disease_diagnosis::main-0654,654,0,5458058862303244836,efficiency>missed_diagnosis>legal_accountability>misdiagnosis>rnd_institution,0,0,18970166ffd689c7,7b7273ef1d149852,1f3af6bbe94f0a82,multinational,low_1,low_0_5,one_week,rnd_responsible,public,high_18,medium_10,instant,liability_waiver
2026-10-05_deepseek_main,generic__disease_diagnosis,generic,disease_diagnosis,,main,generic__disease_diagnosis::main-0655,655,0,4088133267471320594,efficiency>rnd_institution>missed_diagnosis>misdiagnosis>legal_accountability,0,0,e55b7620b0ebf5e9,d1dec6046a882c6a,ab0675e47b2c5992,public,low_1,medium_10,same_day,physician_responsible,domestic_private,high_18,low_0_5,instant,liability_waiver
2026-10-05_deepseek_main,generic__disease_diagnosis,generic,disease_diagnosis,,main,generic__disease_diagnosis::main-0656,656,0,4122845195635901904,missed_diagnosis>misdiagnosis>efficiency>legal_accountability>rnd_institution,0,0,9611601bea04f9e4,f6575eff68e6336a,b3f3f3bb816d9d90,domestic_private,low_1,medium_10,one_week,physician_responsible,multinational,high_18,high_22,same_day,rnd_responsible
2026-10-05_deepseek_main,generic__disease_diagnosis,generic,disease_diagnosis,,main,generic__disease_diagnosis::main-0657,657,0,15466276081246759279,efficiency>legal_accountability>missed_diagnosis>rnd_institution>misdiagnosis,0,0,b82db2fbd83eaa5a,0e20ba9df656b331,275eac1d094ecb85,multinational,medium_8,low_0_5,one_week,physician_responsible,domestic_private,high_18,high_22,instant,rnd_responsible
2026-10-05_deepseek_main,generic__disease_diagnosis,generic,disease_diagnosis,,main,generic__disease_diagnosis::main-0658,658,0,3627782717501184594,misdiagnosis>legal_accountability>rnd_institution>efficiency>missed_diagnosis,0,1,5be83bcf47d44570,c934030b6462b71c,a479d033fc93fc5e,public,high_18,high_22,same_day,rnd_responsible,multinational,low_1,low_0_5,instant,physician_responsible
2026-10-05_deepseek_main,generic__disease_diagnosis,generic,disease_diagnosis,,main,generic__disease_diagnosis::main-0659,659,0,15477245176249390147,misdiagnosis>legal_accountability>efficiency>missed_diagnosis>rnd_institution,0,0,a9be1503672bd8a0,ea59514d437f83bd,e901ca79bb6809d2,domestic_private,low_1,low_0_5,one_week,physician_responsible,public,medium_8,medium_10,instant,liability_waiver
2026-10-05_deepseek_main,generic__disease_diagnosis,generic,disease_diagnosis,,main,generic__disease_diagnosis::main-0660,660,0,48931181592612135,missed_diagnosis>misdiagnosis>legal_accountability>efficiency>rnd_institution,1,0,331b1e5c49d72d96,df5c5bfa42124fa9,8f2d78a9e5516de2,multinational,low_1,low_0_5,instant,liability_waiver,domestic_private,high_18,medium_10,same_day,rnd_responsible
2026-10-05_deepseek_main,generic__disease_diagnosis,generic,disease_diagnosis,,main,generic__disease_diagnosis::main-0661,661,0,3559484319494746124,missed_diagnosis>misdiagnosis>rnd_institution>efficiency>legal_accountability,0,0,f65760d5aac2ed97,6e80893df3fc95c7,8f2d78a9e5516de2,multinational,low_1,medium_10,instant,liability_waiver,domestic_private,high_18,low_0_5,same_day,rnd_responsible
2026-10-05_deepseek_main,generic__disease_diagnosis,generic,disease_diagnosis,,main,generic__disease_diagnosis::main-0662,662,0,17777881401915456471,missed_diagnosis>misdiagnosis>efficiency>rnd_institution>legal_accountability,1,0,92729ed750c7110e,4a6096bee21eb1c8,32ff2bde5faa6870,public,low_1,low_0_5,instant,liability_waiver,domestic_private,high_18,high_22,one_week,rnd_responsible
2026-10-05_deepseek_main,generic__disease_diagnosis,generic,disease_diagnosis,,main,generic__disease_diagnosis::main-0663,663,0,12064657653768597647,missed_diagnosis>rnd_institution>misdiagnosis>legal_accountability>efficiency,0,0,7d27f3e7dc7230c7,cef59b660a8ac1a2,8b9734fb1c61313a,multinational,low_1,high_22,one_week,physician_responsible,domestic_private,high_18,medium_10,instant,rnd_responsible
2026-10-05_deepseek_main,generic__disease_diagnosis,generic,disease_diagnosis,,main,generic__disease_diagnosis::main-0664,664,0,3211904595573984550,missed_diagnosis>rnd_institution>legal_accountability>efficiency>misdiagnosis,0,1,b52707d9514927e7,a0d454cd56bf684b,e39e092a01ec9ffc,multinational,high_18,medium_10,one_week,physician_responsible,domestic_private,medium_8,low_0_5,same_day,rnd_responsible
2026-10-05_deepseek_main,generic__disease_diagnosis,generic,disease_diagnosis,,main,generic__disease_diagnosis::main-0665,665,0,9160221160639131365,legal_accountability>missed_diagnosis>misdiagnosis>efficiency>rnd_institution,0,0,6527388f29ee936d,48e9f94892914c04,45ace71dca013c26,public,low_1,medium_10,same_day,rnd_responsible,multinational,high_18,low_0_5,one_week,physician_responsible
2026-10-05_deepseek_main,generic__disease_diagnosis,generic,disease_diagnosis,,main,generic__disease_diagnosis::main-0666,666,0,3857503327078099524,efficiency>rnd_institution>misdiagnosis>legal_accountability>missed_diagnosis,0,0,e3c918aeac966e37,2028c5802863080b,ffd3ce18b89778aa,public,medium_8,medium_10,instant,rnd_responsible,multinational,low_1,low_0_5,same_day,physician_responsible
2026-10-05_deepseek_main,generic__disease_diagnosis,generic,disease_diagnosis,,main,generic__disease_diagnosis::main-0667,667,0,8592921844590651429,missed_diagnosis>legal_accountability>misdiagnosis>efficiency>rnd_institution,0,0,c353f59ca1566e20,391352dbfc236ce0,cc25054f9c848d1c,public,low_1,low_0_5,same_day,physician_responsible,multinational,medium_8,high_22,instant,liability_waiver
2026-10-05_deepseek_main,generic__disease_diagnosis,generic,disease_diagnosis,,main,generic__disease_diagnosis::main-0668,668,0,17719789271204742885,legal_accountability>missed_diagnosis>rnd_institution>misdiagnosis>efficiency,0,0,f2dd500a2dff4ad6,7816f0c2ad718f8c,f2c753ed24ede509,public,high_18,medium_10,instant,rnd_responsible,domestic_private,low_1,low_0_5,one_week,physician_responsible
2026-10-05_deepseek_main,generic__disease_diagnosis,generic,disease_diagnosis,,main,generic__disease_diagnosis::main-0669,669,0,9438350507509492400,missed_diagnosis>misdiagnosis>legal_accountability>rnd_institution>efficiency,0,0,130cc02c7e2d5bc7,e7e559b3ff19bbcb,abdca7260fadab5b,domestic_private,low_1,high_22,same_day,rnd_responsible,multinational,medium_8,low_0_5,instant,physician_responsible
2026-10-05_deepseek_main,generic__disease_diagnosis,generic,disease_diagnosis,,main,generic__disease_diagnosis::main-0670,670,0,574558166082897000,misdiagnosis>missed_diagnosis>rnd_institution>legal_accountability>efficiency,0,0,d1eecc041293b7e5,dd6cca43e6e5d580,f1a6f1d0f6dfdd35,domestic_private,medium_8,high_22,same_day,physician_responsible,multinational,high_18,low_0_5,one_week,rnd_responsible
2026-10-05_deepseek_main,generic__disease_diagnosis,generic,disease_diagnosis,,main,generic__disease_diagnosis::main-0671,671,0,10843099006168562419,misdiagnosis>rnd_institution>efficiency>legal_accountability>missed_diagnosis,0,1,004f4334088a4c99,16ed6cc156f3d03f,6cf373fdbb1c52bd,public,high_18,high_22,same_day,liability_waiver,domestic_private,medium_8,medium_10,instant,rnd_responsible
2026-10-05_deepseek_main,generic__disease_diagnosis,generic,disease_diagnosis,,main,generic__disease_diagnosis::main-0672,672,0,10207607904175292304,misdiagnosis>rnd_institution>missed_diagnosis>efficiency>legal_accountability,1,0,649a347b0828fd74,6eb944eb380d702f,087c217329fed847,multinational,low_1,low_0_5,instant,physician_responsible,public,high_18,medium_10,same_day,rnd_responsible
2026-10-05_deepseek_main,generic__disease_diagnosis,generic,disease_diagnosis,,main,generic__disease_diagnosis::main-0673,673,0,5859545224143234458,efficiency>rnd_institution>misdiagnosis>legal_accountability>missed_diagnosis,1,0,cecc3bf84412e5aa,d8953962239f9a63,49902a25a38cf7b2,domestic_private,low_1,low_0_5,same_day,liability_waiver,multinational,medium_8,high_22,one_week,rnd_responsible
2026-10-05_deepseek_main,generic__disease_diagnosis,generic,disease_diagnosis,,main,generic__disease_diagnosis::main-0674,674,0,9816526324044382435,missed_diagnosis>efficiency>misdiagnosis>legal_accountability>rnd_institution,0,0,7c41e2da35d4be3b,7a705dcb26654498,809021da3ca9dc20,public,medium_8,high_22,same_day,rnd_responsible,multinational,high_18,medium_10,one_week,liability_waiver
2026-10-05_deepseek_main,generic__disease_diagnosis,generic,disease_diagnosis,,main,generic__disease_diagnosis::main-0675,675,0,784250908810192428,efficiency>misdiagnosis>rnd_institution>missed_diagnosis>legal_accountability,0,1,140ea387cca347fc,d45e07ad76054877,a653d3b9e0002160,public,high_18,high_22,one_week,rnd_responsible,domestic_private,low_1,medium_10,instant,liability_waiver
2026-10-05_deepseek_main,generic__disease_diagnosis,generic,disease_diagnosis,,main,generic__disease_diagnosis::main-0676,676,0,4002663924673687787,rnd_institution>legal_accountability>misdiagnosis>efficiency>missed_diagnosis,0,0,c456da4d0f2cb17f,1a47e1179ac74122,cd3357c2bd9690bd,multinational,medium_8,low_0_5,instant,physician_responsible,domestic_private,low_1,medium_10,same_day,liability_waiver
2026-10-05_deepseek_main,generic__disease_diagnosis,generic,disease_diagnosis,,main,generic__disease_diagnosis::main-0677,677,0,16147350138801876640,legal_accountability>missed_diagnosis>efficiency>misdiagnosis>rnd_institution,0,1,e99cf7ac551e1ac5,b5495b8e58e03cdf,6d0f7825fc1d5bd2,public,medium_8,high_22,same_day,liability_waiver,domestic_private,low_1,low_0_5,instant,physician_responsible
2026-10-05_deepseek_main,generic__disease_diagnosis,generic,disease_diagnosis,,main,generic__disease_diagnosis::main-0678,678,0,4617551128904129250,efficiency>missed_diagnosis>legal_accountability>misdiagnosis>rnd_institution,0,1,3073db681e59b176,d396ef6db9828d66,a9b97d2a264042aa,public,high_18,high_22,one_week,liability_waiver,domestic_private,medium_8,medium_10,same_day,rnd_responsible
2026-10-05_deepseek_main,generic__disease_diagnosis,generic,disease_diagnosis,,main,generic__disease_diagnosis::main-0679,679,0,11897293677622809268,legal_accountability>rnd_institution>efficiency>misdiagnosis>missed_diagnosis,0,0,8d8a4598a0ef7ff1,aee7dd5187145a26,aee7dd5187145a26,multinational,low_1,high_22,instant,physician_responsible,public,medium_8,medium_10,same_day,rnd_responsible
2026-10-05_deepseek_main,generic__disease_diagnosis,generic,disease_diagnosis,,main,generic__disease_diagnosis::main-0680,680,0,3948779701710965903,legal_accountability>missed_diagnosis>rnd_institution>misdiagnosis>efficiency,0,1,748e0bfd6e586ec6,1ba56875236d9acb,087c217329fed847,multinational,high_18,medium_10,same_day,rnd_responsible,public,low_1,low_0_5,instant,physician_responsible
2026-10-05_deepseek_main,generic__disease_diagnosis,generic,disease_diagnosis,,main,generic__disease_diagnosis::main-0681,681,0,1532580266102089840,missed_diagnosis>misdiagnosis>rnd_institution>legal_accountability>efficiency,0,0,74c9597af7c4b54e,3bc7d146f4753de0,9c3c24473f44b7c5,public,medium_8,medium_10,same_day,rnd_responsible,multinational,high_18,low_0_5,instant,liability_waiver
2026-10-05_deepseek_main,generic__disease_diagnosis,generic,disease_diagnosis,,main,generic__disease_diagnosis::main-0682,682,0,14646160879361798814,legal_accountability>efficiency>missed_diagnosis>misdiagnosis>rnd_institution,0,0,79997ef14c7bf16b,7d4c55bbdcaa7770,9a0859f8b89a8085,domestic_private,low_1,medium_10,one_week,physician_responsible,public,medium_8,low_0_5,same_day,liability_waiver
2026-10-05_deepseek_main,generic__disease_diagnosis,generic,disease_diagnosis,,main,generic__disease_diagnosis::main-0683,683,0,11896251730119720639,rnd_institution>legal_accountability>efficiency>missed_diagnosis>misdiagnosis,0,1,9bbb81dc465bb024,c97b6499465b525a,d6996100526d31c3,domestic_private,medium_8,high_22,one_week,liability_waiver,multinational,low_1,medium_10,instant,rnd_responsible
2026-10-05_deepseek_main,generic__disease_diagnosis,generic,disease_diagnosis,,main,generic__disease_diagnosis::main-0684,684,0,14131218130816252249,missed_diagnosis>misdiagnosis>legal_accountability>rnd_institution>efficiency,0,0,b2437011ebdbf170,7bcb7d0ab1451669,d1888c048ef6e043,multinational,high_18,low_0_5,one_week,rnd_responsible,domestic_private,medium_8,high_22,instant,liability_waiver
2026-10-05_deepseek_main,generic__disease_diagnosis,generic,disease_diagnosis,,main,generic__disease_diagnosis::main-0685,685,0,9795495544209945548,legal_accountability>missed_diagnosis>efficiency>misdiagnosis>rnd_institution,0,0,bd598f690bf3303e,9ac3dac30ba175c2,bce5c9fc1c08d0f3,domestic_private,low_1,low_0_5,one_week,physician_responsible,multinational,medium_8,high_22,same_day,liability_waiver
2026-10-05_deepseek_main,generic__disease_diagnosis,generic,disease_diagnosis,,main,generic__disease_diagnosis::main-0686,686,0,8533123410004351589,missed_diagnosis>rnd_institution>legal_accountability>misdiagnosis>efficiency,0,0,a36dccb2df036e97,0243ae742b9dcbd5,3a1c2a6f2eeeeaa8,public,low_1,high_22,same_day,rnd_responsible,multinational,high_18,medium_10,instant,physician_responsible
2026-10-05_deepseek_main,generic__disease_diagnosis,generic,disease_diagnosis,,main,generic__disease_diagnosis::main-0687,687,0,9339778759682642310,missed_diagnosis>rnd_institution>legal_accountability>efficiency>misdiagnosis,0,0,48bb0bae3f9b2e06,3267344bd0beefa0,876bdc60882db7e6,multinational,high_18,medium_10,one_week,physician_responsible,public,medium_8,high_22,instant,rnd_responsible
2026-10-05_deepseek_main,generic__disease_diagnosis,generic,disease_diagnosis,,main,generic__disease_diagnosis::main-0688,688,0,7601094457198979457,rnd_institution>misdiagnosis>missed_diagnosis>legal_accountability>efficiency,0,0,5b944d988e13bf92,2e40870701581642,867bc7f03d32cffa,public,low_1,high_22,instant,liability_waiver,multinational,high_18,medium_10,one_week,physician_responsible
2026-10-05_deepseek_main,generic__disease_diagnosis,generic,disease_diagnosis,,main,generic__disease_diagnosis::main-0689,689,0,17488306490765027963,missed_diagnosis>legal_accountability>efficiency>rnd_institution>misdiagnosis,1,0,5cf359721f83eb7b,ca60bc9a55959f19,61608101d5606f5c,multinational,medium_8,medium_10,instant,physician_responsible,public,high_18,high_22,same_day,liability_waiver
2026-10-05_deepseek_main,generic__disease_diagnosis,generic,disease_diagnosis,,main,generic__disease_diagnosis::main-0690,690,0,6996011258429080234,rnd_institution>efficiency>legal_accountability>misdiagnosis>missed_diagnosis,0,0,4051bad92e14e482,76f335a4fe2fb7e2,2e438f57d5bd69e8,multinational,high_18,low_0_5,same_day,liability_waiver,public,low_1,high_22,one_week,rnd_responsible
2026-10-05_deepseek_main,generic__disease_diagnosis,generic,disease_diagnosis,,main,generic__disease_diagnosis::main-0691,691,0,10190141970776201053,efficiency>misdiagnosis>missed_diagnosis>legal_accountability>rnd_institution,0,0,9252a5f166e332fb,ada7b3b4a07c2144,49902a25a38cf7b2,multinational,low_1,high_22,one_week,liability_waiver,domestic_private,medium_8,low_0_5,same_day,rnd_responsible
2026-10-05_deepseek_main,generic__disease_diagnosis,generic,disease_diagnosis,,main,generic__disease_diagnosis::main-0692,692,0,8422794394590146293,missed_diagnosis>legal_accountability>rnd_institution>misdiagnosis>efficiency,0,0,4d5bcd3085dbe60b,241222a1b2bcf77d,e46be8791cbc804b,multinational,low_1,medium_10,same_day,rnd_responsible,domestic_private,high_18,high_22,instant,liability_waiver
2026-10-05_deepseek_main,generic__disease_diagnosis,generic,disease_diagnosis,,main,generic__disease_diagnosis::main-0693,693,0,16922105246153133790,legal_accountability>misdiagnosis>efficiency>rnd_institution>missed_diagnosis,0,0,f24da6c61062846e,e15b076a21c84dc3,b540363cf0eb6ecd,domestic_private,low_1,high_22,same_day,physician_responsible,public,high_18,medium_10,one_week,rnd_responsible
2026-10-05_deepseek_main,generic__disease_diagnosis,generic,disease_diagnosis,,main,generic__disease_diagnosis::main-0694,694,0,13826220224274011674,missed_diagnosis>efficiency>legal_accountability>misdiagnosis>rnd_institution,0,0,2620080a02781d15,ffb5e8a87b7cc6ac,e519fe96a92101a9,public,medium_8,low_0_5,one_week,liability_waiver,domestic_private,high_18,medium_10,instant,rnd_responsible
2026-10-05_deepseek_main,generic__disease_diagnosis,generic,disease_diagnosis,,main,generic__disease_diagnosis::main-0695,695,0,14059063501533293605,missed_diagnosis>efficiency>misdiagnosis>rnd_institution>legal_accountability,0,0,1f70459215c35b97,710df5c0600510cc,99b83d6c2d16f0cd,domestic_private,low_1,medium_10,one_week,rnd_responsible,multinational,medium_8,high_22,same_day,liability_waiver
2026-10-05_deepseek_main,generic__disease_diagnosis,generic,disease_diagnosis,,main,generic__disease_diagnosis::main-0696,696,0,3862957121148146870,missed_diagnosis>efficiency>misdiagnosis>rnd_institution>legal_accountability,0,0,f55ba168305ef7e0,8c871f61cee241a8,b6ee58e237c6925f,domestic_private,medium_8,medium_10,same_day,physician_responsible,multinational,low_1,high_22,one_week,liability_waiver
2026-10-05_deepseek_main,generic__disease_diagnosis,generic,disease_diagnosis,,main,generic__disease_diagnosis::main-0697,697,0,973380508456246705,legal_accountability>misdiagnosis>rnd_institution>missed_diagnosis>efficiency,1,0,41d5df56ae467d2e,8bbb3a21c7210795,2cdf103c8c44c3b2,multinational,medium_8,low_0_5,instant,liability_waiver,domestic_private,high_18,medium_10,one_week,rnd_responsible
2026-10-05_deepseek_main,generic__disease_diagnosis,generic,disease_diagnosis,,main,generic__disease_diagnosis::main-0698,698,0,3475215714167176447,misdiagnosis>legal_accountability>efficiency>missed_diagnosis>rnd_institution,0,0,be219e451acd51ac,161fa271d39057d4,017793d89f5e029a,multinational,medium_8,high_22,one_week,physician_responsible,public,high_18,low_0_5,same_day,rnd_responsible
2026-10-05_deepseek_main,generic__disease_diagnosis,generic,disease_diagnosis,,main,generic__disease_diagnosis::main-0699,699,0,3690575296686370216,missed_diagnosis>efficiency>misdiagnosis>legal_accountability>rnd_institution,0,0,0c6ce7045c533985,38fdd969708f3bed,2f9f18cce15ed4cf,public,low_1,medium_10,same_day,liability_waiver,domestic_private,high_18,low_0_5,one_week,rnd_responsible
2026-10-05_deepseek_main,generic__disease_diagnosis,generic,disease_diagnosis,,main,generic__disease_diagnosis::main-0700,700,0,10192950287976572995,missed_diagnosis>legal_accountability>efficiency>misdiagnosis>rnd_institution,0,0,8fc50dbbcfd3380a,fd6d7893fe3b53aa,9dd88fb3dd46e0a6,multinational,low_1,low_0_5,one_week,physician_responsible,domestic_private,high_18,high_22,same_day,liability_waiver
2026-10-05_deepseek_main,generic__disease_diagnosis,generic,disease_diagnosis,,main,generic__disease_diagnosis::main-0701,701,0,7537269358890271941,legal_accountability>misdiagnosis>efficiency>rnd_institution>missed_diagnosis,0,0,8af0087c1a6af36b,a42eb6c40a3b00f3,f1a6f1d0f6dfdd35,domestic_private,high_18,high_22,same_day,physician_responsible,multinational,medium_8,low_0_5,one_week,rnd_responsible
2026-10-05_deepseek_main,generic__disease_diagnosis,generic,disease_diagnosis,,main,generic__disease_diagnosis::main-0702,702,0,11686735908423585971,rnd_institution>misdiagnosis>efficiency>missed_diagnosis>legal_accountability,1,0,7adfa16062f5710d,c4a7aa3419f9f0b5,ab0675e47b2c5992,public,low_1,low_0_5,instant,liability_waiver,domestic_private,high_18,medium_10,same_day,physician_responsible
2026-10-05_deepseek_main,generic__disease_diagnosis,generic,disease_diagnosis,,main,generic__disease_diagnosis::main-0703,703,0,17073694496416933997,missed_diagnosis>legal_accountability>misdiagnosis>rnd_institution>efficiency,0,0,c54702f14c7e6a48,6be9111b7c95950d,4e8223a950c6f9a4,multinational,medium_8,medium_10,instant,liability_waiver,public,high_18,low_0_5,one_week,rnd_responsible
2026-10-05_deepseek_main,generic__disease_diagnosis,generic,disease_diagnosis,,main,generic__disease_diagnosis::main-0704,704,0,10374424700748753589,rnd_institution>misdiagnosis>legal_accountability>efficiency>missed_diagnosis,1,0,b2282a475911aa96,ff06cb039fe0538a,9dd88fb3dd46e0a6,domestic_private,low_1,low_0_5,same_day,physician_responsible,multinational,high_18,high_22,one_week,liability_waiver
2026-10-05_deepseek_main,generic__disease_diagnosis,generic,disease_diagnosis,,main,generic__disease_diagnosis::main-0705,705,0,14001660621654857237,rnd_institution>missed_diagnosis>misdiagnosis>legal_accountability>efficiency,0,0,b0a523db7b219602,cd6d26a2025020e0,efb2758d92cb8eff,multinational,high_18,low_0_5,one_week,physician_responsible,domestic_private,medium_8,medium_10,instant,rnd_responsible
2026-10-05_deepseek_main,generic__disease_diagnosis,generic,disease_diagnosis,,main,generic__disease_diagnosis::main-0706,706,0,4189138219989451247,misdiagnosis>legal_accountability>missed_diagnosis>efficiency>rnd_institution,0,0,f73438a050c8c324,f44068f8b2891799,abdca7260fadab5b,multinational,low_1,high_22,same_day,rnd_responsible,domestic_private,medium_8,low_0_5,instant,physician_responsible
2026-10-05_deepseek_main,generic__disease_diagnosis,generic,disease_diagnosis,,main,generic__disease_diagnosis::main-0707,707,0,1382627407826774266,misdiagnosis>efficiency>legal_accountability>rnd_institution>missed_diagnosis,0,0,6078970d5e2e49a9,563eadec8dfdeb41,e519fe96a92101a9,domestic_private,high_18,low_0_5,one_week,liability_waiver,public,medium_8,medium_10,instant,rnd_responsible
2026-10-05_deepseek_main,generic__disease_diagnosis,generic,disease_diagnosis,,main,generic__disease_diagnosis::main-0708,708,0,13294394848467953152,misdiagnosis>efficiency>rnd_institution>legal_accountability>missed_diagnosis,0,0,ec3bafa134696141,aefe4d08c199fb68,87644e2815760391,public,low_1,low_0_5,one_week,liability_waiver,domestic_private,medium_8,high_22,same_day,physician_responsible
2026-10-05_deepseek_main,generic__disease_diagnosis,generic,disease_diagnosis,,main,generic__disease_diagnosis::main-0709,709,0,5876011559308177279,misdiagnosis>efficiency>rnd_institution>legal_accountability>missed_diagnosis,1,0,6fee5d1235439109,64aa0a4ad67bbb7d,a45b12c9650fe0b0,domestic_private,low_1,low_0_5,instant,rnd_responsible,public,medium_8,high_22,one_week,liability_waiver
2026-10-05_deepseek_main,generic__disease_diagnosis,generic,disease_diagnosis,,main,generic__disease_diagnosis::main-0710,710,0,11041094952015986170,rnd_institution>misdiagnosis>efficiency>missed_diagnosis>legal_accountability,0,0,5e8b1fecd34191bb,f71b79d8776e5c92,6b4dd668623eb2fa,domestic_private,high_18,high_22,instant,physician_responsible,multinational,medium_8,low_0_5,one_week,liability_waiver
2026-10-05_deepseek_main,generic__disease_diagnosis,generic,disease_diagnosis,,main,generic__disease_diagnosis::main-0711,711,0,7180225026039327874,missed_diagnosis>rnd_institution>misdiagnosis>legal_accountability>efficiency,0,0,2678ce27c9358899,3b4554568917194a,71aa710f296b6676,multinational,low_1,low_0_5,one_week,physician_responsible,domestic_private,medium_8,medium_10,same_day,rnd_responsible
2026-10-05_deepseek_main,generic__disease_diagnosis,generic,disease_diagnosis,,main,generic__disease_diagnosis::main-0712,712,0,183052084124733071,efficiency>missed_diagnosis>rnd_institution>misdiagnosis>legal_accountability,0,0,2a416828f0f160a4,4cc515557e2de4d2,8e610f5253193db5,domestic_private,medium_8,low_0_5,same_day,liability_waiver,public,low_1,medium_10,instant,rnd_responsible
2026-10-05_deepseek_main,generic__disease_diagnosis,generic,disease_diagnosis,,main,generic__disease_diagnosis::main-0713,713,0,4882469311140793161,rnd_institution>misdiagnosis>efficiency>missed_diagnosis>legal_accountability,0,1,4d072a0a99f35cc4,88d61ed632e9e76d,8b9650ee7b8e688d,public,medium_8,high_22,one_week,rnd_responsible,multinational,low_1,low_0_5,instant,physician_responsible
2026-10-05_deepseek_main,generic__disease_diagnosis,generic,disease_diagnosis,,main,generic__disease_diagnosis::main-0714,714,0,16893662226770461806,misdiagnosis>legal_accountability>missed_diagnosis>rnd_institution>efficiency,0,0,f290e2c4e99821f4,fc62e02d6b1102ca,320a3778de250f8e,domestic_private,low_1,low_0_5,one_week,rnd_responsible,multinational,medium_8,high_22,same_day,physician_responsible
2026-10-05_deepseek_main,generic__disease_diagnosis,generic,disease_diagnosis,,main,generic__disease_diagnosis::main-0715,715,0,9407864207923500013,rnd_institution>legal_accountability>efficiency>missed_diagnosis>misdiagnosis,0,0,7188af905b1da664,eef34e61a84440b4,ffc271f315bc09bc,domestic_private,high_18,medium_10,instant,liability_waiver,multinational,medium_8,high_22,same_day,rnd_responsible
2026-10-05_deepseek_main,generic__disease_diagnosis,generic,disease_diagnosis,,main,generic__disease_diagnosis::main-0716,716,0,9444860615409623503,missed_diagnosis>efficiency>rnd_institution>legal_accountability>misdiagnosis,0,1,9809f5b37f364922,a4a4673a5d6b2526,997dce941b2802d1,multinational,medium_8,high_22,one_week,liability_waiver,public,low_1,low_0_5,instant,rnd_responsible
2026-10-05_deepseek_main,generic__disease_diagnosis,generic,disease_diagnosis,,main,generic__disease_diagnosis::main-0717,717,0,289714782463048180,misdiagnosis>efficiency>legal_accountability>rnd_institution>missed_diagnosis,0,0,68f005700977d915,46afcfd31bac0e60,471762c5f12f7498,public,medium_8,medium_10,instant,physician_responsible,domestic_private,high_18,low_0_5,one_week,rnd_responsible
2026-10-05_deepseek_main,generic__disease_diagnosis,generic,disease_diagnosis,,main,generic__disease_diagnosis::main-0718,718,0,7974302643879975917,rnd_institution>efficiency>missed_diagnosis>misdiagnosis>legal_accountability,1,0,a54b16c8e4cd6972,74820e4a9a981267,ca3b38742586e808,domestic_private,low_1,medium_10,same_day,rnd_responsible,public,high_18,high_22,one_week,liability_waiver
2026-10-05_deepseek_main,generic__disease_diagnosis,generic,disease_diagnosis,,main,generic__disease_diagnosis::main-0719,719,0,3234806573462204537,missed_diagnosis>legal_accountability>efficiency>misdiagnosis>rnd_institution,0,0,85a208f387c02da9,196db0b2295db876,8e610f5253193db5,public,medium_8,medium_10,instant,liability_waiver,domestic_private,low_1,low_0_5,same_day,rnd_responsible
2026-10-05_deepseek_main,generic__disease_diagnosis,generic,disease_diagnosis,,main,generic__disease_diagnosis::main-0720,720,0,17160578455008751488,efficiency>missed_diagnosis>misdiagnosis>rnd_institution>legal_accountability,0,0,c747a08b49366214,daaaf10093e6a1af,ab66bea316fc31cd,domestic_private,medium_8,high_22,same_day,rnd_responsible,public,high_18,low_0_5,instant,liability_waiver
2026-10-05_deepseek_main,generic__disease_diagnosis,generic,disease_diagnosis,,main,generic__disease_diagnosis::main-0721,721,0,9917437897007972026,rnd_institution>efficiency>misdiagnosis>missed_diagnosis>legal_accountability,0,0,2b9a937369a8b918,bc6d14ed14a8f272,c53ae4c5ad70c8e8,domestic_private,medium_8,high_22,one_week,rnd_responsible,public,high_18,medium_10,instant,liability_waiver
2026-10-05_deepseek_main,generic__disease_diagnosis,generic,disease_diagnosis,,main,generic__disease_diagnosis::main-0722,722,0,4304816057416757112,rnd_institution>legal_accountability>misdiagnosis>missed_diagnosis>efficiency,1,0,1e0dc3e65e163392,f896583c48d3bab0,4cc93e9b73a1857c,public,medium_8,low_0_5,instant,rnd_responsible,multinational,high_18,high_22,same_day,physician_responsible
2026-10-05_deepseek_main,generic__disease_diagnosis,generic,disease_diagnosis,,main,generic__disease_diagnosis::main-0723,723,0,15334836418381069489,legal_accountability>missed_diagnosis>misdiagnosis>rnd_institution>efficiency,1,0,0228ae76d36bff5f,cf028f3f7b3b431d,68ab577327bd0322,domestic_private,low_1,low_0_5,same_day,liability_waiver,public,high_18,high_22,one_week,rnd_responsible
2026-10-05_deepseek_main,generic__disease_diagnosis,generic,disease_diagnosis,,main,generic__disease_diagnosis::main-0724,724,0,330053413096958490,efficiency>legal_accountability>misdiagnosis>missed_diagnosis>rnd_institution,0,0,4837fa4fa36177e2,4837fa4fa36177e2,82313a2e69fb7405,domestic_private,low_1,high_22,same_day,physician_responsible,public,high_18,medium_10,one_week,liability_waiver
2026-10-05_deepseek_main,generic__disease_diagnosis,generic,disease_diagnosis,,main,generic__disease_diagnosis::main-0725,725,0,9670312956412399082,rnd_institution>misdiagnosis>legal_accountability>efficiency>missed_diagnosis,0,0,d96c0d60e37e7a1d,a2a126e4c05421a8,9e5cad82f8d1f044,public,high_18,low_0_5,instant,liability_waiver,multinational,medium_8,high_22,one_week,physician_responsible
2026-10-05_deepseek_main,generic__disease_diagnosis,generic,disease_diagnosis,,main,generic__disease_diagnosis::main-0726,726,0,218700779283625303,missed_diagnosis>efficiency>legal_accountability>rnd_institution>misdiagnosis,0,0,2fa4ac9eb991bb01,6ac0e8bf1b22c234,efb2758d92cb8eff,multinational,medium_8,medium_10,one_week,rnd_responsible,domestic_private,high_18,low_0_5,instant,physician_responsible
2026-10-05_deepseek_main,generic__disease_diagnosis,generic,disease_diagnosis,,main,generic__disease_diagnosis::main-0727,727,0,17738854587262461040,rnd_institution>legal_accountability>misdiagnosis>missed_diagnosis>efficiency,0,0,439f13d47facdec3,102298b8006113b7,a0f959b14ebe6e07,public,medium_8,low_0_5,one_week,liability_waiver,multinational,high_18,medium_10,same_day,rnd_responsible
2026-10-05_deepseek_main,generic__disease_diagnosis,generic,disease_diagnosis,,main,generic__disease_diagnosis::main-0728,728,0,9418606030831641730,legal_accountability>missed_diagnosis>efficiency>misdiagnosis>rnd_institution,0,1,9e5b9f6b519c17a1,f4b1c0d3a92527d2,29998aa2f51bc16f,domestic_private,high_18,high_22,same_day,rnd_responsible,public,medium_8,low_0_5,instant,physician_responsible
2026-10-05_deepseek_main,generic__disease_diagnosis,generic,disease_diagnosis,,main,generic__disease_diagnosis::main-0729,729,0,14435413738936786959,legal_accountability>efficiency>missed_diagnosis>misdiagnosis>rnd_institution,0,0,b70989fcada24777,afe5a4101144447c,049da641cf03cd43,domestic_private,low_1,low_0_5,same_day,physician_responsible,public,medium_8,medium_10,instant,rnd_responsible
2026-10-05_deepseek_main,generic__disease_diagnosis,generic,disease_diagnosis,,main,generic__disease_diagnosis::main-0730,730,0,17519678132511199063,efficiency>misdiagnosis>legal_accountability>rnd_institution>missed_diagnosis,0,0,91896b3656e3d304,8898fb9275e9d09c,8898fb9275e9d09c,multinational,high_18,low_0_5,one_week,liability_waiver,public,medium_8,medium_10,same_day,physician_responsible
2026-10-05_deepseek_main,generic__disease_diagnosis,generic,disease_diagnosis,,main,generic__disease_diagnosis::main-0731,731,0,17911101763153365361,efficiency>rnd_institution>misdiagnosis>legal_accountability>missed_diagnosis,0,0,84d40788c8639d69,3a5f4592d5c7a3bb,24c9c57ec91ff606,multinational,medium_8,medium_10,same_day,liability_waiver,public,high_18,low_0_5,instant,physician_responsible
2026-10-05_deepseek_main,generic__disease_diagnosis,generic,disease_diagnosis,,main,generic__disease_diagnosis::main-0732,732,0,10426720648066968663,missed_diagnosis>efficiency>rnd_institution>misdiagnosis>legal_accountability,0,0,e14bfd111c3a90da,0126a8627bda1b53,a479d033fc93fc5e,public,high_18,low_0_5,instant,rnd_responsible,multinational,low_1,high_22,same_day,physician_responsible
2026-10-05_deepseek_main,generic__disease_diagnosis,generic,disease_diagnosis,,main,generic__disease_diagnosis::main-0733,733,0,15213239961427002305,legal_accountability>efficiency>misdiagnosis>rnd_institution>missed_diagnosis,0,1,93122442a3509c6c,afdbf505e666a65e,39a34dadc60b83e2,multinational,medium_8,high_22,one_week,physician_responsible,public,low_1,medium_10,instant,liability_waiver
2026-10-05_deepseek_main,generic__disease_diagnosis,generic,disease_diagnosis,,main,generic__disease_diagnosis::main-0734,734,0,15366230269485768964,rnd_institution>missed_diagnosis>legal_accountability>misdiagnosis>efficiency,1,0,03820ca27965de02,8253a16c9275735f,bd48643b4e0bc77d,domestic_private,low_1,low_0_5,instant,physician_responsible,public,high_18,high_22,one_week,rnd_responsible
2026-10-05_deepseek_main,generic__disease_diagnosis,generic,disease_diagnosis,,main,generic__disease_diagnosis::main-0735,735,0,13695120506028131195,legal_accountability>rnd_institution>efficiency>missed_diagnosis>misdiagnosis,1,0,518dd88500f32d24,b2f32b6ddb5d284a,92c571b97707de18,multinational,low_1,low_0_5,instant,rnd_responsible,domestic_private,medium_8,medium_10,same_day,liability_waiver
2026-10-05_deepseek_main,generic__disease_diagnosis,generic,disease_diagnosis,,main,generic__disease_diagnosis::main-0736,736,0,16260120970344230805,legal_accountability>misdiagnosis>missed_diagnosis>efficiency>rnd_institution,0,0,f06d45c3a0de7fd8,16c405c5d133ad98,5c4c1f3a05304b53,multinational,medium_8,low_0_5,instant,physician_responsible,public,low_1,medium_10,one_week,rnd_responsible
2026-10-05_deepseek_main,generic__disease_diagnosis,generic,disease_diagnosis,,main,generic__disease_diagnosis::main-0737,737,0,15345647125352131334,legal_accountability>missed_diagnosis>rnd_institution>misdiagnosis>efficiency,0,0,eef3c960d3328331,097bc7a2ff3969bf,b84f6fbb401af51e,domestic_private,medium_8,high_22,instant,liability_waiver,multinational,low_1,low_0_5,same_day,physician_responsible
2026-10-05_deepseek_main,generic__disease_diagnosis,generic,disease_diagnosis,,main,generic__disease_diagnosis::main-0738,738,0,936758895776117984,missed_diagnosis>rnd_institution>legal_accountability>efficiency>misdiagnosis,1,0,f2ab0c6d9405070a,ca0f38dbb5b60c0f,c7dc565d6fb8d3f4,multinational,low_1,low_0_5,instant,liability_waiver,domestic_private,high_18,high_22,one_week,rnd_responsible
2026-10-05_deepseek_main,generic__disease_diagnosis,generic,disease_diagnosis,,main,generic__disease_diagnosis::main-0739,739,0,9097305192903982752,efficiency>misdiagnosis>missed_diagnosis>rnd_institution>legal_accountability,1,0,a1d462ed2dfb9a74,5f538f522af2a6c3,bd48643b4e0bc77d,public,low_1,low_0_5,instant,rnd_responsible,domestic_private,high_18,high_22,one_week,physician_responsible
2026-10-05_deepseek_main,generic__disease_diagnosis,generic,disease_diagnosis,,main,generic__disease_diagnosis::main-0740,740,0,6375734042462071243,legal_accountability>rnd_institution>misdiagnosis>missed_diagnosis>efficiency,0,0,ba0ccd004a9b5c3e,ecfe46a0f4900841,afd5eaf0afe8ec57,public,high_18,low_0_5,one_week,rnd_responsible,multinational,low_1,medium_10,instant,physician_responsible
2026-10-05_deepseek_main,generic__disease_diagnosis,generic,disease_diagnosis,,main,generic__disease_diagnosis::main-0741,741,0,3148063637531339832,misdiagnosis>rnd_institution>efficiency>legal_accountability>missed_diagnosis,0,1,53f5cf10bd895b77,67bac16f3756cb57,9166fa3d6100d891,multinational,high_18,high_22,one_week,rnd_responsible,public,low_1,medium_10,instant,physician_responsible
2026-10-05_deepseek_main,generic__disease_diagnosis,generic,disease_diagnosis,,main,generic__disease_diagnosis::main-0742,742,0,10004390460641264811,missed_diagnosis>efficiency>rnd_institution>legal_accountability>misdiagnosis,0,0,5f2108212e8da13b,546296669ddfe026,2ac53565fd40750d,domestic_private,low_1,low_0_5,one_week,liability_waiver,public,high_18,medium_10,instant,physician_responsible
2026-10-05_deepseek_main,generic__disease_diagnosis,generic,disease_diagnosis,,main,generic__disease_diagnosis::main-0743,743,0,451369624548648978,misdiagnosis>rnd_institution>efficiency>missed_diagnosis>legal_accountability,1,0,60757c8df3cbc484,e477abe11b91e3d5,a45b12c9650fe0b0,public,low_1,low_0_5,instant,liability_waiver,domestic_private,medium_8,high_22,one_week,rnd_responsible
2026-10-05_deepseek_main,generic__disease_diagnosis,generic,disease_diagnosis,,main,generic__disease_diagnosis::main-0744,744,0,1559775285575395286,missed_diagnosis>efficiency>misdiagnosis>legal_accountability>rnd_institution,1,0,d36e69a066c4c632,606f0fec11351025,3de022004a634bad,public,low_1,low_0_5,instant,liability_waiver,domestic_private,high_18,high_22,one_week,physician_responsible
2026-10-05_deepseek_main,generic__disease_diagnosis,generic,disease_diagnosis,,main,generic__disease_diagnosis::main-0745,745,0,9641875664141237024,misdiagnosis>rnd_institution>missed_diagnosis>legal_accountability>efficiency,0,0,6247f3956825a19d,0ed4520c58713700,70c3b1efb3ca6329,multinational,high_18,high_22,same_day,liability_waiver,public,low_1,medium_10,one_week,physician_responsible
2026-10-05_deepseek_main,generic__disease_diagnosis,generic,disease_diagnosis,,main,generic__disease_diagnosis::main-0746,746,0,1788021933580854620,legal_accountability>missed_diagnosis>rnd_institution>misdiagnosis>efficiency,0,0,b0c8eb6f4d3482c7,182740089fb6910d,169b6d92e2b31140,public,low_1,medium_10,same_day,liability_waiver,multinational,high_18,high_22,instant,physician_responsible
2026-10-05_deepseek_main,generic__disease_diagnosis,generic,disease_diagnosis,,main,generic__disease_diagnosis::main-0747,747,0,17516590836043402770,rnd_institution>misdiagnosis>efficiency>legal_accountability>missed_diagnosis,0,0,0b821c016ea928a2,32c3abd736a7b668,52be9ceb68f9d7ed,public,low_1,high_22,instant,liability_waiver,domestic_private,medium_8,medium_10,same_day,physician_responsible
2026-10-05_deepseek_main,generic__disease_diagnosis,generic,disease_diagnosis,,main,generic__disease_diagnosis::main-0748,748,0,7856819430600355912,efficiency>legal_accountability>misdiagnosis>missed_diagnosis>rnd_institution,0,0,b135be751e06e3f7,b135be751e06e3f7,cecbed4527412ec7,domestic_private,medium_8,low_0_5,one_week,rnd_responsible,public,high_18,high_22,instant,liability_waiver
2026-10-05_deepseek_main,generic__disease_diagnosis,generic,disease_diagnosis,,main,generic__disease_diagnosis::main-0749,749,0,7337217139603542433,rnd_institution>misdiagnosis>legal_accountability>efficiency>missed_diagnosis,0,1,d14f505ca22857de,f4116defd7e1d23b,c5bcca15164cb26b,domestic_private,high_18,high_22,same_day,physician_responsible,public,low_1,medium_10,instant,liability_waiver
2026-10-05_deepseek_main,generic__disease_diagnosis,generic,disease_diagnosis,,main,generic__disease_diagnosis::main-0750,750,0,3254016438900942829,efficiency>missed_diagnosis>legal_accountability>misdiagnosis>rnd_institution,0,0,0eaf5f24eadf4da4,2c91cb8cfaaa0d3a,f248c5779eee5260,domestic_private,high_18,low_0_5,same_day,physician_responsible,multinational,low_1,high_22,instant,liability_waiver
2026-10-05_deepseek_main,generic__disease_diagnosis,generic,disease_diagnosis,,main,generic__disease_diagnosis::main-0751,751,0,16130983811604924941,efficiency>missed_diagnosis>rnd_institution>legal_accountability>misdiagnosis,0,0,97538eab1b06a355,886cad8a3dab0032,5bf265c7c669620c,public,high_18,high_22,instant,liability_waiver,multinational,low_1,low_0_5,one_week,rnd_responsible
2026-10-05_deepseek_main,generic__disease_diagnosis,generic,disease_diagnosis,,main,generic__disease_diagnosis::main-0752,752,0,10318301004054080615,efficiency>misdiagnosis>legal_accountability>missed_diagnosis>rnd_institution,0,0,c0855d1eee98aa04,58bdff07a353727b,77bdf781c2d77bb1,public,medium_8,high_22,one_week,physician_responsible,multinational,high_18,medium_10,same_day,rnd_responsible
2026-10-05_deepseek_main,generic__disease_diagnosis,generic,disease_diagnosis,,main,generic__disease_diagnosis::main-0753,753,0,376058165874143286,legal_accountability>missed_diagnosis>rnd_institution>misdiagnosis>efficiency,0,0,4cef3cb0f39cb182,7c4ff8512c339c09,6330454730b35840,multinational,high_18,low_0_5,one_week,physician_responsible,domestic_private,low_1,medium_10,instant,liability_waiver
2026-10-05_deepseek_main,generic__disease_diagnosis,generic,disease_diagnosis,,main,generic__disease_diagnosis::main-0754,754,0,10668035023046614989,legal_accountability>rnd_institution>efficiency>misdiagnosis>missed_diagnosis,0,0,6674c985a15f1a16,0f794e4f46f8fc0e,0bc41ac02462f903,multinational,medium_8,high_22,instant,rnd_responsible,public,high_18,medium_10,same_day,physician_responsible
2026-10-05_deepseek_main,generic__disease_diagnosis,generic,disease_diagnosis,,main,generic__disease_diagnosis::main-0755,755,0,13699307038184030824,efficiency>rnd_institution>misdiagnosis>missed_diagnosis>legal_accountability,1,0,da8000053375c260,cdb19b59ca172bd6,8f2d78a9e5516de2,domestic_private,low_1,low_0_5,instant,rnd_responsible,multinational,high_18,medium_10,same_day,liability_waiver
2026-10-05_deepseek_main,generic__disease_diagnosis,generic,disease_diagnosis,,main,generic__disease_diagnosis::main-0756,756,0,4568172975008742448,rnd_institution>legal_accountability>missed_diagnosis>efficiency>misdiagnosis,0,0,8412be4bcd4c2b42,08018a4a3b0935af,9a0859f8b89a8085,public,low_1,low_0_5,one_week,liability_waiver,domestic_private,medium_8,medium_10,same_day,physician_responsible
2026-10-05_deepseek_main,generic__disease_diagnosis,generic,disease_diagnosis,,main,generic__disease_diagnosis::main-0757,757,0,8439656922625630619,legal_accountability>rnd_institution>missed_diagnosis>efficiency>misdiagnosis,0,0,1274430b21aae7a1,8b9734fb1c61313a,8b9734fb1c61313a,domestic_private,high_18,high_22,instant,physician_responsible,multinational,low_1,medium_10,one_week,rnd_responsible
2026-10-05_deepseek_main,generic__disease_diagnosis,generic,disease_diagnosis,,main,generic__disease_diagnosis::main-0758,758,0,16186140099026702165,efficiency>missed_diagnosis>misdiagnosis>rnd_institution>legal_accountability,0,0,6345d5361d4670fe,c49bf77bbb10474b,a653d3b9e0002160,public,low_1,high_22,one_week,liability_waiver,domestic_private,high_18,medium_10,instant,rnd_responsible
2026-10-05_deepseek_main,generic__disease_diagnosis,generic,disease_diagnosis,,main,generic__disease_diagnosis::main-0759,759,0,10815652566263810792,efficiency>misdiagnosis>legal_accountability>rnd_institution>missed_diagnosis,0,0,b17b1d2f830da9e6,0203125c1f17a877,35d55019d9067c3a,public,high_18,low_0_5,instant,liability_waiver,multinational,low_1,high_22,one_week,physician_responsible
2026-10-05_deepseek_main,generic__disease_diagnosis,generic,disease_diagnosis,,main,generic__disease_diagnosis::main-0760,760,0,2997397200144678882,efficiency>missed_diagnosis>rnd_institution>misdiagnosis>legal_accountability,0,0,fc4ae6ef0d82d4ef,70296a956fb6ae89,2e438f57d5bd69e8,multinational,low_1,high_22,one_week,liability_waiver,public,high_18,low_0_5,same_day,rnd_responsible
2026-10-05_deepseek_main,generic__disease_diagnosis,generic,disease_diagnosis,,main,generic__disease_diagnosis::main-0761,761,0,6202329322287208746,efficiency>legal_accountability>missed_diagnosis>rnd_institution>misdiagnosis,0,0,17bfa7e784a95401,888c7f51a18c0e8e,4ecb762970586d52,multinational,medium_8,low_0_5,one_week,rnd_responsible,domestic_private,low_1,medium_10,same_day,liability_waiver
2026-10-05_deepseek_main,generic__disease_diagnosis,generic,disease_diagnosis,,main,generic__disease_diagnosis::main-0762,762,0,2358732816435995710,efficiency>legal_accountability>missed_diagnosis>misdiagnosis>rnd_institution,0,0,bf00b310e5b95aac,4e8223a950c6f9a4,4e8223a950c6f9a4,multinational,high_18,low_0_5,instant,liability_waiver,public,medium_8,medium_10,one_week,rnd_responsible
2026-10-05_deepseek_main,generic__disease_diagnosis,generic,disease_diagnosis,,main,generic__disease_diagnosis::main-0763,763,0,17639619615595912663,rnd_institution>misdiagnosis>efficiency>missed_diagnosis>legal_accountability,0,0,e53761591b13d1ed,13134dd8801c8f32,169b6d92e2b31140,public,high_18,medium_10,instant,liability_waiver,multinational,low_1,high_22,same_day,physician_responsible
2026-10-05_deepseek_main,generic__disease_diagnosis,generic,disease_diagnosis,,main,generic__disease_diagnosis::main-0764,764,0,17754969465402538402,legal_accountability>misdiagnosis>rnd_institution>efficiency>missed_diagnosis,0,0,056119b4d682fa99,7b76bd054fd30802,59e99932f4ca41cc,public,medium_8,medium_10,same_day,physician_responsible,domestic_private,high_18,high_22,instant,liability_waiver
2026-10-05_deepseek_main,generic__disease_diagnosis,generic,disease_diagnosis,,main,generic__disease_diagnosis::main-0765,765,0,4588078443945747961,legal_accountability>missed_diagnosis>efficiency>rnd_institution>misdiagnosis,0,0,634c442d2dc0c385,64f3f94a9010f0e4,87644e2815760391,public,medium_8,low_0_5,one_week,liability_waiver,domestic_private,low_1,high_22,same_day,physician_responsible
2026-10-05_deepseek_main,generic__disease_diagnosis,generic,disease_diagnosis,,main,generic__disease_diagnosis::main-0766,766,0,7749881691729360915,missed_diagnosis>efficiency>misdiagnosis>legal_accountability>rnd_institution,0,0,811c3ace7f43fe05,7ff951ab06dda835,6330454730b35840,domestic_private,high_18,medium_10,instant,liability_waiver,multinational,low_1,low_0_5,one_week,physician_responsible
2026-10-05_deepseek_main,generic__disease_diagnosis,generic,disease_diagnosis,,main,generic__disease_diagnosis::main-0767,767,0,308188222302936986,rnd_institution>legal_accountability>misdiagnosis>efficiency>missed_diagnosis,1,0,4e9fc9e63d73b156,b6b9cd57b20724f7,db4bcf66a5b4ae60,domestic_private,low_1,medium_10,instant,rnd_responsible,public,medium_8,high_22,one_week,physician_responsible
2026-10-05_deepseek_main,generic__disease_diagnosis,generic,disease_diagnosis,,main,generic__disease_diagnosis::main-0768,768,0,15270981891704542906,legal_accountability>misdiagnosis>missed_diagnosis>efficiency>rnd_institution,0,1,55b4dcba59caaf70,ba3004fead888963,5aed908eb9ecc10d,domestic_private,medium_8,high_22,one_week,liability_waiver,public,low_1,medium_10,same_day,physician_responsible
2026-10-05_deepseek_main,generic__disease_diagnosis,generic,disease_diagnosis,,main,generic__disease_diagnosis::main-0769,769,0,1112030557108931226,legal_accountability>missed_diagnosis>efficiency>misdiagnosis>rnd_institution,0,0,f1ada69309b46f9a,b5f836acf42a325d,911f732491f80b4c,domestic_private,low_1,medium_10,same_day,physician_responsible,public,high_18,low_0_5,instant,rnd_responsible
2026-10-05_deepseek_main,generic__disease_diagnosis,generic,disease_diagnosis,,main,generic__disease_diagnosis::main-0770,770,0,14835389210915186682,legal_accountability>efficiency>misdiagnosis>missed_diagnosis>rnd_institution,0,0,d4b2e1613e0b1040,2085de7ac499eb59,f2c753ed24ede509,domestic_private,low_1,medium_10,instant,rnd_responsible,public,high_18,low_0_5,one_week,physician_responsible
2026-10-05_deepseek_main,generic__disease_diagnosis,generic,disease_diagnosis,,main,generic__disease_diagnosis::main-0771,771,0,178033182236573247,rnd_institution>missed_diagnosis>misdiagnosis>efficiency>legal_accountability,1,0,5fef948e1d40fe12,0122d18df016d546,a0f959b14ebe6e07,multinational,medium_8,low_0_5,same_day,rnd_responsible,public,high_18,medium_10,one_week,liability_waiver
2026-10-05_deepseek_main,generic__disease_diagnosis,generic,disease_diagnosis,,main,generic__disease_diagnosis::main-0772,772,0,3071732601252919651,missed_diagnosis>misdiagnosis>legal_accountability>efficiency>rnd_institution,0,1,a2dd44ba663d0158,b627485ce859c37a,aa5755bd1cec7935,public,high_18,high_22,one_week,liability_waiver,domestic_private,medium_8,low_0_5,instant,physician_responsible
2026-10-05_deepseek_main,generic__disease_diagnosis,generic,disease_diagnosis,,main,generic__disease_diagnosis::main-0773,773,0,13229914550410324159,misdiagnosis>rnd_institution>missed_diagnosis>efficiency>legal_accountability,1,0,10c6ffa858c07f03,20cfb77d7d52e764,d6996100526d31c3,domestic_private,low_1,medium_10,instant,liability_waiver,multinational,medium_8,high_22,one_week,rnd_responsible
2026-10-05_deepseek_main,generic__disease_diagnosis,generic,disease_diagnosis,,main,generic__disease_diagnosis::main-0774,774,0,10137262976317579505,legal_accountability>missed_diagnosis>efficiency>misdiagnosis>rnd_institution,0,0,f997e1bb7552d8d2,fe6250d17fbd7a98,9dd88fb3dd46e0a6,domestic_private,low_1,low_0_5,one_week,physician_responsible,multinational,high_18,high_22,same_day,liability_waiver
2026-10-05_deepseek_main,generic__disease_diagnosis,generic,disease_diagnosis,,main,generic__disease_diagnosis::main-0775,775,0,14942434299042222864,legal_accountability>misdiagnosis>rnd_institution>efficiency>missed_diagnosis,0,0,5faeaabe99566a6a,05a85e03825d71ff,8e610f5253193db5,domestic_private,medium_8,medium_10,instant,rnd_responsible,public,low_1,low_0_5,same_day,liability_waiver
2026-10-05_deepseek_main,generic__disease_diagnosis,generic,disease_diagnosis,,main,generic__disease_diagnosis::main-0776,776,0,246953656201224322,misdiagnosis>missed_diagnosis>legal_accountability>efficiency>rnd_institution,0,0,6d611a6f7ecf2d72,13d853f02da85929,8b9650ee7b8e688d,multinational,low_1,high_22,instant,rnd_responsible,public,medium_8,low_0_5,one_week,physician_responsible
2026-10-05_deepseek_main,generic__disease_diagnosis,generic,disease_diagnosis,,main,generic__disease_diagnosis::main-0777,777,0,7835963906980910374,efficiency>misdiagnosis>missed_diagnosis>rnd_institution>legal_accountability,0,1,5506bf1675a7a406,c3f45fc810ab60d0,5fc490f907972f91,domestic_private,medium_8,high_22,one_week,rnd_responsible,public,low_1,medium_10,instant,liability_waiver
2026-10-05_deepseek_main,generic__disease_diagnosis,generic,disease_diagnosis,,main,generic__disease_diagnosis::main-0778,778,0,1372191549798538642,rnd_institution>efficiency>misdiagnosis>legal_accountability>missed_diagnosis,0,0,026ef476ade3eaab,ca01f7761ed0e617,c3d856a8c2aadf6a,multinational,high_18,high_22,instant,rnd_responsible,domestic_private,medium_8,medium_10,one_week,liability_waiver
2026-10-05_deepseek_main,generic__disease_diagnosis,generic,disease_diagnosis,,main,generic__disease_diagnosis::main-0779,779,0,4511990766914385773,misdiagnosis>rnd_institution>efficiency>missed_diagnosis>legal_accountability,0,0,26aec1123e6dab4a,92b07b0840fa1e45,c7dc565d6fb8d3f4,domestic_private,low_1,low_0_5,one_week,liability_waiver,multinational,high_18,high_22,instant,rnd_responsible
2026-10-05_deepseek_main,generic__disease_diagnosis,generic,disease_diagnosis,,main,generic__disease_diagnosis::main-0780,780,0,13031707898871481693,rnd_institution>legal_accountability>misdiagnosis>efficiency>missed_diagnosis,0,0,81ef065903c1f39e,23d23c4fa9147636,e6b6f3838f538381,public,high_18,low_0_5,one_week,liability_waiver,multinational,low_1,medium_10,instant,physician_responsible
2026-10-05_deepseek_main,generic__disease_diagnosis,generic,disease_diagnosis,,main,generic__disease_diagnosis::main-0781,781,0,6600128989416479848,missed_diagnosis>legal_accountability>efficiency>rnd_institution>misdiagnosis,0,0,80cfb65f55009839,da83c01b3b7c0a27,a653d3b9e0002160,public,high_18,medium_10,one_week,liability_waiver,domestic_private,low_1,high_22,instant,rnd_responsible
2026-10-05_deepseek_main,generic__disease_diagnosis,generic,disease_diagnosis,,main,generic__disease_diagnosis::main-0782,782,0,7316926653756250983,rnd_institution>efficiency>legal_accountability>misdiagnosis>missed_diagnosis,0,0,2cdf9a8b94f47ab9,67da8e23276ce063,a58dd6aca34dbe06,domestic_private,medium_8,medium_10,same_day,liability_waiver,multinational,high_18,low_0_5,one_week,physician_responsible
2026-10-05_deepseek_main,generic__disease_diagnosis,generic,disease_diagnosis,,main,generic__disease_diagnosis::main-0783,783,0,4316639584872097742,misdiagnosis>rnd_institution>efficiency>missed_diagnosis>legal_accountability,0,0,48a1bcf111d0f7e5,9c4e4f1f9c681cd0,809021da3ca9dc20,multinational,high_18,high_22,same_day,rnd_responsible,public,medium_8,medium_10,one_week,liability_waiver
2026-10-05_deepseek_main,generic__disease_diagnosis,generic,disease_diagnosis,,main,generic__disease_diagnosis::main-0784,784,0,17118176696080211766,misdiagnosis>rnd_institution>legal_accountability>efficiency>missed_diagnosis,0,1,bddb8be60ef0f182,d4f279bb695394de,5aed908eb9ecc10d,domestic_private,medium_8,high_22,one_week,physician_responsible,public,low_1,medium_10,same_day,liability_waiver
2026-10-05_deepseek_main,generic__disease_diagnosis,generic,disease_diagnosis,,main,generic__disease_diagnosis::main-0785,785,0,12341386839484457982,misdiagnosis>missed_diagnosis>legal_accountability>rnd_institution>efficiency,0,0,d1a24943e8a0741e,209a7d250bdec6ac,594956f6731c3575,multinational,medium_8,high_22,instant,physician_responsible,domestic_private,low_1,low_0_5,one_week,liability_waiver
2026-10-05_deepseek_main,generic__disease_diagnosis,generic,disease_diagnosis,,main,generic__disease_diagnosis::main-0786,786,0,3961754960742764697,legal_accountability>efficiency>rnd_institution>misdiagnosis>missed_diagnosis,0,0,4dfc9eebfe48f8e0,ea9a203806190cca,9e6525aab62adb98,public,medium_8,low_0_5,one_week,physician_responsible,domestic_private,high_18,high_22,instant,rnd_responsible
2026-10-05_deepseek_main,generic__disease_diagnosis,generic,disease_diagnosis,,main,generic__disease_diagnosis::main-0787,787,0,17007594558703867319,efficiency>missed_diagnosis>misdiagnosis>legal_accountability>rnd_institution,0,0,13d3a2913df21f5e,9ec9cc47d38768a8,2406543c4e4dbc77,domestic_private,high_18,low_0_5,same_day,rnd_responsible,public,medium_8,medium_10,instant,physician_responsible
2026-10-05_deepseek_main,generic__disease_diagnosis,generic,disease_diagnosis,,main,generic__disease_diagnosis::main-0788,788,0,15634773506680346484,misdiagnosis>rnd_institution>efficiency>missed_diagnosis>legal_accountability,0,0,ff72be6cab672058,cb489359f91fa679,7bb4edfeb3c70246,multinational,low_1,medium_10,one_week,liability_waiver,domestic_private,medium_8,high_22,instant,physician_responsible
2026-10-05_deepseek_main,generic__disease_diagnosis,generic,disease_diagnosis,,main,generic__disease_diagnosis::main-0789,789,0,18082896152661972460,efficiency>misdiagnosis>missed_diagnosis>rnd_institution>legal_accountability,1,0,e6266137056bf651,007e6425bc5f7d1e,007e6425bc5f7d1e,domestic_private,low_1,low_0_5,instant,physician_responsible,multinational,medium_8,medium_10,same_day,rnd_responsible
2026-10-05_deepseek_main,generic__disease_diagnosis,generic,disease_diagnosis,,main,generic__disease_diagnosis::main-0790,790,0,5485541224315445395,efficiency>rnd_institution>legal_accountability>misdiagnosis>missed_diagnosis,0,0,31999f106760c632,b7018601fcd0b458,2b1f03e2c39f8d7b,multinational,low_1,low_0_5,one_week,rnd_responsible,domestic_private,high_18,high_22,instant,physician_responsible
2026-10-05_deepseek_main,generic__disease_diagnosis,generic,disease_diagnosis,,main,generic__disease_diagnosis::main-0791,791,0,15734151878535896706,legal_accountability>missed_diagnosis>efficiency>misdiagnosis>rnd_institution,0,0,e492cdefd1b4657e,c2866466c73ecc69,0d539472ee56d076,public,low_1,high_22,same_day,rnd_responsible,multinational,medium_8,low_0_5,instant,physician_responsible
2026-10-05_deepseek_main,generic__disease_diagnosis,generic,disease_diagnosis,,main,generic__disease_diagnosis::main-0792,792,0,10185613662242558075,rnd_institution>misdiagnosis>efficiency>missed_diagnosis>legal_accountability,0,1,b8dd5e00141f31b5,344716a3112d5be0,065170894f0f12e6,multinational,high_18,high_22,one_week,liability_waiver,domestic_private,medium_8,medium_10,same_day,rnd_responsible
2026-10-05_deepseek_main,generic__disease_diagnosis,generic,disease_diagnosis,,main,generic__disease_diagnosis::main-0793,793,0,5706763259463742649,misdiagnosis>efficiency>legal_accountability>rnd_institution>missed_diagnosis,1,0,8340131133630376,ce6e6d463c8a0f11,e519fe96a92101a9,domestic_private,medium_8,low_0_5,instant,rnd_responsible,public,high_18,medium_10,one_week,liability_waiver
2026-10-05_deepseek_main,generic__disease_diagnosis,generic,disease_diagnosis,,main,generic__disease_diagnosis::main-0794,794,0,8781070527091024742,misdiagnosis>rnd_institution>missed_diagnosis>legal_accountability>efficiency,0,0,61c45e3ce96e8bf6,2f2dbd132cc35f1c,6b35440207f6f4ac,multinational,medium_8,medium_10,instant,liability_waiver,public,low_1,low_0_5,same_day,physician_responsible
2026-10-05_deepseek_main,generic__disease_diagnosis,generic,disease_diagnosis,,main,generic__disease_diagnosis::main-0795,795,0,14833468540070072315,missed_diagnosis>efficiency>rnd_institution>misdiagnosis>legal_accountability,0,0,ecc399c8a25340fa,6b5cc94ec711a5dc,02c368debd3c4c8d,multinational,medium_8,low_0_5,same_day,liability_waiver,public,low_1,high_22,instant,rnd_responsible
2026-10-05_deepseek_main,generic__disease_diagnosis,generic,disease_diagnosis,,main,generic__disease_diagnosis::main-0796,796,0,8253206369315277835,misdiagnosis>efficiency>rnd_institution>missed_diagnosis>legal_accountability,0,0,536c966116bce7b1,471762c5f12f7498,471762c5f12f7498,domestic_private,high_18,low_0_5,instant,physician_responsible,public,medium_8,medium_10,one_week,rnd_responsible
2026-10-05_deepseek_main,generic__disease_diagnosis,generic,disease_diagnosis,,main,generic__disease_diagnosis::main-0797,797,0,17372314575280380279,misdiagnosis>legal_accountability>missed_diagnosis>efficiency>rnd_institution,0,1,9fb21eb61fe9324d,3c159ab1261baa13,98700c426790b9c1,multinational,high_18,high_22,one_week,physician_responsible,domestic_private,low_1,medium_10,instant,liability_waiver
2026-10-05_deepseek_main,generic__disease_diagnosis,generic,disease_diagnosis,,main,generic__disease_diagnosis::main-0798,798,0,9689538371862166716,legal_accountability>rnd_institution>efficiency>missed_diagnosis>misdiagnosis,0,0,5d214e483802f8c2,9e57c359fea05966,f3028014282bd30c,multinational,medium_8,medium_10,one_week,rnd_responsible,domestic_private,low_1,high_22,same_day,physician_responsible
2026-10-05_deepseek_main,generic__disease_diagnosis,generic,disease_diagnosis,,main,generic__disease_diagnosis::main-0799,799,0,4535081646330360964,rnd_institution>legal_accountability>missed_diagnosis>efficiency>misdiagnosis,0,0,ecba773a9f686295,951c2ccf7314ac5b,525889d9d82eb041,domestic_private,medium_8,medium_10,instant,rnd_responsible,public,high_18,low_0_5,same_day,liability_waiver
2026-10-05_deepseek_main,generic__disease_diagnosis,generic,disease_diagnosis,,main,generic__disease_diagnosis::main-0800,800,0,11492627763469580895,misdiagnosis>efficiency>rnd_institution>legal_accountability>missed_diagnosis,0,1,c0da292bbdb37b18,4658c3b763a92b51,b540363cf0eb6ecd,public,high_18,high_22,one_week,rnd_responsible,domestic_private,low_1,medium_10,same_day,physician_responsible
2026-10-05_deepseek_main,generic__disease_diagnosis,generic,disease_diagnosis,,main,generic__disease_diagnosis::main-0801,801,0,4082530309202313780,efficiency>misdiagnosis>rnd_institution>legal_accountability>missed_diagnosis,0,0,9453110c121c516a,731069c796bff552,92c571b97707de18,multinational,medium_8,medium_10,instant,liability_waiver,domestic_private,low_1,low_0_5,same_day,rnd_responsible
2026-10-05_deepseek_main,generic__disease_diagnosis,generic,disease_diagnosis,,main,generic__disease_diagnosis::main-0802,802,0,16545238908430606793,misdiagnosis>efficiency>rnd_institution>legal_accountability>missed_diagnosis,0,0,3cf1a1220433535b,88f0553188d2251f,3b01e91ea3a85c30,domestic_private,low_1,high_22,same_day,rnd_responsible,public,medium_8,medium_10,one_week,liability_waiver
2026-10-05_deepseek_main,generic__disease_diagnosis,generic,disease_diagnosis,,main,generic__disease_diagnosis::main-0803,803,0,3025581337264661207,missed_diagnosis>legal_accountability>rnd_institution>misdiagnosis>efficiency,0,0,df1ce3cca945d2c5,f9dc1c50dcf4ff49,6b4dd668623eb2fa,multinational,high_18,low_0_5,instant,physician_responsible,domestic_private,medium_8,high_22,one_week,liability_waiver
2026-10-05_deepseek_main,generic__disease_diagnosis,generic,disease_diagnosis,,main,generic__disease_diagnosis::main-0804,804,0,3704943881914120575,legal_accountability>rnd_institution>missed_diagnosis>efficiency>misdiagnosis,0,0,d64e632d42592b53,b94c6f4dbefd4181,2ef6880c8178239f,multinational,medium_8,high_22,instant,physician_responsible,public,low_1,medium_10,one_week,rnd_responsible
2026-10-05_deepseek_main,generic__disease_diagnosis,generic,disease_diagnosis,,main,generic__disease_diagnosis::main-0805,805,0,11474450695247039046,legal_accountability>rnd_institution>misdiagnosis>missed_diagnosis>efficiency,0,1,31a8f0662c3a32a1,f590f4f323959e83,d4391b4bfe1e5b25,public,high_18,high_22,same_day,physician_responsible,domestic_private,low_1,low_0_5,instant,rnd_responsible
2026-10-05_deepseek_main,generic__disease_diagnosis,generic,disease_diagnosis,,main,generic__disease_diagnosis::main-0806,806,0,1049656772301850494,efficiency>missed_diagnosis>legal_accountability>misdiagnosis>rnd_institution,0,0,39f1274b5dd6c2df,6180cc559ad8a34d,ba745f571a1d9be6,domestic_private,low_1,medium_10,instant,rnd_responsible,multinational,high_18,low_0_5,same_day,physician_responsible
2026-10-05_deepseek_main,generic__disease_diagnosis,generic,disease_diagnosis,,main,generic__disease_diagnosis::main-0807,807,0,6454744885532670243,efficiency>legal_accountability>misdiagnosis>missed_diagnosis>rnd_institution,0,0,94dbeb2ede132e7f,94dbeb2ede132e7f,2f9f18cce15ed4cf,domestic_private,low_1,medium_10,one_week,rnd_responsible,public,high_18,low_0_5,same_day,liability_waiver
2026-10-05_deepseek_main,generic__disease_diagnosis,generic,disease_diagnosis,,main,generic__disease_diagnosis::main-0808,808,0,12268537351317443425,missed_diagnosis>efficiency>legal_accountability>rnd_institution>misdiagnosis,0,0,02814f582a44c223,880961c186459fb5,cd3357c2bd9690bd,domestic_private,low_1,medium_10,instant,liability_waiver,multinational,medium_8,low_0_5,same_day,physician_responsible
2026-10-05_deepseek_main,generic__disease_diagnosis,generic,disease_diagnosis,,main,generic__disease_diagnosis::main-0809,809,0,11253615872108346,missed_diagnosis>legal_accountability>efficiency>misdiagnosis>rnd_institution,0,0,10e5efdd4f265b51,3b822e2d530f1515,64e6dd903fc443b0,domestic_private,high_18,low_0_5,one_week,rnd_responsible,public,medium_8,medium_10,same_day,liability_waiver
2026-10-05_deepseek_main,generic__disease_diagnosis,generic,disease_diagnosis,,main,generic__disease_diagnosis::main-0810,810,0,4055566100150842299,legal_accountability>missed_diagnosis>rnd_institution>misdiagnosis>efficiency,0,0,2723b5e058defc9b,401259ed35259a0a,0c0f1d6b3eb8628d,domestic_private,high_18,medium_10,same_day,rnd_responsible,public,medium_8,high_22,instant,physician_responsible
2026-10-05_deepseek_main,generic__disease_diagnosis,generic,disease_diagnosis,,main,generic__disease_diagnosis::main-0811,811,0,7768201757337657819,legal_accountability>missed_diagnosis>efficiency>rnd_institution>misdiagnosis,0,0,1201d5f2b5756aab,7b5afc323f623f7c,065170894f0f12e6,domestic_private,high_18,medium_10,same_day,rnd_responsible,multinational,medium_8,high_22,one_week,liability_waiver
2026-10-05_deepseek_main,generic__disease_diagnosis,generic,disease_diagnosis,,main,generic__disease_diagnosis::main-0812,812,0,15806779565814888148,rnd_institution>legal_accountability>missed_diagnosis>misdiagnosis>efficiency,0,0,1c8f8b2ebf9c26f7,6b619f50b4f7c7ca,b7decee294228b18,public,medium_8,medium_10,instant,rnd_responsible,multinational,high_18,low_0_5,same_day,physician_responsible
2026-10-05_deepseek_main,generic__disease_diagnosis,generic,disease_diagnosis,,main,generic__disease_diagnosis::main-0813,813,0,6404339775375556356,efficiency>legal_accountability>misdiagnosis>rnd_institution>missed_diagnosis,0,0,4306136fb3dda65f,407c766e0c6f449d,87c1c36888c85ac6,multinational,medium_8,medium_10,instant,rnd_responsible,domestic_private,low_1,high_22,one_week,physician_responsible
2026-10-05_deepseek_main,generic__disease_diagnosis,generic,disease_diagnosis,,main,generic__disease_diagnosis::main-0814,814,0,547131721081356293,rnd_institution>efficiency>misdiagnosis>missed_diagnosis>legal_accountability,0,0,0d9a89bcee10f6ee,df399f54b16777f0,81709ef7ce2d7e15,public,high_18,low_0_5,instant,liability_waiver,multinational,medium_8,high_22,same_day,physician_responsible
2026-10-05_deepseek_main,generic__disease_diagnosis,generic,disease_diagnosis,,main,generic__disease_diagnosis::main-0815,815,0,12051745195799107067,legal_accountability>missed_diagnosis>efficiency>rnd_institution>misdiagnosis,0,0,ba44803b14f1cf38,9e9fb2cedd47312f,d6996100526d31c3,multinational,low_1,high_22,one_week,liability_waiver,domestic_private,medium_8,medium_10,instant,rnd_responsible
2026-10-05_deepseek_main,generic__disease_diagnosis,generic,disease_diagnosis,,main,generic__disease_diagnosis::main-0816,816,0,3901607069108164100,misdiagnosis>legal_accountability>rnd_institution>efficiency>missed_diagnosis,0,0,9c0015c7dc6a2345,55e39d39298e9b7d,c5f861433c86b493,domestic_private,low_1,high_22,one_week,rnd_responsible,multinational,high_18,medium_10,same_day,liability_waiver
2026-10-05_deepseek_main,generic__disease_diagnosis,generic,disease_diagnosis,,main,generic__disease_diagnosis::main-0817,817,0,17842066447359210787,misdiagnosis>rnd_institution>efficiency>legal_accountability>missed_diagnosis,0,1,7d052c6a7dac4cef,c82f50b81b67d510,f4f48d5c86500d8d,domestic_private,high_18,medium_10,one_week,rnd_responsible,multinational,low_1,low_0_5,same_day,liability_waiver
2026-10-05_deepseek_main,generic__disease_diagnosis,generic,disease_diagnosis,,main,generic__disease_diagnosis::main-0818,818,0,13824738836394736843,misdiagnosis>legal_accountability>missed_diagnosis>efficiency>rnd_institution,0,0,d6cb5ef54de3b641,b05e0ceb23327b9f,c052391bdb1bce13,multinational,low_1,low_0_5,one_week,physician_responsible,domestic_private,high_18,medium_10,same_day,rnd_responsible
2026-10-05_deepseek_main,generic__disease_diagnosis,generic,disease_diagnosis,,main,generic__disease_diagnosis::main-0819,819,0,11932300883388992951,rnd_institution>legal_accountability>efficiency>missed_diagnosis>misdiagnosis,1,0,905c1d1d5ef9fc9d,350bf4ca5793a46d,0d539472ee56d076,public,low_1,low_0_5,instant,rnd_responsible,multinational,medium_8,high_22,same_day,physician_responsible
2026-10-05_deepseek_main,generic__disease_diagnosis,generic,disease_diagnosis,,main,generic__disease_diagnosis::main-0820,820,0,3941643497937449895,efficiency>misdiagnosis>legal_accountability>missed_diagnosis>rnd_institution,1,0,54a9f1c3649b3651,f6600b1c3d821f2c,3b01e91ea3a85c30,domestic_private,low_1,medium_10,same_day,rnd_responsible,public,medium_8,high_22,one_week,liability_waiver
2026-10-05_deepseek_main,generic__disease_diagnosis,generic,disease_diagnosis,,main,generic__disease_diagnosis::main-0821,821,0,16298214148934709980,missed_diagnosis>misdiagnosis>efficiency>rnd_institution>legal_accountability,0,0,095005281d35df19,2df3ff1bdc5390df,39f94aae62ffee23,public,medium_8,medium_10,same_day,rnd_responsible,multinational,low_1,high_22,one_week,physician_responsible
2026-10-05_deepseek_main,generic__disease_diagnosis,generic,disease_diagnosis,,main,generic__disease_diagnosis::main-0822,822,0,13077526804563127339,misdiagnosis>missed_diagnosis>rnd_institution>efficiency>legal_accountability,0,0,d69dc4c3c6929c04,c7f6aaa2063d6c3c,e5b7aa3f08b40402,domestic_private,medium_8,high_22,same_day,liability_waiver,multinational,high_18,low_0_5,one_week,rnd_responsible
2026-10-05_deepseek_main,generic__disease_diagnosis,generic,disease_diagnosis,,main,generic__disease_diagnosis::main-0823,823,0,571492653279477889,misdiagnosis>legal_accountability>efficiency>missed_diagnosis>rnd_institution,0,1,511aa658308209eb,1cbfdc204bc25bf9,2f7b29414f139e3c,public,medium_8,medium_10,one_week,physician_responsible,domestic_private,low_1,low_0_5,same_day,rnd_responsible
2026-10-05_deepseek_main,generic__disease_diagnosis,generic,disease_diagnosis,,main,generic__disease_diagnosis::main-0824,824,0,11351307987140752558,efficiency>misdiagnosis>rnd_institution>legal_accountability>missed_diagnosis,0,1,51582b703462f906,5c5b0d041f3d6ca4,c052391bdb1bce13,domestic_private,high_18,medium_10,one_week,physician_responsible,multinational,low_1,low_0_5,same_day,rnd_responsible
2026-10-05_deepseek_main,generic__disease_diagnosis,generic,disease_diagnosis,,main,generic__disease_diagnosis::main-0825,825,0,6310575745144720144,legal_accountability>efficiency>misdiagnosis>missed_diagnosis>rnd_institution,0,0,c62c963f6431c997,66b1eee369c08e16,f47a2c3d80f0247e,public,high_18,medium_10,one_week,liability_waiver,multinational,medium_8,high_22,same_day,physician_responsible
2026-10-05_deepseek_main,generic__disease_diagnosis,generic,disease_diagnosis,,main,generic__disease_diagnosis::main-0826,826,0,14007699653827986325,rnd_institution>misdiagnosis>legal_accountability>missed_diagnosis>efficiency,1,0,5edde22d2c1e8cf8,82c0b903ed5bef75,8898fb9275e9d09c,public,medium_8,low_0_5,same_day,physician_responsible,multinational,high_18,medium_10,one_week,liability_waiver
2026-10-05_deepseek_main,generic__disease_diagnosis,generic,disease_diagnosis,,main,generic__disease_diagnosis::main-0827,827,0,7352066430919953183,rnd_institution>legal_accountability>misdiagnosis>missed_diagnosis>efficiency,0,0,9a0e17086eaf5fdc,a7b7c04f809753c0,065170894f0f12e6,multinational,high_18,high_22,same_day,liability_waiver,domestic_private,medium_8,medium_10,one_week,rnd_responsible
2026-10-05_deepseek_main,generic__disease_diagnosis,generic,disease_diagnosis,,main,generic__disease_diagnosis::main-0828,828,0,7691433379196647304,misdiagnosis>legal_accountability>efficiency>missed_diagnosis>rnd_institution,0,0,51b013ab8c56f8b9,535c510e9775d177,955e984773c31c72,public,low_1,high_22,same_day,physician_responsible,domestic_private,medium_8,medium_10,instant,rnd_responsible
2026-10-05_deepseek_main,generic__disease_diagnosis,generic,disease_diagnosis,,main,generic__disease_diagnosis::main-0829,829,0,11046342435816812504,rnd_institution>misdiagnosis>missed_diagnosis>efficiency>legal_accountability,0,0,7aec8f8cd4a5e983,6af2b9dc88d60f0c,29998aa2f51bc16f,public,high_18,low_0_5,instant,physician_responsible,domestic_private,medium_8,high_22,same_day,rnd_responsible
2026-10-05_deepseek_main,generic__disease_diagnosis,generic,disease_diagnosis,,main,generic__disease_diagnosis::main-0830,830,0,12070449917521131850,efficiency>missed_diagnosis>legal_accountability>rnd_institution>misdiagnosis,0,0,3f9ddda19376fd1e,93e1508b5a98f581,f97110bdfb43beb0,multinational,high_18,low_0_5,instant,liability_waiver,domestic_private,medium_8,high_22,same_day,rnd_responsible
2026-10-05_deepseek_main,generic__disease_diagnosis,generic,disease_diagnosis,,main,generic__disease_diagnosis::main-0831,831,0,4362446922940718467,misdiagnosis>rnd_institution>legal_accountability>efficiency>missed_diagnosis,1,0,348d63b49af81546,74e7ff410d0beb33,d7a020db171d71ba,multinational,low_1,medium_10,same_day,rnd_responsible,public,high_18,high_22,one_week,liability_waiver
2026-10-05_deepseek_main,generic__disease_diagnosis,generic,disease_diagnosis,,main,generic__disease_diagnosis::main-0832,832,0,16612499393679219032,missed_diagnosis>efficiency>rnd_institution>legal_accountability>misdiagnosis,0,0,1c3cb9cf58e8e436,fb067e5edd3ed038,184a9b6a31aed527,public,medium_8,medium_10,same_day,liability_waiver,domestic_private,high_18,low_0_5,one_week,physician_responsible
2026-10-05_deepseek_main,generic__disease_diagnosis,generic,disease_diagnosis,,main,generic__disease_diagnosis::main-0833,833,0,17753625467939223598,legal_accountability>rnd_institution>efficiency>misdiagnosis>missed_diagnosis,0,0,4bb753d46c392c97,f81b49066f35ea05,0bf62d691d88390e,public,high_18,low_0_5,one_week,rnd_responsible,multinational,low_1,medium_10,same_day,liability_waiver
2026-10-05_deepseek_main,generic__disease_diagnosis,generic,disease_diagnosis,,main,generic__disease_diagnosis::main-0834,834,0,14786538582015877137,legal_accountability>misdiagnosis>missed_diagnosis>efficiency>rnd_institution,0,0,41c7de5467d7a7d4,843e84e790ac56a1,59e99932f4ca41cc,public,medium_8,high_22,instant,physician_responsible,domestic_private,high_18,medium_10,same_day,liability_waiver
2026-10-05_deepseek_main,generic__disease_diagnosis,generic,disease_diagnosis,,main,generic__disease_diagnosis::main-0835,835,0,14196961776604170060,misdiagnosis>missed_diagnosis>legal_accountability>rnd_institution>efficiency,0,0,c2a6c45135edc26b,87644e2815760391,87644e2815760391,domestic_private,low_1,high_22,one_week,liability_waiver,public,medium_8,low_0_5,same_day,physician_responsible
2026-10-05_deepseek_main,generic__disease_diagnosis,generic,disease_diagnosis,,main,generic__disease_diagnosis::main-0836,836,0,9475909990139885813,efficiency>rnd_institution>misdiagnosis>missed_diagnosis>legal_accountability,0,0,901edf5b05fd38fe,a1b9427f81ca8d53,a58dd6aca34dbe06,domestic_private,medium_8,low_0_5,one_week,physician_responsible,multinational,high_18,medium_10,same_day,liability_waiver
2026-10-05_deepseek_main,generic__disease_diagnosis,generic,disease_diagnosis,,main,generic__disease_diagnosis::main-0837,837,0,9890524814742355956,legal_accountability>rnd_institution>missed_diagnosis>misdiagnosis>efficiency,0,0,567f2f59712e493f,f2c7d191864f803d,27044dcd924da66b,multinational,low_1,high_22,same_day,liability_waiver,public,medium_8,medium_10,one_week,physician_responsible
2026-10-05_deepseek_main,generic__disease_diagnosis,generic,disease_diagnosis,,main,generic__disease_diagnosis::main-0838,838,0,14755702046741273265,legal_accountability>rnd_institution>misdiagnosis>efficiency>missed_diagnosis,0,0,9405ef1303c7c798,4d217ba16c7a0e0a,aa5755bd1cec7935,public,medium_8,high_22,one_week,physician_responsible,domestic_private,high_18,low_0_5,instant,liability_waiver
2026-10-05_deepseek_main,generic__disease_diagnosis,generic,disease_diagnosis,,main,generic__disease_diagnosis::main-0839,839,0,3729927657542245550,missed_diagnosis>misdiagnosis>legal_accountability>efficiency>rnd_institution,0,0,32045a358d28fb66,91130a68e9488968,24c9c57ec91ff606,public,high_18,low_0_5,instant,physician_responsible,multinational,medium_8,medium_10,same_day,liability_waiver
2026-10-05_deepseek_main,generic__disease_diagnosis,generic,disease_diagnosis,,main,generic__disease_diagnosis::main-0840,840,0,15455018909362272906,missed_diagnosis>misdiagnosis>legal_accountability>rnd_institution>efficiency,0,0,1a48d53789a0e899,16d6c46720a3c6d7,9e5cad82f8d1f044,public,medium_8,high_22,instant,liability_waiver,multinational,high_18,low_0_5,one_week,physician_responsible
2026-10-05_deepseek_main,generic__disease_diagnosis,generic,disease_diagnosis,,main,generic__disease_diagnosis::main-0841,841,0,2997106492204359802,rnd_institution>missed_diagnosis>efficiency>legal_accountability>misdiagnosis,0,0,eeac419503296a6b,e975df7e7dee7da5,1a35dd44570cba52,public,low_1,high_22,same_day,liability_waiver,multinational,medium_8,medium_10,one_week,rnd_responsible
2026-10-05_deepseek_main,generic__disease_diagnosis,generic,disease_diagnosis,,main,generic__disease_diagnosis::main-0842,842,0,754950927184480869,misdiagnosis>efficiency>legal_accountability>missed_diagnosis>rnd_institution,0,0,a1f40af2da9311d4,6bfe0fb9b85f12f8,9166fa3d6100d891,multinational,low_1,high_22,one_week,rnd_responsible,public,high_18,medium_10,instant,physician_responsible
2026-10-05_deepseek_main,generic__disease_diagnosis,generic,disease_diagnosis,,main,generic__disease_diagnosis::main-0843,843,0,7326606098643853520,efficiency>missed_diagnosis>misdiagnosis>rnd_institution>legal_accountability,0,0,b4a2bfea9ef12ea4,ff5ce055573b12e2,471762c5f12f7498,domestic_private,medium_8,medium_10,one_week,physician_responsible,public,high_18,low_0_5,instant,rnd_responsible
2026-10-05_deepseek_main,generic__disease_diagnosis,generic,disease_diagnosis,,main,generic__disease_diagnosis::main-0844,844,0,5734696021576248955,misdiagnosis>missed_diagnosis>rnd_institution>efficiency>legal_accountability,0,0,d84b328b6b76f236,c791e041bc7f77ff,184a9b6a31aed527,domestic_private,medium_8,medium_10,one_week,physician_responsible,public,high_18,low_0_5,same_day,liability_waiver
2026-10-05_deepseek_main,generic__disease_diagnosis,generic,disease_diagnosis,,main,generic__disease_diagnosis::main-0845,845,0,4392611575854295208,efficiency>rnd_institution>legal_accountability>missed_diagnosis>misdiagnosis,0,0,d55bc1da2208b585,d8894c87395a4f55,a0f959b14ebe6e07,public,high_18,medium_10,same_day,liability_waiver,multinational,medium_8,low_0_5,one_week,rnd_responsible
2026-10-05_deepseek_main,generic__disease_diagnosis,generic,disease_diagnosis,,main,generic__disease_diagnosis::main-0846,846,0,5130538437958927093,missed_diagnosis>efficiency>rnd_institution>misdiagnosis>legal_accountability,0,0,8ec3b013bc864bb9,c49524a7999979b1,e6b6f3838f538381,multinational,low_1,medium_10,one_week,liability_waiver,public,high_18,low_0_5,instant,physician_responsible
2026-10-05_deepseek_main,generic__disease_diagnosis,generic,disease_diagnosis,,main,generic__disease_diagnosis::main-0847,847,0,254155087744929227,misdiagnosis>legal_accountability>rnd_institution>efficiency>missed_diagnosis,0,0,68fc0f6b290f9c34,b0c6aca1073fde7b,164864be700e7b97,domestic_private,high_18,low_0_5,instant,rnd_responsible,multinational,medium_8,medium_10,same_day,liability_waiver
2026-10-05_deepseek_main,generic__disease_diagnosis,generic,disease_diagnosis,,main,generic__disease_diagnosis::main-0848,848,0,13633553259878897522,legal_accountability>misdiagnosis>efficiency>rnd_institution>missed_diagnosis,0,1,0331870dc64b291c,fbe041bd96c008f5,6330454730b35840,domestic_private,high_18,medium_10,one_week,physician_responsible,multinational,low_1,low_0_5,instant,liability_waiver
2026-10-05_deepseek_main,generic__disease_diagnosis,generic,disease_diagnosis,,main,generic__disease_diagnosis::main-0849,849,0,10277520693727444441,rnd_institution>misdiagnosis>legal_accountability>missed_diagnosis>efficiency,0,1,b2dc149e13d553f6,1e8c38b01d3e8a55,62373b0b7921fb31,multinational,medium_8,high_22,same_day,rnd_responsible,domestic_private,low_1,low_0_5,instant,liability_waiver
2026-10-05_deepseek_main,generic__disease_diagnosis,generic,disease_diagnosis,,main,generic__disease_diagnosis::main-0850,850,0,8871396378860561437,rnd_institution>efficiency>misdiagnosis>missed_diagnosis>legal_accountability,0,0,2deb0995155c7aec,d5c94bb094587eb8,1352938070d6aea1,public,medium_8,high_22,one_week,physician_responsible,domestic_private,high_18,medium_10,same_day,rnd_responsible
2026-10-05_deepseek_main,generic__disease_diagnosis,generic,disease_diagnosis,,main,generic__disease_diagnosis::main-0851,851,0,660933817502981310,legal_accountability>efficiency>missed_diagnosis>rnd_institution>misdiagnosis,0,0,5d1048aff90b5584,24362a95d3936ecf,81959a69124c1196,public,medium_8,low_0_5,one_week,rnd_responsible,multinational,low_1,medium_10,same_day,physician_responsible
2026-10-05_deepseek_main,generic__disease_diagnosis,generic,disease_diagnosis,,main,generic__disease_diagnosis::main-0852,852,0,2379036122426624195,rnd_institution>misdiagnosis>legal_accountability>missed_diagnosis>efficiency,0,0,d4ca115a198c9197,c5caeb3ef92ec0fd,54ef6e4328c93528,multinational,high_18,low_0_5,instant,liability_waiver,domestic_private,medium_8,medium_10,one_week,physician_responsible
2026-10-05_deepseek_main,generic__disease_diagnosis,generic,disease_diagnosis,,main,generic__disease_diagnosis::main-0853,853,0,7510684263456163861,legal_accountability>efficiency>missed_diagnosis>rnd_institution>misdiagnosis,0,0,18e858bde539e8f1,4567d5cb38325395,1352938070d6aea1,domestic_private,medium_8,high_22,same_day,physician_responsible,public,high_18,medium_10,one_week,rnd_responsible
2026-10-05_deepseek_main,generic__disease_diagnosis,generic,disease_diagnosis,,main,generic__disease_diagnosis::main-0854,854,0,15143263722415160052,misdiagnosis>missed_diagnosis>legal_accountability>efficiency>rnd_institution,0,0,7c3653b2979cca30,a2a126e4c05421a8,9e5cad82f8d1f044,public,high_18,low_0_5,instant,liability_waiver,multinational,medium_8,high_22,one_week,physician_responsible
2026-10-05_deepseek_main,generic__disease_diagnosis,generic,disease_diagnosis,,main,generic__disease_diagnosis::main-0855,855,0,15832718243737221839,efficiency>rnd_institution>legal_accountability>missed_diagnosis>misdiagnosis,0,0,470c0af8a0a478dd,87f3eb2bd5192d01,c1fd2d2725258b04,public,high_18,high_22,same_day,physician_responsible,multinational,low_1,low_0_5,one_week,rnd_responsible
2026-10-05_deepseek_main,generic__disease_diagnosis,generic,disease_diagnosis,,main,generic__disease_diagnosis::main-0856,856,0,3457357195280171186,efficiency>rnd_institution>legal_accountability>missed_diagnosis>misdiagnosis,0,0,3220f327615d5194,972acdaba8661f94,bd48643b4e0bc77d,public,high_18,high_22,instant,rnd_responsible,domestic_private,low_1,low_0_5,one_week,physician_responsible
2026-10-05_deepseek_main,generic__disease_diagnosis,generic,disease_diagnosis,,main,generic__disease_diagnosis::main-0857,857,0,2069223610121885574,legal_accountability>rnd_institution>misdiagnosis>efficiency>missed_diagnosis,1,0,cd773c247f5bf4f4,73b9785286352de1,876bdc60882db7e6,public,medium_8,medium_10,instant,rnd_responsible,multinational,high_18,high_22,one_week,physician_responsible
2026-10-05_deepseek_main,generic__disease_diagnosis,generic,disease_diagnosis,,main,generic__disease_diagnosis::main-0858,858,0,7572150577791719313,efficiency>misdiagnosis>legal_accountability>rnd_institution>missed_diagnosis,0,1,c0421c3850097cf6,19fccff3c18ae73a,b1729d2cff3181cb,public,high_18,high_22,one_week,rnd_responsible,multinational,low_1,low_0_5,instant,physician_responsible
2026-10-05_deepseek_main,generic__disease_diagnosis,generic,disease_diagnosis,,main,generic__disease_diagnosis::main-0859,859,0,14532111563484704258,legal_accountability>misdiagnosis>missed_diagnosis>rnd_institution>efficiency,0,0,741d90ad009ae53c,5475da4f0c11dc74,c1fd2d2725258b04,public,low_1,low_0_5,one_week,physician_responsible,multinational,high_18,high_22,same_day,rnd_responsible
2026-10-05_deepseek_main,generic__disease_diagnosis,generic,disease_diagnosis,,main,generic__disease_diagnosis::main-0860,860,0,4376408532998574810,legal_accountability>misdiagnosis>rnd_institution>missed_diagnosis>efficiency,0,0,2ed33e29cb443e9b,8874124c9386805e,19c06a42c7f04061,public,low_1,medium_10,one_week,rnd_responsible,multinational,medium_8,low_0_5,same_day,liability_waiver
2026-10-05_deepseek_main,generic__disease_diagnosis,generic,disease_diagnosis,,main,generic__disease_diagnosis::main-0861,861,0,3337759049269310696,efficiency>legal_accountability>missed_diagnosis>rnd_institution>misdiagnosis,0,1,03d4d0725d57e6e3,4a8d1e9b08fd8e36,5bf265c7c669620c,multinational,high_18,high_22,one_week,rnd_responsible,public,low_1,low_0_5,instant,liability_waiver
2026-10-05_deepseek_main,generic__disease_diagnosis,generic,disease_diagnosis,,main,generic__disease_diagnosis::main-0862,862,0,16900340295891990121,efficiency>legal_accountability>missed_diagnosis>misdiagnosis>rnd_institution,0,0,3a32f1c44f1d3ea6,af504fc57cc13456,a479d033fc93fc5e,public,low_1,high_22,instant,physician_responsible,multinational,high_18,low_0_5,same_day,rnd_responsible
2026-10-05_deepseek_main,generic__disease_diagnosis,generic,disease_diagnosis,,main,generic__disease_diagnosis::main-0863,863,0,4567313410481809447,rnd_institution>efficiency>legal_accountability>missed_diagnosis>misdiagnosis,1,0,9cf71e32e29d8501,df5dd2ffa3788fdb,afd5eaf0afe8ec57,multinational,low_1,low_0_5,instant,rnd_responsible,public,high_18,medium_10,one_week,physician_responsible
2026-10-05_deepseek_main,generic__disease_diagnosis,generic,disease_diagnosis,,main,generic__disease_diagnosis::main-0864,864,0,2273176015549247038,legal_accountability>rnd_institution>efficiency>misdiagnosis>missed_diagnosis,0,0,bf00621fa2a9a800,ada0ee5cc7861045,876bdc60882db7e6,public,medium_8,high_22,instant,rnd_responsible,multinational,high_18,medium_10,one_week,physician_responsible
2026-10-05_deepseek_main,generic__disease_diagnosis,generic,disease_diagnosis,,main,generic__disease_diagnosis::main-0865,865,0,13142296580879551279,missed_diagnosis>legal_accountability>misdiagnosis>efficiency>rnd_institution,0,0,2b005db90e40fcb4,74649155f11f7ce8,27044dcd924da66b,multinational,medium_8,medium_10,one_week,liability_waiver,public,low_1,high_22,same_day,physician_responsible
2026-10-05_deepseek_main,generic__disease_diagnosis,generic,disease_diagnosis,,main,generic__disease_diagnosis::main-0866,866,0,10447274478332131953,efficiency>rnd_institution>missed_diagnosis>legal_accountability>misdiagnosis,0,0,7db85a0793cfc0d5,8ce8d521c887ccfb,1a02773c963793c7,domestic_private,high_18,medium_10,same_day,liability_waiver,multinational,medium_8,high_22,one_week,physician_responsible
2026-10-05_deepseek_main,generic__disease_diagnosis,generic,disease_diagnosis,,main,generic__disease_diagnosis::main-0867,867,0,16910162023672005640,efficiency>missed_diagnosis>misdiagnosis>rnd_institution>legal_accountability,0,0,079edd0fe6e87935,783469ee36e3fdfc,a653d3b9e0002160,public,low_1,high_22,one_week,rnd_responsible,domestic_private,high_18,medium_10,instant,liability_waiver
2026-10-05_deepseek_main,generic__disease_diagnosis,generic,disease_diagnosis,,main,generic__disease_diagnosis::main-0868,868,0,15788013713020046965,rnd_institution>misdiagnosis>missed_diagnosis>efficiency>legal_accountability,0,1,cb2ef64eb59c509e,234898f74708a281,c7dc565d6fb8d3f4,domestic_private,high_18,high_22,one_week,liability_waiver,multinational,low_1,low_0_5,instant,rnd_responsible
2026-10-05_deepseek_main,generic__disease_diagnosis,generic,disease_diagnosis,,main,generic__disease_diagnosis::main-0869,869,0,13268408538018827396,rnd_institution>missed_diagnosis>legal_accountability>efficiency>misdiagnosis,0,0,bed7c7da794f0d32,26ea77a574e1143a,4db14ea691310938,public,medium_8,low_0_5,one_week,liability_waiver,domestic_private,low_1,medium_10,instant,rnd_responsible
2026-10-05_deepseek_main,generic__disease_diagnosis,generic,disease_diagnosis,,main,generic__disease_diagnosis::main-0870,870,0,4857525613479950515,legal_accountability>rnd_institution>misdiagnosis>efficiency>missed_diagnosis,0,0,6a3a6ce67221b258,c7b2289cf071f96b,27044dcd924da66b,multinational,medium_8,medium_10,same_day,physician_responsible,public,low_1,high_22,one_week,liability_waiver
2026-10-05_deepseek_main,generic__disease_diagnosis,generic,disease_diagnosis,,main,generic__disease_diagnosis::main-0871,871,0,11606958030246967760,missed_diagnosis>legal_accountability>rnd_institution>efficiency>misdiagnosis,0,0,7f916368d9dda00f,1934e0c7111daaa7,b292e1a033682d10,domestic_private,high_18,low_0_5,one_week,rnd_responsible,multinational,medium_8,medium_10,same_day,liability_waiver
2026-10-05_deepseek_main,generic__disease_diagnosis,generic,disease_diagnosis,,main,generic__disease_diagnosis::main-0872,872,0,12707226634281267872,misdiagnosis>efficiency>legal_accountability>missed_diagnosis>rnd_institution,0,0,659a45104d9a3c14,61ef90c9dc96c487,a653d3b9e0002160,domestic_private,low_1,medium_10,one_week,liability_waiver,public,high_18,high_22,instant,rnd_responsible
2026-10-05_deepseek_main,generic__disease_diagnosis,generic,disease_diagnosis,,main,generic__disease_diagnosis::main-0873,873,0,981562984851177041,legal_accountability>rnd_institution>efficiency>misdiagnosis>missed_diagnosis,0,0,56011622fe42ecce,d36d20c3e17d5604,164864be700e7b97,domestic_private,medium_8,medium_10,same_day,liability_waiver,multinational,high_18,low_0_5,instant,rnd_responsible
2026-10-05_deepseek_main,generic__disease_diagnosis,generic,disease_diagnosis,,main,generic__disease_diagnosis::main-0874,874,0,7028844470853842191,efficiency>missed_diagnosis>rnd_institution>legal_accountability>misdiagnosis,0,0,584b5f8c0a9eaa37,303378c15f0d66b3,5eff10f1e34ecb58,public,medium_8,high_22,instant,liability_waiver,multinational,high_18,low_0_5,one_week,rnd_responsible
2026-10-05_deepseek_main,generic__disease_diagnosis,generic,disease_diagnosis,,main,generic__disease_diagnosis::main-0875,875,0,5407220935715176421,rnd_institution>efficiency>misdiagnosis>missed_diagnosis>legal_accountability,0,0,003888f9a155e84f,9f6f5ccb61ca1978,f7a3305668981180,multinational,low_1,low_0_5,one_week,physician_responsible,domestic_private,medium_8,medium_10,same_day,liability_waiver
2026-10-05_deepseek_main,generic__disease_diagnosis,generic,disease_diagnosis,,main,generic__disease_diagnosis::main-0876,876,0,5724123344756921482,efficiency>rnd_institution>legal_accountability>misdiagnosis>missed_diagnosis,0,0,3b798dd4568c7e87,24c9c57ec91ff606,24c9c57ec91ff606,multinational,high_18,low_0_5,instant,liability_waiver,public,medium_8,medium_10,same_day,physician_responsible
2026-10-05_deepseek_main,generic__disease_diagnosis,generic,disease_diagnosis,,main,generic__disease_diagnosis::main-0877,877,0,13092912364925424402,legal_accountability>efficiency>missed_diagnosis>misdiagnosis>rnd_institution,0,0,09fa9c78fa024a49,46d126f7f65bba14,bce5c9fc1c08d0f3,domestic_private,medium_8,low_0_5,same_day,physician_responsible,multinational,low_1,high_22,one_week,liability_waiver
2026-10-05_deepseek_main,generic__disease_diagnosis,generic,disease_diagnosis,,main,generic__disease_diagnosis::main-0878,878,0,5750775231437921603,legal_accountability>rnd_institution>efficiency>misdiagnosis>missed_diagnosis,0,0,77c9b95f1057ba37,69cba92c386cf77c,a9db22fd71cfbf85,public,low_1,low_0_5,one_week,physician_responsible,domestic_private,high_18,medium_10,same_day,liability_waiver
2026-10-05_deepseek_main,generic__disease_diagnosis,generic,disease_diagnosis,,main,generic__disease_diagnosis::main-0879,879,0,14936315498533073484,missed_diagnosis>legal_accountability>rnd_institution>efficiency>misdiagnosis,0,0,c5b5891224f55974,e54ef0f403fb1b6a,f1a6f1d0f6dfdd35,multinational,medium_8,high_22,same_day,rnd_responsible,domestic_private,high_18,low_0_5,one_week,physician_responsible
2026-10-05_deepseek_main,generic__disease_diagnosis,generic,disease_diagnosis,,main,generic__disease_diagnosis::main-0880,880,0,7304489912947692815,efficiency>rnd_institution>missed_diagnosis>misdiagnosis>legal_accountability,0,0,5ed73e342c300458,9e5ae29e18b555b7,5fab6e9090e65b95,multinational,low_1,high_22,same_day,rnd_responsible,public,medium_8,low_0_5,one_week,liability_waiver
2026-10-05_deepseek_main,generic__disease_diagnosis,generic,disease_diagnosis,,main,generic__disease_diagnosis::main-0881,881,0,6477512092198311559,rnd_institution>efficiency>missed_diagnosis>legal_accountability>misdiagnosis,0,0,816d68b9b82aed6b,febd168015879277,ca3b38742586e808,public,low_1,medium_10,one_week,rnd_responsible,domestic_private,high_18,high_22,same_day,liability_waiver
2026-10-05_deepseek_main,generic__disease_diagnosis,generic,disease_diagnosis,,main,generic__disease_diagnosis::main-0882,882,0,14979660577910636935,misdiagnosis>missed_diagnosis>legal_accountability>efficiency>rnd_institution,0,0,3f919025ba31f46f,2a22531a70c18bce,1352938070d6aea1,domestic_private,high_18,medium_10,one_week,rnd_responsible,public,medium_8,high_22,same_day,physician_responsible
2026-10-05_deepseek_main,generic__disease_diagnosis,generic,disease_diagnosis,,main,generic__disease_diagnosis::main-0883,883,0,215239234196082200,missed_diagnosis>rnd_institution>legal_accountability>misdiagnosis>efficiency,0,0,23ec41f057d42a25,32b7d8d321d84094,98dfc32a26d95bed,domestic_private,high_18,medium_10,same_day,liability_waiver,public,medium_8,high_22,one_week,physician_responsible
2026-10-05_deepseek_main,generic__disease_diagnosis,generic,disease_diagnosis,,main,generic__disease_diagnosis::main-0884,884,0,4772734289751844568,efficiency>missed_diagnosis>rnd_institution>legal_accountability>misdiagnosis,0,0,47e51dc8545c765a,5000838147be512e,169b6d92e2b31140,multinational,high_18,medium_10,same_day,liability_waiver,public,low_1,high_22,instant,physician_responsible
2026-10-05_deepseek_main,generic__disease_diagnosis,generic,disease_diagnosis,,main,generic__disease_diagnosis::main-0885,885,0,15492133501628489453,misdiagnosis>legal_accountability>efficiency>missed_diagnosis>rnd_institution,0,1,8248feb1ee69e5f5,2a11d3dc55421be8,830c39c5a9d45148,domestic_private,high_18,medium_10,one_week,liability_waiver,multinational,low_1,low_0_5,instant,rnd_responsible
2026-10-05_deepseek_main,generic__disease_diagnosis,generic,disease_diagnosis,,main,generic__disease_diagnosis::main-0886,886,0,13259719987975771329,legal_accountability>efficiency>misdiagnosis>missed_diagnosis>rnd_institution,0,0,6186ac5b01d21cf3,2b9ec71852e226f6,2ef6880c8178239f,multinational,medium_8,medium_10,one_week,rnd_responsible,public,low_1,high_22,instant,physician_responsible
2026-10-05_deepseek_main,generic__disease_diagnosis,generic,disease_diagnosis,,main,generic__disease_diagnosis::main-0887,887,0,3740007980275318443,misdiagnosis>missed_diagnosis>rnd_institution>legal_accountability>efficiency,0,1,aa89c7b7bde7da0e,8615e1a5a2a71dce,db4bcf66a5b4ae60,domestic_private,medium_8,high_22,one_week,physician_responsible,public,low_1,medium_10,instant,rnd_responsible
2026-10-05_deepseek_main,generic__disease_diagnosis,generic,disease_diagnosis,,main,generic__disease_diagnosis::main-0888,888,0,15491781294827490398,missed_diagnosis>efficiency>legal_accountability>misdiagnosis>rnd_institution,0,1,1f4fb0242609fe6f,7aa58d2c3a49820a,54ef6e4328c93528,multinational,high_18,medium_10,one_week,physician_responsible,domestic_private,medium_8,low_0_5,instant,liability_waiver
2026-10-05_deepseek_main,generic__disease_diagnosis,generic,disease_diagnosis,,main,generic__disease_diagnosis::main-0889,889,0,9413452640418052555,misdiagnosis>missed_diagnosis>rnd_institution>legal_accountability>efficiency,0,1,a364f0bcd4701fd1,2eca4afd74d55799,8f5165a4f875185b,public,high_18,high_22,same_day,rnd_responsible,multinational,low_1,low_0_5,instant,liability_waiver
2026-10-05_deepseek_main,generic__disease_diagnosis,generic,disease_diagnosis,,main,generic__disease_diagnosis::main-0890,890,0,8214757580104962633,misdiagnosis>legal_accountability>missed_diagnosis>rnd_institution>efficiency,0,0,c24bb539290f3519,af652b9ccea267b0,e6b6f3838f538381,multinational,low_1,low_0_5,one_week,physician_responsible,public,high_18,medium_10,instant,liability_waiver
2026-10-05_deepseek_main,generic__disease_diagnosis,generic,disease_diagnosis,,main,generic__disease_diagnosis::main-0891,891,0,442812898790263608,missed_diagnosis>misdiagnosis>efficiency>rnd_institution>legal_accountability,0,0,0d94615a0fae61c9,763cd5e54bc2da7a,320a3778de250f8e,multinational,low_1,high_22,same_day,rnd_responsible,domestic_private,medium_8,low_0_5,one_week,physician_responsible
2026-10-05_deepseek_main,generic__disease_diagnosis,generic,disease_diagnosis,,main,generic__disease_diagnosis::main-0892,892,0,14490543747119390544,missed_diagnosis>efficiency>legal_accountability>rnd_institution>misdiagnosis,0,1,68f81e3e0045c3a4,2b1254c9087b40eb,f559706580937721,multinational,high_18,high_22,one_week,rnd_responsible,domestic_private,medium_8,medium_10,same_day,physician_responsible
2026-10-05_deepseek_main,generic__disease_diagnosis,generic,disease_diagnosis,,main,generic__disease_diagnosis::main-0893,893,0,6418288635292433455,efficiency>rnd_institution>legal_accountability>missed_diagnosis>misdiagnosis,0,0,301bcdbdbe95a1e1,9cea26d73a863217,e5b7aa3f08b40402,multinational,high_18,low_0_5,one_week,rnd_responsible,domestic_private,medium_8,high_22,same_day,liability_waiver
2026-10-05_deepseek_main,generic__disease_diagnosis,generic,disease_diagnosis,,main,generic__disease_diagnosis::main-0894,894,0,10420507332596883570,legal_accountability>rnd_institution>efficiency>missed_diagnosis>misdiagnosis,0,0,8fa750b468405b8e,1dd738b84312f0e0,70c3b1efb3ca6329,multinational,low_1,high_22,same_day,physician_responsible,public,high_18,medium_10,one_week,liability_waiver
2026-10-05_deepseek_main,generic__disease_diagnosis,generic,disease_diagnosis,,main,generic__disease_diagnosis::main-0895,895,0,15351593627632624142,rnd_institution>efficiency>misdiagnosis>missed_diagnosis>legal_accountability,0,0,59a4107c04845db6,313853ca3fc73bf3,087c217329fed847,public,low_1,medium_10,same_day,physician_responsible,multinational,high_18,low_0_5,instant,rnd_responsible
2026-10-05_deepseek_main,generic__disease_diagnosis,generic,disease_diagnosis,,main,generic__disease_diagnosis::main-0896,896,0,13139911390407191587,missed_diagnosis>misdiagnosis>efficiency>rnd_institution>legal_accountability,0,0,8fcd1a609f600284,3261c55228880ec4,9ac65053d2d33435,domestic_private,low_1,low_0_5,one_week,rnd_responsible,multinational,high_18,medium_10,instant,physician_responsible
2026-10-05_deepseek_main,generic__disease_diagnosis,generic,disease_diagnosis,,main,generic__disease_diagnosis::main-0897,897,0,17811257072912784096,rnd_institution>missed_diagnosis>legal_accountability>efficiency>misdiagnosis,0,0,b6e0eae7d20f8a8f,845d0fca44db074e,3f66db13d4091ad8,domestic_private,low_1,low_0_5,one_week,physician_responsible,multinational,high_18,high_22,same_day,rnd_responsible
2026-10-05_deepseek_main,generic__disease_diagnosis,generic,disease_diagnosis,,main,generic__disease_diagnosis::main-0898,898,0,10082392346122308111,legal_accountability>rnd_institution>misdiagnosis>efficiency>missed_diagnosis,0,0,753cd325f4294519,48ae96e2eea75720,c82a29ac415045da,domestic_private,high_18,medium_10,instant,rnd_responsible,multinational,medium_8,high_22,one_week,physician_responsible
2026-10-05_deepseek_main,generic__disease_diagnosis,generic,disease_diagnosis,,main,generic__disease_diagnosis::main-0899,899,0,7787398873442785478,legal_accountability>rnd_institution>misdiagnosis>missed_diagnosis>efficiency,0,0,1a3a8f201084279e,ab20548a478442e9,f17c7b3513afe49a,domestic_private,low_1,high_22,same_day,liability_waiver,public,medium_8,low_0_5,instant,rnd_responsible
2026-10-05_deepseek_main,generic__disease_diagnosis,generic,disease_diagnosis,,main,generic__disease_diagnosis::main-0900,900,0,4312316955171596390,rnd_institution>legal_accountability>efficiency>misdiagnosis>missed_diagnosis,0,0,fa255ba303d0c63c,819ee119bc255417,5fab6e9090e65b95,public,low_1,low_0_5,one_week,rnd_responsible,multinational,medium_8,high_22,same_day,liability_waiver
2026-10-05_deepseek_main,generic__disease_diagnosis,generic,disease_diagnosis,,main,generic__disease_diagnosis::main-0901,901,0,15154671995114227805,efficiency>legal_accountability>rnd_institution>missed_diagnosis>misdiagnosis,0,0,685089295ea425a7,1d581fcc0998236a,1a35dd44570cba52,public,medium_8,medium_10,same_day,rnd_responsible,multinational,low_1,high_22,one_week,liability_waiver
2026-10-05_deepseek_main,generic__disease_diagnosis,generic,disease_diagnosis,,main,generic__disease_diagnosis::main-0902,902,0,9193561907245137046,efficiency>rnd_institution>legal_accountability>misdiagnosis>missed_diagnosis,0,0,d045f4462076707a,e409f6029c61df0a,d92dafdb3329dc1f,domestic_private,medium_8,high_22,instant,rnd_responsible,public,low_1,low_0_5,one_week,physician_responsible
2026-10-05_deepseek_main,generic__disease_diagnosis,generic,disease_diagnosis,,main,generic__disease_diagnosis::main-0903,903,0,12513804400887414081,rnd_institution>legal_accountability>missed_diagnosis>misdiagnosis>efficiency,0,0,f95d1473b7fcf975,38a1ed35da07cf47,0d432e8570288e8a,domestic_private,high_18,low_0_5,same_day,rnd_responsible,public,medium_8,high_22,one_week,liability_waiver
2026-10-05_deepseek_main,generic__disease_diagnosis,generic,disease_diagnosis,,main,generic__disease_diagnosis::main-0904,904,0,10282789089703510493,efficiency>missed_diagnosis>misdiagnosis>legal_accountability>rnd_institution,0,0,c567e5b06b6357ec,dc67dbe529fb5453,efce7306b192d8ae,multinational,low_1,low_0_5,one_week,liability_waiver,public,medium_8,medium_10,instant,rnd_responsible
2026-10-05_deepseek_main,generic__disease_diagnosis,generic,disease_diagnosis,,main,generic__disease_diagnosis::main-0905,905,0,9327408195070596674,rnd_institution>misdiagnosis>legal_accountability>efficiency>missed_diagnosis,0,0,1cbaf6c0e11fa1ed,e2c3ba204097625e,a9b97d2a264042aa,domestic_private,high_18,medium_10,same_day,liability_waiver,public,medium_8,high_22,one_week,rnd_responsible
2026-10-05_deepseek_main,generic__disease_diagnosis,generic,disease_diagnosis,,main,generic__disease_diagnosis::main-0906,906,0,1399587652924595909,missed_diagnosis>efficiency>misdiagnosis>legal_accountability>rnd_institution,0,0,6f74fccffd7bbd25,b4ae70f16f4b2f4f,39a34dadc60b83e2,multinational,medium_8,high_22,instant,physician_responsible,public,low_1,medium_10,one_week,liability_waiver
2026-10-05_deepseek_main,generic__disease_diagnosis,generic,disease_diagnosis,,main,generic__disease_diagnosis::main-0907,907,0,8487590133055395343,rnd_institution>legal_accountability>efficiency>misdiagnosis>missed_diagnosis,0,0,53a05d618ceaf728,4330666c31f31966,f140f77d54613897,domestic_private,low_1,low_0_5,same_day,physician_responsible,public,medium_8,high_22,instant,rnd_responsible
2026-10-05_deepseek_main,generic__disease_diagnosis,generic,disease_diagnosis,,main,generic__disease_diagnosis::main-0908,908,0,852328159333632870,misdiagnosis>rnd_institution>legal_accountability>efficiency>missed_diagnosis,0,0,7e97fe29e149ad75,51a90ef69055e45f,9e6525aab62adb98,domestic_private,high_18,low_0_5,instant,physician_responsible,public,medium_8,high_22,one_week,rnd_responsible
2026-10-05_deepseek_main,generic__disease_diagnosis,generic,disease_diagnosis,,main,generic__disease_diagnosis::main-0909,909,0,8977094101619699553,legal_accountability>efficiency>rnd_institution>misdiagnosis>missed_diagnosis,0,1,424275f225853367,bd9ac43b179fa1e5,5fc490f907972f91,domestic_private,medium_8,high_22,one_week,liability_waiver,public,low_1,medium_10,instant,rnd_responsible
2026-10-05_deepseek_main,generic__disease_diagnosis,generic,disease_diagnosis,,main,generic__disease_diagnosis::main-0910,910,0,11660666580734950036,misdiagnosis>rnd_institution>missed_diagnosis>efficiency>legal_accountability,0,0,8ad36eda4f0ef664,9f5d5f8e22fb0b86,017793d89f5e029a,public,medium_8,high_22,same_day,rnd_responsible,multinational,high_18,low_0_5,one_week,physician_responsible
2026-10-05_deepseek_main,generic__disease_diagnosis,generic,disease_diagnosis,,main,generic__disease_diagnosis::main-0911,911,0,7404480438406201470,misdiagnosis>missed_diagnosis>efficiency>legal_accountability>rnd_institution,0,0,09f65f94249d527a,e253d78b69ad6095,71aa710f296b6676,multinational,low_1,medium_10,one_week,rnd_responsible,domestic_private,medium_8,low_0_5,same_day,physician_responsible
2026-10-05_deepseek_main,generic__disease_diagnosis,generic,disease_diagnosis,,main,generic__disease_diagnosis::main-0912,912,0,10499722880615629485,efficiency>rnd_institution>missed_diagnosis>misdiagnosis>legal_accountability,0,0,18e58db0f1b5dbed,59e834e133165425,afd5eaf0afe8ec57,public,low_1,medium_10,one_week,rnd_responsible,multinational,high_18,low_0_5,instant,physician_responsible
2026-10-05_deepseek_main,generic__disease_diagnosis,generic,disease_diagnosis,,main,generic__disease_diagnosis::main-0913,913,0,10362731164136411349,rnd_institution>missed_diagnosis>efficiency>legal_accountability>misdiagnosis,0,1,6ed9f4722371eb71,24fd295a3ccf7f68,164864be700e7b97,domestic_private,high_18,medium_10,same_day,rnd_responsible,multinational,medium_8,low_0_5,instant,liability_waiver
2026-10-05_deepseek_main,generic__disease_diagnosis,generic,disease_diagnosis,,main,generic__disease_diagnosis::main-0914,914,0,13186914104894441105,misdiagnosis>legal_accountability>efficiency>rnd_institution>missed_diagnosis,0,0,09f20c68a70656b4,5603901e19704b17,c3d856a8c2aadf6a,multinational,high_18,medium_10,one_week,liability_waiver,domestic_private,medium_8,high_22,instant,rnd_responsible
2026-10-05_deepseek_main,generic__disease_diagnosis,generic,disease_diagnosis,,main,generic__disease_diagnosis::main-0915,915,0,5358182398878958013,rnd_institution>legal_accountability>misdiagnosis>efficiency>missed_diagnosis,0,0,a966bfd0480d7257,1b06b0b50b0ed9ee,9e5cad82f8d1f044,multinational,medium_8,high_22,instant,liability_waiver,public,high_18,low_0_5,one_week,physician_responsible
2026-10-05_deepseek_main,generic__disease_diagnosis,generic,disease_diagnosis,,main,generic__disease_diagnosis::main-0916,916,0,2107819588604065437,rnd_institution>efficiency>misdiagnosis>missed_diagnosis>legal_accountability,0,0,05bcffdf8e0816bd,73171678ce378fa9,5d0623fc38a61329,domestic_private,high_18,low_0_5,same_day,physician_responsible,public,medium_8,medium_10,instant,liability_waiver
2026-10-05_deepseek_main,generic__disease_diagnosis,generic,disease_diagnosis,,main,generic__disease_diagnosis::main-0917,917,0,7677274211585847938,misdiagnosis>efficiency>rnd_institution>missed_diagnosis>legal_accountability,0,0,f45376073a96d7a2,dab6881a32b93aeb,db101446419cdf04,domestic_private,high_18,low_0_5,same_day,rnd_responsible,multinational,medium_8,high_22,instant,physician_responsible
2026-10-05_deepseek_main,generic__disease_diagnosis,generic,disease_diagnosis,,main,generic__disease_diagnosis::main-0918,918,0,14778160685061203821,missed_diagnosis>efficiency>legal_accountability>misdiagnosis>rnd_institution,0,0,6b9da54d7c4caa53,406df240d4a86a74,030729e1803313a7,domestic_private,medium_8,low_0_5,one_week,physician_responsible,public,high_18,high_22,same_day,liability_waiver
2026-10-05_deepseek_main,generic__disease_diagnosis,generic,disease_diagnosis,,main,generic__disease_diagnosis::main-0919,919,0,13937287049468096185,misdiagnosis>efficiency>missed_diagnosis>legal_accountability>rnd_institution,1,0,f347fd58dc7e529a,fbdfcfc46681b24b,fd9919c156011664,multinational,medium_8,low_0_5,instant,physician_responsible,public,high_18,medium_10,one_week,liability_waiver
2026-10-05_deepseek_main,generic__disease_diagnosis,generic,disease_diagnosis,,main,generic__disease_diagnosis::main-0920,920,0,3108162730565163922,missed_diagnosis>misdiagnosis>efficiency>rnd_institution>legal_accountability,0,1,2b4d63806ef902f7,e8f6942fe962d259,9c3c24473f44b7c5,multinational,high_18,medium_10,same_day,rnd_responsible,public,medium_8,low_0_5,instant,liability_waiver
2026-10-05_deepseek_main,generic__disease_diagnosis,generic,disease_diagnosis,,main,generic__disease_diagnosis::main-0921,921,0,9576544310843575421,rnd_institution>legal_accountability>missed_diagnosis>misdiagnosis>efficiency,0,0,55e6889aee9e8334,8e4b53d2eeee59e4,a9b97d2a264042aa,domestic_private,high_18,medium_10,same_day,rnd_responsible,public,medium_8,high_22,one_week,liability_waiver
2026-10-05_deepseek_main,generic__disease_diagnosis,generic,disease_diagnosis,,main,generic__disease_diagnosis::main-0922,922,0,15937522392178421451,efficiency>legal_accountability>missed_diagnosis>misdiagnosis>rnd_institution,1,0,5b9a04a1588c4185,0c1cf1b43d7aae11,d7730e9b33b9a5e7,public,medium_8,low_0_5,instant,physician_responsible,domestic_private,high_18,high_22,same_day,liability_waiver
2026-10-05_deepseek_main,generic__disease_diagnosis,generic,disease_diagnosis,,main,generic__disease_diagnosis::main-0923,923,0,5367868241066980171,legal_accountability>missed_diagnosis>efficiency>misdiagnosis>rnd_institution,0,0,4738b41f9af07256,b454230fc9da4026,b930ea2f11c59268,public,low_1,medium_10,instant,physician_responsible,domestic_private,medium_8,low_0_5,one_week,rnd_responsible
2026-10-05_deepseek_main,generic__disease_diagnosis,generic,disease_diagnosis,,main,generic__disease_diagnosis::main-0924,924,0,17600882547225604632,missed_diagnosis>rnd_institution>efficiency>misdiagnosis>legal_accountability,0,0,de569b814b4b1cbb,27510ae608ee68b9,1a02773c963793c7,multinational,medium_8,high_22,same_day,liability_waiver,domestic_private,high_18,medium_10,one_week,physician_responsible
2026-10-05_deepseek_main,generic__disease_diagnosis,generic,disease_diagnosis,,main,generic__disease_diagnosis::main-0925,925,0,12857854182244269105,legal_accountability>missed_diagnosis>efficiency>rnd_institution>misdiagnosis,0,0,1f67219a9349c56c,87d1413d7f8a1e46,8f5165a4f875185b,public,low_1,high_22,same_day,rnd_responsible,multinational,high_18,low_0_5,instant,liability_waiver
2026-10-05_deepseek_main,generic__disease_diagnosis,generic,disease_diagnosis,,main,generic__disease_diagnosis::main-0926,926,0,15258931513755888922,misdiagnosis>rnd_institution>legal_accountability>missed_diagnosis>efficiency,0,1,d06330bf5d5b059d,0f94ef5f7c8f596a,49902a25a38cf7b2,domestic_private,medium_8,high_22,one_week,liability_waiver,multinational,low_1,low_0_5,same_day,rnd_responsible
2026-10-05_deepseek_main,generic__disease_diagnosis,generic,disease_diagnosis,,main,generic__disease_diagnosis::main-0927,927,0,18049995244766630563,rnd_institution>missed_diagnosis>efficiency>legal_accountability>misdiagnosis,0,0,169644ee293fb51b,0346344c1db32e7a,e69b05e674893970,domestic_private,medium_8,low_0_5,same_day,physician_responsible,multinational,high_18,medium_10,instant,rnd_responsible
2026-10-05_deepseek_main,generic__disease_diagnosis,generic,disease_diagnosis,,main,generic__disease_diagnosis::main-0928,928,0,9808161538241213674,efficiency>misdiagnosis>rnd_institution>legal_accountability>missed_diagnosis,0,0,807a93285fcb4e3e,8b509cadcf34f234,3b01e91ea3a85c30,public,low_1,high_22,one_week,rnd_responsible,domestic_private,medium_8,medium_10,same_day,liability_waiver
2026-10-05_deepseek_main,generic__disease_diagnosis,generic,disease_diagnosis,,main,generic__disease_diagnosis::main-0929,929,0,12957797083763595497,efficiency>missed_diagnosis>misdiagnosis>rnd_institution>legal_accountability,0,1,8043ee15fb0425c3,3b54b51c1a3c38bf,087c217329fed847,multinational,high_18,medium_10,same_day,physician_responsible,public,low_1,low_0_5,instant,rnd_responsible
2026-10-05_deepseek_main,generic__disease_diagnosis,generic,disease_diagnosis,,main,generic__disease_diagnosis::main-0930,930,0,10273220418515013442,misdiagnosis>rnd_institution>legal_accountability>efficiency>missed_diagnosis,0,1,84c201f86adb0296,06514e01a2ad2e1b,f17c7b3513afe49a,public,medium_8,high_22,same_day,liability_waiver,domestic_private,low_1,low_0_5,instant,rnd_responsible
2026-10-05_deepseek_main,generic__disease_diagnosis,generic,disease_diagnosis,,main,generic__disease_diagnosis::main-0931,931,0,12466244595230694907,efficiency>legal_accountability>misdiagnosis>missed_diagnosis>rnd_institution,0,0,58cfe316532797bb,58cfe316532797bb,6330454730b35840,multinational,high_18,medium_10,instant,liability_waiver,domestic_private,low_1,low_0_5,one_week,physician_responsible
2026-10-05_deepseek_main,generic__disease_diagnosis,generic,disease_diagnosis,,main,generic__disease_diagnosis::main-0932,932,0,13232620460953317417,legal_accountability>missed_diagnosis>rnd_institution>misdiagnosis>efficiency,0,0,fe47d760dcd93f58,ecd37ed5bac416ee,2f9f18cce15ed4cf,public,low_1,medium_10,one_week,liability_waiver,domestic_private,high_18,low_0_5,same_day,rnd_responsible
2026-10-05_deepseek_main,generic__disease_diagnosis,generic,disease_diagnosis,,main,generic__disease_diagnosis::main-0933,933,0,17474230313329592400,misdiagnosis>legal_accountability>efficiency>rnd_institution>missed_diagnosis,0,0,10e397ab4bd4aaed,fa4c69ce819c4428,fa4c69ce819c4428,multinational,high_18,low_0_5,instant,liability_waiver,public,low_1,medium_10,same_day,physician_responsible
2026-10-05_deepseek_main,generic__disease_diagnosis,generic,disease_diagnosis,,main,generic__disease_diagnosis::main-0934,934,0,1745958752092197226,efficiency>rnd_institution>missed_diagnosis>legal_accountability>misdiagnosis,0,0,5de5bae39238f2a7,ef30cd116afa40db,53247be15d354e19,public,low_1,medium_10,same_day,rnd_responsible,domestic_private,high_18,low_0_5,instant,liability_waiver
2026-10-05_deepseek_main,generic__disease_diagnosis,generic,disease_diagnosis,,main,generic__disease_diagnosis::main-0935,935,0,8633767855830361070,rnd_institution>efficiency>missed_diagnosis>misdiagnosis>legal_accountability,0,0,2872faa5b1b745a2,8be40d420ad8496e,be6f7c05c38dbb58,public,high_18,high_22,same_day,liability_waiver,multinational,low_1,low_0_5,one_week,physician_responsible
2026-10-05_deepseek_main,generic__disease_diagnosis,generic,disease_diagnosis,,main,generic__disease_diagnosis::main-0936,936,0,14000754580819454825,missed_diagnosis>legal_accountability>misdiagnosis>efficiency>rnd_institution,0,0,2efb25d9d464e711,2185342677879475,32ff2bde5faa6870,domestic_private,low_1,low_0_5,one_week,rnd_responsible,public,high_18,high_22,instant,liability_waiver
2026-10-05_deepseek_main,generic__disease_diagnosis,generic,disease_diagnosis,,main,generic__disease_diagnosis::main-0937,937,0,9390021211807410695,efficiency>missed_diagnosis>misdiagnosis>rnd_institution>legal_accountability,0,0,9aca674b3c5d7a51,3ed57c1f767a70f9,5fab6e9090e65b95,multinational,medium_8,high_22,same_day,liability_waiver,public,low_1,low_0_5,one_week,rnd_responsible
2026-10-05_deepseek_main,generic__disease_diagnosis,generic,disease_diagnosis,,main,generic__disease_diagnosis::main-0938,938,0,18346034218974926623,misdiagnosis>efficiency>legal_accountability>missed_diagnosis>rnd_institution,0,0,dec8633ce6f72e9c,df44714d73fddbd8,de6798a33e485ed9,domestic_private,low_1,high_22,instant,physician_responsible,public,high_18,medium_10,one_week,liability_waiver
2026-10-05_deepseek_main,generic__disease_diagnosis,generic,disease_diagnosis,,main,generic__disease_diagnosis::main-0939,939,0,18241341300388173574,rnd_institution>legal_accountability>missed_diagnosis>misdiagnosis>efficiency,0,0,4be1a5d1d0e6a477,bb4aa4c97db3f065,2b1f03e2c39f8d7b,domestic_private,low_1,high_22,one_week,physician_responsible,multinational,high_18,low_0_5,instant,rnd_responsible
2026-10-05_deepseek_main,generic__disease_diagnosis,generic,disease_diagnosis,,main,generic__disease_diagnosis::main-0940,940,0,355478089795204026,rnd_institution>efficiency>missed_diagnosis>misdiagnosis>legal_accountability,0,0,962170c7fce76fca,2a7daeb64f717bb2,007e6425bc5f7d1e,domestic_private,low_1,medium_10,instant,rnd_responsible,multinational,medium_8,low_0_5,same_day,physician_responsible
2026-10-05_deepseek_main,generic__disease_diagnosis,generic,disease_diagnosis,,main,generic__disease_diagnosis::main-0941,941,0,3740075301543854912,legal_accountability>misdiagnosis>efficiency>missed_diagnosis>rnd_institution,0,0,3794d9992bfa1e0e,a174785d1e666702,065170894f0f12e6,multinational,high_18,medium_10,same_day,liability_waiver,domestic_private,medium_8,high_22,one_week,rnd_responsible
2026-10-05_deepseek_main,generic__disease_diagnosis,generic,disease_diagnosis,,main,generic__disease_diagnosis::main-0942,942,0,1157068124241260829,legal_accountability>rnd_institution>efficiency>missed_diagnosis>misdiagnosis,0,0,d1dbba9ff2d024b2,0451ad45c0662a4e,6d0f7825fc1d5bd2,domestic_private,low_1,low_0_5,same_day,physician_responsible,public,medium_8,high_22,instant,liability_waiver
2026-10-05_deepseek_main,generic__disease_diagnosis,generic,disease_diagnosis,,main,generic__disease_diagnosis::main-0943,943,0,10843182383310396802,missed_diagnosis>legal_accountability>efficiency>rnd_institution>misdiagnosis,0,0,29fcfea9dc839c6c,a3f0e9a4343b8425,02bff0c298ae73db,public,low_1,high_22,one_week,rnd_responsible,domestic_private,high_18,medium_10,instant,physician_responsible
2026-10-05_deepseek_main,generic__disease_diagnosis,generic,disease_diagnosis,,main,generic__disease_diagnosis::main-0944,944,0,7542543404314397568,rnd_institution>misdiagnosis>missed_diagnosis>legal_accountability>efficiency,0,0,4916396f879148c9,6988a4ad45b6b0f6,2e438f57d5bd69e8,public,high_18,low_0_5,same_day,liability_waiver,multinational,low_1,high_22,one_week,rnd_responsible
2026-10-05_deepseek_main,generic__disease_diagnosis,generic,disease_diagnosis,,main,generic__disease_diagnosis::main-0945,945,0,17342419885407072575,misdiagnosis>efficiency>missed_diagnosis>legal_accountability>rnd_institution,0,0,ef44d7831f2fa698,507dadcbfb6e545c,afd5eaf0afe8ec57,multinational,low_1,medium_10,one_week,rnd_responsible,public,high_18,low_0_5,instant,physician_responsible
2026-10-05_deepseek_main,generic__disease_diagnosis,generic,disease_diagnosis,,main,generic__disease_diagnosis::main-0946,946,0,312607624227965819,efficiency>misdiagnosis>rnd_institution>missed_diagnosis>legal_accountability,0,0,7ec9a601e3b0fd87,7fb488f547cbba02,1352938070d6aea1,public,medium_8,medium_10,one_week,physician_responsible,domestic_private,high_18,high_22,same_day,rnd_responsible
2026-10-05_deepseek_main,generic__disease_diagnosis,generic,disease_diagnosis,,main,generic__disease_diagnosis::main-0947,947,0,10842542763689415414,legal_accountability>rnd_institution>missed_diagnosis>efficiency>misdiagnosis,0,0,ccb058bacb29ad66,28aaa22d76b12276,88fc2ce81af7ce7a,multinational,medium_8,low_0_5,instant,physician_responsible,domestic_private,low_1,medium_10,one_week,liability_waiver
2026-10-05_deepseek_main,generic__disease_diagnosis,generic,disease_diagnosis,,main,generic__disease_diagnosis::main-0948,948,0,3931882707674653597,missed_diagnosis>misdiagnosis>efficiency>rnd_institution>legal_accountability,0,0,095a3ec70a5405ed,1d7c932763aeada2,f2c753ed24ede509,domestic_private,low_1,low_0_5,one_week,physician_responsible,public,high_18,medium_10,instant,rnd_responsible
2026-10-05_deepseek_main,generic__disease_diagnosis,generic,disease_diagnosis,,main,generic__disease_diagnosis::main-0949,949,0,9273360799035085474,efficiency>missed_diagnosis>rnd_institution>legal_accountability>misdiagnosis,0,0,b20768f75fbefb86,dcc1fe964ee18e38,830c39c5a9d45148,multinational,high_18,medium_10,instant,liability_waiver,domestic_private,low_1,low_0_5,one_week,rnd_responsible
2026-10-05_deepseek_main,generic__disease_diagnosis,generic,disease_diagnosis,,main,generic__disease_diagnosis::main-0950,950,0,16793069617877309848,efficiency>legal_accountability>rnd_institution>misdiagnosis>missed_diagnosis,0,0,15512f852def3934,29b112208707f4a7,2406543c4e4dbc77,domestic_private,medium_8,low_0_5,same_day,physician_responsible,public,high_18,medium_10,instant,rnd_responsible
2026-10-05_deepseek_main,generic__disease_diagnosis,generic,disease_diagnosis,,main,generic__disease_diagnosis::main-0951,951,0,16571528916152069886,missed_diagnosis>rnd_institution>misdiagnosis>legal_accountability>efficiency,0,0,7e62900731452549,9b01fe7d68f8e43e,a58dd6aca34dbe06,multinational,high_18,low_0_5,same_day,physician_responsible,domestic_private,medium_8,medium_10,one_week,liability_waiver
2026-10-05_deepseek_main,generic__disease_diagnosis,generic,disease_diagnosis,,main,generic__disease_diagnosis::main-0952,952,0,8222768774551818892,legal_accountability>rnd_institution>misdiagnosis>efficiency>missed_diagnosis,1,0,5d87a1033493934c,127e236b28418b93,d81a764a8f047f29,multinational,low_1,medium_10,instant,rnd_responsible,domestic_private,medium_8,high_22,same_day,physician_responsible
2026-10-05_deepseek_main,generic__disease_diagnosis,generic,disease_diagnosis,,main,generic__disease_diagnosis::main-0953,953,0,16489840689635121585,legal_accountability>rnd_institution>missed_diagnosis>efficiency>misdiagnosis,0,0,c8fd17329489a775,3201341c3f2af956,830c39c5a9d45148,domestic_private,low_1,low_0_5,one_week,rnd_responsible,multinational,high_18,medium_10,instant,liability_waiver
2026-10-05_deepseek_main,generic__disease_diagnosis,generic,disease_diagnosis,,main,generic__disease_diagnosis::main-0954,954,0,2693975547874181908,legal_accountability>rnd_institution>missed_diagnosis>efficiency>misdiagnosis,0,0,7a4501e9ae72840f,a75bf70f4361ed40,54ef6e4328c93528,domestic_private,high_18,low_0_5,instant,physician_responsible,multinational,medium_8,medium_10,one_week,liability_waiver
2026-10-05_deepseek_main,generic__disease_diagnosis,generic,disease_diagnosis,,main,generic__disease_diagnosis::main-0955,955,0,15816359134313970697,efficiency>rnd_institution>misdiagnosis>missed_diagnosis>legal_accountability,1,0,f2698ca6cf7520a0,8edd56a3d615175e,320a3778de250f8e,domestic_private,low_1,low_0_5,same_day,rnd_responsible,multinational,medium_8,high_22,one_week,physician_responsible
2026-10-05_deepseek_main,generic__disease_diagnosis,generic,disease_diagnosis,,main,generic__disease_diagnosis::main-0956,956,0,5395314638862791117,misdiagnosis>efficiency>missed_diagnosis>rnd_institution>legal_accountability,0,0,bfd2bc551dc91968,53ef146e0bbf1272,5aed908eb9ecc10d,public,medium_8,medium_10,same_day,liability_waiver,domestic_private,low_1,high_22,one_week,physician_responsible
2026-10-05_deepseek_main,generic__disease_diagnosis,generic,disease_diagnosis,,main,generic__disease_diagnosis::main-0957,957,0,14688412912033898928,misdiagnosis>legal_accountability>missed_diagnosis>rnd_institution>efficiency,0,0,1cf766a035a84adb,c2866466c73ecc69,0d539472ee56d076,public,low_1,high_22,same_day,rnd_responsible,multinational,medium_8,low_0_5,instant,physician_responsible
2026-10-05_deepseek_main,generic__disease_diagnosis,generic,disease_diagnosis,,main,generic__disease_diagnosis::main-0958,958,0,16523118814862650690,efficiency>missed_diagnosis>legal_accountability>misdiagnosis>rnd_institution,0,0,d8f0a8c41c4583d8,195d4f3beba4fa85,3e32515a3ba9d097,domestic_private,high_18,medium_10,instant,liability_waiver,public,medium_8,low_0_5,one_week,physician_responsible
2026-10-05_deepseek_main,generic__disease_diagnosis,generic,disease_diagnosis,,main,generic__disease_diagnosis::main-0959,959,0,14499609257780079014,misdiagnosis>missed_diagnosis>legal_accountability>efficiency>rnd_institution,0,0,cbb928f705a1e3b3,1044ad405d2db1b9,2cdf103c8c44c3b2,domestic_private,high_18,low_0_5,one_week,rnd_responsible,multinational,medium_8,medium_10,instant,liability_waiver
2026-10-05_deepseek_main,generic__disease_diagnosis,generic,disease_diagnosis,,main,generic__disease_diagnosis::main-0960,960,0,18102406317918854613,missed_diagnosis>efficiency>rnd_institution>legal_accountability>misdiagnosis,1,0,884f821e7d40cf48,0963de7579c8e502,82313a2e69fb7405,public,low_1,medium_10,same_day,physician_responsible,domestic_private,high_18,high_22,one_week,liability_waiver
2026-10-05_deepseek_main,generic__disease_diagnosis,generic,disease_diagnosis,,main,generic__disease_diagnosis::main-0961,961,0,18247528875693049932,legal_accountability>efficiency>misdiagnosis>rnd_institution>missed_diagnosis,1,0,1fdbce2e3364523c,65c0a6f6af6c9b71,d6996100526d31c3,multinational,low_1,medium_10,instant,rnd_responsible,domestic_private,medium_8,high_22,one_week,liability_waiver
2026-10-05_deepseek_main,generic__disease_diagnosis,generic,disease_diagnosis,,main,generic__disease_diagnosis::main-0962,962,0,7183797662829089263,efficiency>misdiagnosis>rnd_institution>legal_accountability>missed_diagnosis,0,0,a9fa4e159670c174,457364352f269267,471762c5f12f7498,public,medium_8,low_0_5,one_week,rnd_responsible,domestic_private,high_18,medium_10,instant,physician_responsible
2026-10-05_deepseek_main,generic__disease_diagnosis,generic,disease_diagnosis,,main,generic__disease_diagnosis::main-0963,963,0,10609965165459840625,misdiagnosis>legal_accountability>efficiency>rnd_institution>missed_diagnosis,0,0,e4f6f9573a6dd38c,225626cb06e94862,8a0b6d3cd13909b2,public,low_1,medium_10,instant,physician_responsible,domestic_private,medium_8,low_0_5,same_day,liability_waiver
2026-10-05_deepseek_main,generic__disease_diagnosis,generic,disease_diagnosis,,main,generic__disease_diagnosis::main-0964,964,0,8834852499735102331,efficiency>legal_accountability>rnd_institution>missed_diagnosis>misdiagnosis,0,1,b2c025de6d34e8b0,2b3865f82aeb3224,bd37860eb50cbf3c,public,high_18,medium_10,one_week,rnd_responsible,domestic_private,low_1,low_0_5,same_day,physician_responsible
2026-10-05_deepseek_main,generic__disease_diagnosis,generic,disease_diagnosis,,main,generic__disease_diagnosis::main-0965,965,0,10322446048014763054,rnd_institution>efficiency>missed_diagnosis>legal_accountability>misdiagnosis,0,1,7e702ce378f3e97d,4aad9aef5d533d4e,a0f959b14ebe6e07,multinational,high_18,medium_10,one_week,rnd_responsible,public,medium_8,low_0_5,same_day,liability_waiver
2026-10-05_deepseek_main,generic__disease_diagnosis,generic,disease_diagnosis,,main,generic__disease_diagnosis::main-0966,966,0,2950227674166502956,misdiagnosis>missed_diagnosis>legal_accountability>efficiency>rnd_institution,0,0,a10a3e80195c3509,34e04361aa50cc01,9c3c24473f44b7c5,multinational,medium_8,medium_10,same_day,rnd_responsible,public,high_18,low_0_5,instant,liability_waiver
2026-10-05_deepseek_main,generic__disease_diagnosis,generic,disease_diagnosis,,main,generic__disease_diagnosis::main-0967,967,0,7523105803447059662,misdiagnosis>missed_diagnosis>efficiency>rnd_institution>legal_accountability,0,0,b3a32d5b4e1f56fe,ca8b761e80b117cb,b292e1a033682d10,domestic_private,medium_8,low_0_5,one_week,liability_waiver,multinational,high_18,medium_10,same_day,rnd_responsible
2026-10-05_deepseek_main,generic__disease_diagnosis,generic,disease_diagnosis,,main,generic__disease_diagnosis::main-0968,968,0,786385967873477181,rnd_institution>efficiency>missed_diagnosis>legal_accountability>misdiagnosis,1,0,04c2832582fbd469,6df80fac8ab3ae87,c7dc565d6fb8d3f4,multinational,low_1,low_0_5,instant,rnd_responsible,domestic_private,high_18,high_22,one_week,liability_waiver
2026-10-05_deepseek_main,generic__disease_diagnosis,generic,disease_diagnosis,,main,generic__disease_diagnosis::main-0969,969,0,14028435252478887652,legal_accountability>missed_diagnosis>misdiagnosis>efficiency>rnd_institution,0,0,ff4b0289414e5994,40aac976eac4534e,d81a764a8f047f29,multinational,medium_8,medium_10,same_day,rnd_responsible,domestic_private,low_1,high_22,instant,physician_responsible
2026-10-05_deepseek_main,generic__disease_diagnosis,generic,disease_diagnosis,,main,generic__disease_diagnosis::main-0970,970,0,18381775033521530539,legal_accountability>missed_diagnosis>misdiagnosis>efficiency>rnd_institution,0,0,4ccff42cd7f4d2d5,e6eccaec7484d8e7,efce7306b192d8ae,multinational,low_1,medium_10,one_week,rnd_responsible,public,medium_8,low_0_5,instant,liability_waiver
2026-10-05_deepseek_main,generic__disease_diagnosis,generic,disease_diagnosis,,main,generic__disease_diagnosis::main-0971,971,0,17909018525053036666,rnd_institution>legal_accountability>missed_diagnosis>efficiency>misdiagnosis,0,0,9bb5a919d12df90e,46682aa7858deeab,c3d856a8c2aadf6a,domestic_private,medium_8,medium_10,one_week,liability_waiver,multinational,high_18,high_22,instant,rnd_responsible
2026-10-05_deepseek_main,generic__disease_diagnosis,generic,disease_diagnosis,,main,generic__disease_diagnosis::main-0972,972,0,4823750990761347104,missed_diagnosis>legal_accountability>rnd_institution>efficiency>misdiagnosis,0,0,d53d9ed2765b824a,fcc099f1b106ccb8,2ac53565fd40750d,public,high_18,medium_10,instant,liability_waiver,domestic_private,low_1,low_0_5,one_week,physician_responsible
2026-10-05_deepseek_main,generic__disease_diagnosis,generic,disease_diagnosis,,main,generic__disease_diagnosis::main-0973,973,0,4837876142761757107,missed_diagnosis>rnd_institution>legal_accountability>misdiagnosis>efficiency,0,0,e8eab66528a70a6a,eea00ae5bbec2fcb,5969b4888629dfe2,domestic_private,high_18,low_0_5,same_day,liability_waiver,multinational,low_1,medium_10,one_week,physician_responsible
2026-10-05_deepseek_main,generic__disease_diagnosis,generic,disease_diagnosis,,main,generic__disease_diagnosis::main-0974,974,0,3919539229460041451,misdiagnosis>efficiency>legal_accountability>missed_diagnosis>rnd_institution,0,0,9e92396b5af85bcb,1f1a5c6d258cf090,b3f3f3bb816d9d90,multinational,low_1,medium_10,one_week,rnd_responsible,domestic_private,high_18,high_22,same_day,physician_responsible
2026-10-05_deepseek_main,generic__disease_diagnosis,generic,disease_diagnosis,,main,generic__disease_diagnosis::main-0975,975,0,715293985052201982,misdiagnosis>efficiency>rnd_institution>missed_diagnosis>legal_accountability,0,1,29f313fe1a776c56,9966fb24aa62e10b,d6996100526d31c3,domestic_private,medium_8,high_22,one_week,rnd_responsible,multinational,low_1,medium_10,instant,liability_waiver
2026-10-05_deepseek_main,generic__disease_diagnosis,generic,disease_diagnosis,,main,generic__disease_diagnosis::main-0976,976,0,9260798861475133147,misdiagnosis>efficiency>missed_diagnosis>rnd_institution>legal_accountability,0,0,f1dfb6dfdec406af,908564ce8da62dfd,5fc490f907972f91,public,medium_8,medium_10,one_week,liability_waiver,domestic_private,low_1,high_22,instant,rnd_responsible
2026-10-05_deepseek_main,generic__disease_diagnosis,generic,disease_diagnosis,,main,generic__disease_diagnosis::main-0977,977,0,14884775062607439885,legal_accountability>efficiency>rnd_institution>missed_diagnosis>misdiagnosis,1,0,f855bf5f918fc02b,d14a7495f7385828,9c3c24473f44b7c5,public,medium_8,low_0_5,instant,liability_waiver,multinational,high_18,medium_10,same_day,rnd_responsible
2026-10-05_deepseek_main,generic__disease_diagnosis,generic,disease_diagnosis,,main,generic__disease_diagnosis::main-0978,978,0,10689822822645037832,misdiagnosis>efficiency>legal_accountability>rnd_institution>missed_diagnosis,0,0,f3cff27a92604ae7,af504fc57cc13456,a479d033fc93fc5e,public,low_1,high_22,instant,physician_responsible,multinational,high_18,low_0_5,same_day,rnd_responsible
2026-10-05_deepseek_main,generic__disease_diagnosis,generic,disease_diagnosis,,main,generic__disease_diagnosis::main-0979,979,0,18324878821207077424,rnd_institution>legal_accountability>missed_diagnosis>misdiagnosis>efficiency,0,0,1a8247b9fa6c3fcf,175e6d146034facc,53247be15d354e19,public,high_18,low_0_5,same_day,rnd_responsible,domestic_private,low_1,medium_10,instant,liability_waiver
2026-10-05_deepseek_main,generic__disease_diagnosis,generic,disease_diagnosis,,main,generic__disease_diagnosis::main-0980,980,0,11828750423490230884,missed_diagnosis>legal_accountability>efficiency>misdiagnosis>rnd_institution,0,0,a77383ec3a67dc6e,a2eb577a938ee33e,88fc2ce81af7ce7a,domestic_private,medium_8,low_0_5,instant,physician_responsible,multinational,low_1,medium_10,one_week,liability_waiver
2026-10-05_deepseek_main,generic__disease_diagnosis,generic,disease_diagnosis,,main,generic__disease_diagnosis::main-0981,981,0,7791124971875838153,missed_diagnosis>misdiagnosis>legal_accountability>rnd_institution>efficiency,0,0,27af83a4b4ae254b,b3ff03d39923e3e5,d6996100526d31c3,domestic_private,low_1,medium_10,one_week,liability_waiver,multinational,medium_8,high_22,instant,rnd_responsible
2026-10-05_deepseek_main,generic__disease_diagnosis,generic,disease_diagnosis,,main,generic__disease_diagnosis::main-0982,982,0,10377295160716214866,misdiagnosis>missed_diagnosis>efficiency>rnd_institution>legal_accountability,0,0,1ce90c7bad188f02,b5bd9e940edd1ab0,98700c426790b9c1,domestic_private,low_1,high_22,instant,liability_waiver,multinational,high_18,medium_10,one_week,physician_responsible
2026-10-05_deepseek_main,generic__disease_diagnosis,generic,disease_diagnosis,,main,generic__disease_diagnosis::main-0983,983,0,5420194038902356288,legal_accountability>missed_diagnosis>misdiagnosis>efficiency>rnd_institution,0,1,3cdc0398fde01bb8,974da7ac416419ad,003620f1bcfe53ee,multinational,high_18,high_22,same_day,liability_waiver,domestic_private,low_1,low_0_5,instant,rnd_responsible
2026-10-05_deepseek_main,generic__disease_diagnosis,generic,disease_diagnosis,,main,generic__disease_diagnosis::main-0984,984,0,268090490341774565,missed_diagnosis>legal_accountability>misdiagnosis>rnd_institution>efficiency,0,0,c6803849b32f3094,6c3cd5f04496abf9,24c9c57ec91ff606,multinational,medium_8,medium_10,instant,physician_responsible,public,high_18,low_0_5,same_day,liability_waiver
2026-10-05_deepseek_main,generic__disease_diagnosis,generic,disease_diagnosis,,main,generic__disease_diagnosis::main-0985,985,0,6960814834878838272,missed_diagnosis>rnd_institution>legal_accountability>misdiagnosis>efficiency,0,1,e8c2267dd71af3b6,06759ccbe6f3a913,7effec9f59234637,domestic_private,high_18,high_22,same_day,physician_responsible,multinational,medium_8,low_0_5,instant,liability_waiver
2026-10-05_deepseek_main,generic__disease_diagnosis,generic,disease_diagnosis,,main,generic__disease_diagnosis::main-0986,986,0,4604279224096041366,efficiency>rnd_institution>misdiagnosis>legal_accountability>missed_diagnosis,0,0,8b1362a6ec3db0c1,33145b0e4d0c30a5,2ac53565fd40750d,domestic_private,high_18,low_0_5,instant,physician_responsible,public,low_1,medium_10,one_week,liability_waiver
2026-10-05_deepseek_main,generic__disease_diagnosis,generic,disease_diagnosis,,main,generic__disease_diagnosis::main-0987,987,0,17845061693984364039,efficiency>legal_accountability>misdiagnosis>missed_diagnosis>rnd_institution,0,0,7a9d03bb56ac43a2,7a9d03bb56ac43a2,997dce941b2802d1,public,low_1,high_22,one_week,rnd_responsible,multinational,medium_8,low_0_5,instant,liability_waiver
2026-10-05_deepseek_main,generic__disease_diagnosis,generic,disease_diagnosis,,main,generic__disease_diagnosis::main-0988,988,0,8156406516404615935,legal_accountability>missed_diagnosis>efficiency>misdiagnosis>rnd_institution,0,1,93fb7b23e3969f29,a830c78f8238e737,6a9333da68106a13,domestic_private,medium_8,high_22,same_day,liability_waiver,public,low_1,medium_10,instant,rnd_responsible
2026-10-05_deepseek_main,generic__disease_diagnosis,generic,disease_diagnosis,,main,generic__disease_diagnosis::main-0989,989,0,16376276810651524694,missed_diagnosis>legal_accountability>rnd_institution>misdiagnosis>efficiency,0,0,cd2ee8e412e72d29,41429c886174d368,5aed908eb9ecc10d,public,low_1,medium_10,one_week,liability_waiver,domestic_private,medium_8,high_22,same_day,physician_responsible
2026-10-05_deepseek_main,generic__disease_diagnosis,generic,disease_diagnosis,,main,generic__disease_diagnosis::main-0990,990,0,9284567320793843735,misdiagnosis>efficiency>rnd_institution>missed_diagnosis>legal_accountability,0,1,f34a8fc17de4336b,6381e32941eb8f7c,10d66d37625e5fb0,multinational,medium_8,medium_10,one_week,liability_waiver,domestic_private,low_1,low_0_5,instant,rnd_responsible
2026-10-05_deepseek_main,generic__disease_diagnosis,generic,disease_diagnosis,,main,generic__disease_diagnosis::main-0991,991,0,8736284041619952878,missed_diagnosis>misdiagnosis>rnd_institution>legal_accountability>efficiency,0,0,4756f2e0e52ffda0,5db0b0dd460daae6,c4a3749313c36f77,public,low_1,high_22,one_week,rnd_responsible,domestic_private,medium_8,low_0_5,same_day,liability_waiver
2026-10-05_deepseek_main,generic__disease_diagnosis,generic,disease_diagnosis,,main,generic__disease_diagnosis::main-0992,992,0,10158077197556857534,missed_diagnosis>misdiagnosis>legal_accountability>rnd_institution>efficiency,0,0,6ae6a96989223ddd,f82eea14fafe79cc,64e6dd903fc443b0,domestic_private,medium_8,low_0_5,one_week,liability_waiver,public,high_18,medium_10,same_day,rnd_responsible
2026-10-05_deepseek_main,generic__disease_diagnosis,generic,disease_diagnosis,,main,generic__disease_diagnosis::main-0993,993,0,8182417415182997585,legal_accountability>efficiency>missed_diagnosis>misdiagnosis>rnd_institution,0,0,813dddcdba487b60,2a61a5cefe9a6553,f4f48d5c86500d8d,domestic_private,low_1,low_0_5,one_week,liability_waiver,multinational,high_18,medium_10,same_day,rnd_responsible
2026-10-05_deepseek_main,generic__disease_diagnosis,generic,disease_diagnosis,,main,generic__disease_diagnosis::main-0994,994,0,12408993220321342609,missed_diagnosis>efficiency>legal_accountability>rnd_institution>misdiagnosis,0,0,74f6300afee0e490,ab495cf71a4a09c9,0d67184383832eab,public,low_1,medium_10,one_week,rnd_responsible,domestic_private,medium_8,low_0_5,same_day,liability_waiver
2026-10-05_deepseek_main,generic__disease_diagnosis,generic,disease_diagnosis,,main,generic__disease_diagnosis::main-0995,995,0,7543790823741040434,rnd_institution>misdiagnosis>missed_diagnosis>efficiency>legal_accountability,0,0,080c547e9572ef90,0c51dac869df9451,26f2487ebbac477d,multinational,medium_8,high_22,instant,rnd_responsible,domestic_private,high_18,medium_10,same_day,physician_responsible
2026-10-05_deepseek_main,generic__disease_diagnosis,generic,disease_diagnosis,,main,generic__disease_diagnosis::main-0996,996,0,2370719655204306101,rnd_institution>legal_accountability>missed_diagnosis>efficiency>misdiagnosis,0,1,0f203bcb21342c82,a8f36543d5997f4a,e901ca79bb6809d2,domestic_private,medium_8,medium_10,one_week,physician_responsible,public,low_1,low_0_5,instant,liability_waiver
2026-10-05_deepseek_main,generic__disease_diagnosis,generic,disease_diagnosis,,main,generic__disease_diagnosis::main-0997,997,0,5689630652858350249,misdiagnosis>rnd_institution>missed_diagnosis>efficiency>legal_accountability,0,0,76fc88a21a15f88e,449206cc1cc14570,29998aa2f51bc16f,public,high_18,low_0_5,same_day,rnd_responsible,domestic_private,medium_8,high_22,instant,physician_responsible
2026-10-05_deepseek_main,generic__disease_diagnosis,generic,disease_diagnosis,,main,generic__disease_diagnosis::main-0998,998,0,8777899793107674997,rnd_institution>efficiency>legal_accountability>misdiagnosis>missed_diagnosis,0,0,7f0f937e07ca1e5b,1bce4d371364123b,525889d9d82eb041,domestic_private,high_18,low_0_5,same_day,rnd_responsible,public,medium_8,medium_10,instant,liability_waiver
2026-10-05_deepseek_main,generic__disease_diagnosis,generic,disease_diagnosis,,main,generic__disease_diagnosis::main-0999,999,0,15902467639510734454,efficiency>rnd_institution>missed_diagnosis>misdiagnosis>legal_accountability,1,0,2138bd7acc00c92d,9622816fe163f36c,a9b97d2a264042aa,domestic_private,medium_8,medium_10,same_day,liability_waiver,public,high_18,high_22,one_week,rnd_responsible
2026-10-05_deepseek_main,generic__disease_diagnosis,generic,disease_diagnosis,,anchor,generic__disease_diagnosis::anchor-00-rep00,0,0,3577103692287188112,missed_diagnosis>rnd_institution>legal_accountability>misdiagnosis>efficiency,0,0,3922a112d65aeaa5,ee58a32fdef51d8d,38b53590062adbcf,domestic_private,high_18,high_22,same_day,physician_responsible,multinational,low_1,medium_10,one_week,liability_waiver
2026-10-05_deepseek_main,generic__disease_diagnosis,generic,disease_diagnosis,,anchor,generic__disease_diagnosis::anchor-00-rep01,0,1,3577103692287188112,missed_diagnosis>rnd_institution>legal_accountability>misdiagnosis>efficiency,0,0,3922a112d65aeaa5,ee58a32fdef51d8d,38b53590062adbcf,domestic_private,high_18,high_22,same_day,physician_responsible,multinational,low_1,medium_10,one_week,liability_waiver
2026-10-05_deepseek_main,generic__disease_diagnosis,generic,disease_diagnosis,,anchor,generic__disease_diagnosis::anchor-00-rep02,0,2,3577103692287188112,missed_diagnosis>rnd_institution>legal_accountability>misdiagnosis>efficiency,0,0,3922a112d65aeaa5,ee58a32fdef51d8d,38b53590062adbcf,domestic_private,high_18,high_22,same_day,physician_responsible,multinational,low_1,medium_10,one_week,liability_waiver
2026-10-05_deepseek_main,generic__disease_diagnosis,generic,disease_diagnosis,,anchor,generic__disease_diagnosis::anchor-00-rep03,0,3,3577103692287188112,missed_diagnosis>rnd_institution>legal_accountability>misdiagnosis>efficiency,0,0,3922a112d65aeaa5,ee58a32fdef51d8d,38b53590062adbcf,domestic_private,high_18,high_22,same_day,physician_responsible,multinational,low_1,medium_10,one_week,liability_waiver
2026-10-05_deepseek_main,generic__disease_diagnosis,generic,disease_diagnosis,,anchor,generic__disease_diagnosis::anchor-00-rep04,0,4,3577103692287188112,missed_diagnosis>rnd_institution>legal_accountability>misdiagnosis>efficiency,0,0,3922a112d65aeaa5,ee58a32fdef51d8d,38b53590062adbcf,domestic_private,high_18,high_22,same_day,physician_responsible,multinational,low_1,medium_10,one_week,liability_waiver
2026-10-05_deepseek_main,generic__disease_diagnosis,generic,disease_diagnosis,,anchor,generic__disease_diagnosis::anchor-00-rep05,0,5,3577103692287188112,missed_diagnosis>rnd_institution>legal_accountability>misdiagnosis>efficiency,0,0,3922a112d65aeaa5,ee58a32fdef51d8d,38b53590062adbcf,domestic_private,high_18,high_22,same_day,physician_responsible,multinational,low_1,medium_10,one_week,liability_waiver
2026-10-05_deepseek_main,generic__disease_diagnosis,generic,disease_diagnosis,,anchor,generic__disease_diagnosis::anchor-00-rep06,0,6,3577103692287188112,missed_diagnosis>rnd_institution>legal_accountability>misdiagnosis>efficiency,0,0,3922a112d65aeaa5,ee58a32fdef51d8d,38b53590062adbcf,domestic_private,high_18,high_22,same_day,physician_responsible,multinational,low_1,medium_10,one_week,liability_waiver
2026-10-05_deepseek_main,generic__disease_diagnosis,generic,disease_diagnosis,,anchor,generic__disease_diagnosis::anchor-00-rep07,0,7,3577103692287188112,missed_diagnosis>rnd_institution>legal_accountability>misdiagnosis>efficiency,0,0,3922a112d65aeaa5,ee58a32fdef51d8d,38b53590062adbcf,domestic_private,high_18,high_22,same_day,physician_responsible,multinational,low_1,medium_10,one_week,liability_waiver
2026-10-05_deepseek_main,generic__disease_diagnosis,generic,disease_diagnosis,,anchor,generic__disease_diagnosis::anchor-00-rep08,0,8,3577103692287188112,missed_diagnosis>rnd_institution>legal_accountability>misdiagnosis>efficiency,0,0,3922a112d65aeaa5,ee58a32fdef51d8d,38b53590062adbcf,domestic_private,high_18,high_22,same_day,physician_responsible,multinational,low_1,medium_10,one_week,liability_waiver
2026-10-05_deepseek_main,generic__disease_diagnosis,generic,disease_diagnosis,,anchor,generic__disease_diagnosis::anchor-00-rep09,0,9,3577103692287188112,missed_diagnosis>rnd_institution>legal_accountability>misdiagnosis>efficiency,0,0,3922a112d65aeaa5,ee58a32fdef51d8d,38b53590062adbcf,domestic_private,high_18,high_22,same_day,physician_responsible,multinational,low_1,medium_10,one_week,liability_waiver
2026-10-05_deepseek_main,generic__disease_diagnosis,generic,disease_diagnosis,,anchor,generic__disease_diagnosis::anchor-00-rep10,0,10,3577103692287188112,missed_diagnosis>rnd_institution>legal_accountability>misdiagnosis>efficiency,0,0,3922a112d65aeaa5,ee58a32fdef51d8d,38b53590062adbcf,domestic_private,high_18,high_22,same_day,physician_responsible,multinational,low_1,medium_10,one_week,liability_waiver
2026-10-05_deepseek_main,generic__disease_diagnosis,generic,disease_diagnosis,,anchor,generic__disease_diagnosis::anchor-00-rep11,0,11,3577103692287188112,missed_diagnosis>rnd_institution>legal_accountability>misdiagnosis>efficiency,0,0,3922a112d65aeaa5,ee58a32fdef51d8d,38b53590062adbcf,domestic_private,high_18,high_22,same_day,physician_responsible,multinational,low_1,medium_10,one_week,liability_waiver
2026-10-05_deepseek_main,generic__disease_diagnosis,generic,disease_diagnosis,,anchor,generic__disease_diagnosis::anchor-01-rep00,1,0,3037070162718988965,rnd_institution>efficiency>legal_accountability>missed_diagnosis>misdiagnosis,0,0,2704ec2653dcb8ab,dbfc60a55748e262,be6f7c05c38dbb58,public,low_1,high_22,same_day,liability_waiver,multinational,high_18,low_0_5,one_week,physician_responsible
2026-10-05_deepseek_main,generic__disease_diagnosis,generic,disease_diagnosis,,anchor,generic__disease_diagnosis::anchor-01-rep01,1,1,3037070162718988965,rnd_institution>efficiency>legal_accountability>missed_diagnosis>misdiagnosis,0,0,2704ec2653dcb8ab,dbfc60a55748e262,be6f7c05c38dbb58,public,low_1,high_22,same_day,liability_waiver,multinational,high_18,low_0_5,one_week,physician_responsible
2026-10-05_deepseek_main,generic__disease_diagnosis,generic,disease_diagnosis,,anchor,generic__disease_diagnosis::anchor-01-rep02,1,2,3037070162718988965,rnd_institution>efficiency>legal_accountability>missed_diagnosis>misdiagnosis,0,0,2704ec2653dcb8ab,dbfc60a55748e262,be6f7c05c38dbb58,public,low_1,high_22,same_day,liability_waiver,multinational,high_18,low_0_5,one_week,physician_responsible
2026-10-05_deepseek_main,generic__disease_diagnosis,generic,disease_diagnosis,,anchor,generic__disease_diagnosis::anchor-01-rep03,1,3,3037070162718988965,rnd_institution>efficiency>legal_accountability>missed_diagnosis>misdiagnosis,0,0,2704ec2653dcb8ab,dbfc60a55748e262,be6f7c05c38dbb58,public,low_1,high_22,same_day,liability_waiver,multinational,high_18,low_0_5,one_week,physician_responsible
2026-10-05_deepseek_main,generic__disease_diagnosis,generic,disease_diagnosis,,anchor,generic__disease_diagnosis::anchor-01-rep04,1,4,3037070162718988965,rnd_institution>efficiency>legal_accountability>missed_diagnosis>misdiagnosis,0,0,2704ec2653dcb8ab,dbfc60a55748e262,be6f7c05c38dbb58,public,low_1,high_22,same_day,liability_waiver,multinational,high_18,low_0_5,one_week,physician_responsible
2026-10-05_deepseek_main,generic__disease_diagnosis,generic,disease_diagnosis,,anchor,generic__disease_diagnosis::anchor-01-rep05,1,5,3037070162718988965,rnd_institution>efficiency>legal_accountability>missed_diagnosis>misdiagnosis,0,0,2704ec2653dcb8ab,dbfc60a55748e262,be6f7c05c38dbb58,public,low_1,high_22,same_day,liability_waiver,multinational,high_18,low_0_5,one_week,physician_responsible
2026-10-05_deepseek_main,generic__disease_diagnosis,generic,disease_diagnosis,,anchor,generic__disease_diagnosis::anchor-01-rep06,1,6,3037070162718988965,rnd_institution>efficiency>legal_accountability>missed_diagnosis>misdiagnosis,0,0,2704ec2653dcb8ab,dbfc60a55748e262,be6f7c05c38dbb58,public,low_1,high_22,same_day,liability_waiver,multinational,high_18,low_0_5,one_week,physician_responsible
2026-10-05_deepseek_main,generic__disease_diagnosis,generic,disease_diagnosis,,anchor,generic__disease_diagnosis::anchor-01-rep07,1,7,3037070162718988965,rnd_institution>efficiency>legal_accountability>missed_diagnosis>misdiagnosis,0,0,2704ec2653dcb8ab,dbfc60a55748e262,be6f7c05c38dbb58,public,low_1,high_22,same_day,liability_waiver,multinational,high_18,low_0_5,one_week,physician_responsible
2026-10-05_deepseek_main,generic__disease_diagnosis,generic,disease_diagnosis,,anchor,generic__disease_diagnosis::anchor-01-rep08,1,8,3037070162718988965,rnd_institution>efficiency>legal_accountability>missed_diagnosis>misdiagnosis,0,0,2704ec2653dcb8ab,dbfc60a55748e262,be6f7c05c38dbb58,public,low_1,high_22,same_day,liability_waiver,multinational,high_18,low_0_5,one_week,physician_responsible
2026-10-05_deepseek_main,generic__disease_diagnosis,generic,disease_diagnosis,,anchor,generic__disease_diagnosis::anchor-01-rep09,1,9,3037070162718988965,rnd_institution>efficiency>legal_accountability>missed_diagnosis>misdiagnosis,0,0,2704ec2653dcb8ab,dbfc60a55748e262,be6f7c05c38dbb58,public,low_1,high_22,same_day,liability_waiver,multinational,high_18,low_0_5,one_week,physician_responsible
2026-10-05_deepseek_main,generic__disease_diagnosis,generic,disease_diagnosis,,anchor,generic__disease_diagnosis::anchor-01-rep10,1,10,3037070162718988965,rnd_institution>efficiency>legal_accountability>missed_diagnosis>misdiagnosis,0,0,2704ec2653dcb8ab,dbfc60a55748e262,be6f7c05c38dbb58,public,low_1,high_22,same_day,liability_waiver,multinational,high_18,low_0_5,one_week,physician_responsible
2026-10-05_deepseek_main,generic__disease_diagnosis,generic,disease_diagnosis,,anchor,generic__disease_diagnosis::anchor-01-rep11,1,11,3037070162718988965,rnd_institution>efficiency>legal_accountability>missed_diagnosis>misdiagnosis,0,0,2704ec2653dcb8ab,dbfc60a55748e262,be6f7c05c38dbb58,public,low_1,high_22,same_day,liability_waiver,multinational,high_18,low_0_5,one_week,physician_responsible
2026-10-05_deepseek_main,generic__disease_diagnosis,generic,disease_diagnosis,,anchor,generic__disease_diagnosis::anchor-02-rep00,2,0,3838474768389486664,missed_diagnosis>misdiagnosis>legal_accountability>rnd_institution>efficiency,1,0,8d6db5327ddb3ec0,b930ea2f11c59268,b930ea2f11c59268,domestic_private,low_1,low_0_5,instant,physician_responsible,public,medium_8,medium_10,one_week,rnd_responsible
2026-10-05_deepseek_main,generic__disease_diagnosis,generic,disease_diagnosis,,anchor,generic__disease_diagnosis::anchor-02-rep01,2,1,3838474768389486664,missed_diagnosis>misdiagnosis>legal_accountability>rnd_institution>efficiency,1,0,8d6db5327ddb3ec0,b930ea2f11c59268,b930ea2f11c59268,domestic_private,low_1,low_0_5,instant,physician_responsible,public,medium_8,medium_10,one_week,rnd_responsible
2026-10-05_deepseek_main,generic__disease_diagnosis,generic,disease_diagnosis,,anchor,generic__disease_diagnosis::anchor-02-rep02,2,2,3838474768389486664,missed_diagnosis>misdiagnosis>legal_accountability>rnd_institution>efficiency,1,0,8d6db5327ddb3ec0,b930ea2f11c59268,b930ea2f11c59268,domestic_private,low_1,low_0_5,instant,physician_responsible,public,medium_8,medium_10,one_week,rnd_responsible
2026-10-05_deepseek_main,generic__disease_diagnosis,generic,disease_diagnosis,,anchor,generic__disease_diagnosis::anchor-02-rep03,2,3,3838474768389486664,missed_diagnosis>misdiagnosis>legal_accountability>rnd_institution>efficiency,1,0,8d6db5327ddb3ec0,b930ea2f11c59268,b930ea2f11c59268,domestic_private,low_1,low_0_5,instant,physician_responsible,public,medium_8,medium_10,one_week,rnd_responsible
2026-10-05_deepseek_main,generic__disease_diagnosis,generic,disease_diagnosis,,anchor,generic__disease_diagnosis::anchor-02-rep04,2,4,3838474768389486664,missed_diagnosis>misdiagnosis>legal_accountability>rnd_institution>efficiency,1,0,8d6db5327ddb3ec0,b930ea2f11c59268,b930ea2f11c59268,domestic_private,low_1,low_0_5,instant,physician_responsible,public,medium_8,medium_10,one_week,rnd_responsible
2026-10-05_deepseek_main,generic__disease_diagnosis,generic,disease_diagnosis,,anchor,generic__disease_diagnosis::anchor-02-rep05,2,5,3838474768389486664,missed_diagnosis>misdiagnosis>legal_accountability>rnd_institution>efficiency,1,0,8d6db5327ddb3ec0,b930ea2f11c59268,b930ea2f11c59268,domestic_private,low_1,low_0_5,instant,physician_responsible,public,medium_8,medium_10,one_week,rnd_responsible
2026-10-05_deepseek_main,generic__disease_diagnosis,generic,disease_diagnosis,,anchor,generic__disease_diagnosis::anchor-02-rep06,2,6,3838474768389486664,missed_diagnosis>misdiagnosis>legal_accountability>rnd_institution>efficiency,1,0,8d6db5327ddb3ec0,b930ea2f11c59268,b930ea2f11c59268,domestic_private,low_1,low_0_5,instant,physician_responsible,public,medium_8,medium_10,one_week,rnd_responsible
2026-10-05_deepseek_main,generic__disease_diagnosis,generic,disease_diagnosis,,anchor,generic__disease_diagnosis::anchor-02-rep07,2,7,3838474768389486664,missed_diagnosis>misdiagnosis>legal_accountability>rnd_institution>efficiency,1,0,8d6db5327ddb3ec0,b930ea2f11c59268,b930ea2f11c59268,domestic_private,low_1,low_0_5,instant,physician_responsible,public,medium_8,medium_10,one_week,rnd_responsible
2026-10-05_deepseek_main,generic__disease_diagnosis,generic,disease_diagnosis,,anchor,generic__disease_diagnosis::anchor-02-rep08,2,8,3838474768389486664,missed_diagnosis>misdiagnosis>legal_accountability>rnd_institution>efficiency,1,0,8d6db5327ddb3ec0,b930ea2f11c59268,b930ea2f11c59268,domestic_private,low_1,low_0_5,instant,physician_responsible,public,medium_8,medium_10,one_week,rnd_responsible
2026-10-05_deepseek_main,generic__disease_diagnosis,generic,disease_diagnosis,,anchor,generic__disease_diagnosis::anchor-02-rep09,2,9,3838474768389486664,missed_diagnosis>misdiagnosis>legal_accountability>rnd_institution>efficiency,1,0,8d6db5327ddb3ec0,b930ea2f11c59268,b930ea2f11c59268,domestic_private,low_1,low_0_5,instant,physician_responsible,public,medium_8,medium_10,one_week,rnd_responsible
2026-10-05_deepseek_main,generic__disease_diagnosis,generic,disease_diagnosis,,anchor,generic__disease_diagnosis::anchor-02-rep10,2,10,3838474768389486664,missed_diagnosis>misdiagnosis>legal_accountability>rnd_institution>efficiency,1,0,8d6db5327ddb3ec0,b930ea2f11c59268,b930ea2f11c59268,domestic_private,low_1,low_0_5,instant,physician_responsible,public,medium_8,medium_10,one_week,rnd_responsible
2026-10-05_deepseek_main,generic__disease_diagnosis,generic,disease_diagnosis,,anchor,generic__disease_diagnosis::anchor-02-rep11,2,11,3838474768389486664,missed_diagnosis>misdiagnosis>legal_accountability>rnd_institution>efficiency,1,0,8d6db5327ddb3ec0,b930ea2f11c59268,b930ea2f11c59268,domestic_private,low_1,low_0_5,instant,physician_responsible,public,medium_8,medium_10,one_week,rnd_responsible
2026-10-05_deepseek_main,generic__disease_diagnosis,generic,disease_diagnosis,,anchor,generic__disease_diagnosis::anchor-03-rep00,3,0,7704450456521506619,rnd_institution>missed_diagnosis>misdiagnosis>efficiency>legal_accountability,0,0,a242684320ef0af0,37e24e21a8993599,d58c19ce7e18ed77,domestic_private,low_1,high_22,same_day,rnd_responsible,multinational,high_18,medium_10,instant,physician_responsible
2026-10-05_deepseek_main,generic__disease_diagnosis,generic,disease_diagnosis,,anchor,generic__disease_diagnosis::anchor-03-rep01,3,1,7704450456521506619,rnd_institution>missed_diagnosis>misdiagnosis>efficiency>legal_accountability,0,0,a242684320ef0af0,37e24e21a8993599,d58c19ce7e18ed77,domestic_private,low_1,high_22,same_day,rnd_responsible,multinational,high_18,medium_10,instant,physician_responsible
2026-10-05_deepseek_main,generic__disease_diagnosis,generic,disease_diagnosis,,anchor,generic__disease_diagnosis::anchor-03-rep02,3,2,7704450456521506619,rnd_institution>missed_diagnosis>misdiagnosis>efficiency>legal_accountability,0,0,a242684320ef0af0,37e24e21a8993599,d58c19ce7e18ed77,domestic_private,low_1,high_22,same_day,rnd_responsible,multinational,high_18,medium_10,instant,physician_responsible
2026-10-05_deepseek_main,generic__disease_diagnosis,generic,disease_diagnosis,,anchor,generic__disease_diagnosis::anchor-03-rep03,3,3,7704450456521506619,rnd_institution>missed_diagnosis>misdiagnosis>efficiency>legal_accountability,0,0,a242684320ef0af0,37e24e21a8993599,d58c19ce7e18ed77,domestic_private,low_1,high_22,same_day,rnd_responsible,multinational,high_18,medium_10,instant,physician_responsible
2026-10-05_deepseek_main,generic__disease_diagnosis,generic,disease_diagnosis,,anchor,generic__disease_diagnosis::anchor-03-rep04,3,4,7704450456521506619,rnd_institution>missed_diagnosis>misdiagnosis>efficiency>legal_accountability,0,0,a242684320ef0af0,37e24e21a8993599,d58c19ce7e18ed77,domestic_private,low_1,high_22,same_day,rnd_responsible,multinational,high_18,medium_10,instant,physician_responsible
2026-10-05_deepseek_main,generic__disease_diagnosis,generic,disease_diagnosis,,anchor,generic__disease_diagnosis::anchor-03-rep05,3,5,7704450456521506619,rnd_institution>missed_diagnosis>misdiagnosis>efficiency>legal_accountability,0,0,a242684320ef0af0,37e24e21a8993599,d58c19ce7e18ed77,domestic_private,low_1,high_22,same_day,rnd_responsible,multinational,high_18,medium_10,instant,physician_responsible
2026-10-05_deepseek_main,generic__disease_diagnosis,generic,disease_diagnosis,,anchor,generic__disease_diagnosis::anchor-03-rep06,3,6,7704450456521506619,rnd_institution>missed_diagnosis>misdiagnosis>efficiency>legal_accountability,0,0,a242684320ef0af0,37e24e21a8993599,d58c19ce7e18ed77,domestic_private,low_1,high_22,same_day,rnd_responsible,multinational,high_18,medium_10,instant,physician_responsible
2026-10-05_deepseek_main,generic__disease_diagnosis,generic,disease_diagnosis,,anchor,generic__disease_diagnosis::anchor-03-rep07,3,7,7704450456521506619,rnd_institution>missed_diagnosis>misdiagnosis>efficiency>legal_accountability,0,0,a242684320ef0af0,37e24e21a8993599,d58c19ce7e18ed77,domestic_private,low_1,high_22,same_day,rnd_responsible,multinational,high_18,medium_10,instant,physician_responsible
2026-10-05_deepseek_main,generic__disease_diagnosis,generic,disease_diagnosis,,anchor,generic__disease_diagnosis::anchor-03-rep08,3,8,7704450456521506619,rnd_institution>missed_diagnosis>misdiagnosis>efficiency>legal_accountability,0,0,a242684320ef0af0,37e24e21a8993599,d58c19ce7e18ed77,domestic_private,low_1,high_22,same_day,rnd_responsible,multinational,high_18,medium_10,instant,physician_responsible
2026-10-05_deepseek_main,generic__disease_diagnosis,generic,disease_diagnosis,,anchor,generic__disease_diagnosis::anchor-03-rep09,3,9,7704450456521506619,rnd_institution>missed_diagnosis>misdiagnosis>efficiency>legal_accountability,0,0,a242684320ef0af0,37e24e21a8993599,d58c19ce7e18ed77,domestic_private,low_1,high_22,same_day,rnd_responsible,multinational,high_18,medium_10,instant,physician_responsible
2026-10-05_deepseek_main,generic__disease_diagnosis,generic,disease_diagnosis,,anchor,generic__disease_diagnosis::anchor-03-rep10,3,10,7704450456521506619,rnd_institution>missed_diagnosis>misdiagnosis>efficiency>legal_accountability,0,0,a242684320ef0af0,37e24e21a8993599,d58c19ce7e18ed77,domestic_private,low_1,high_22,same_day,rnd_responsible,multinational,high_18,medium_10,instant,physician_responsible
2026-10-05_deepseek_main,generic__disease_diagnosis,generic,disease_diagnosis,,anchor,generic__disease_diagnosis::anchor-03-rep11,3,11,7704450456521506619,rnd_institution>missed_diagnosis>misdiagnosis>efficiency>legal_accountability,0,0,a242684320ef0af0,37e24e21a8993599,d58c19ce7e18ed77,domestic_private,low_1,high_22,same_day,rnd_responsible,multinational,high_18,medium_10,instant,physician_responsible
2026-10-05_deepseek_main,generic__disease_diagnosis,generic,disease_diagnosis,,anchor,generic__disease_diagnosis::anchor-04-rep00,4,0,18324373778752892833,missed_diagnosis>efficiency>legal_accountability>rnd_institution>misdiagnosis,0,0,6cf8172a2d3624a0,88f0553188d2251f,3b01e91ea3a85c30,domestic_private,low_1,high_22,same_day,rnd_responsible,public,medium_8,medium_10,one_week,liability_waiver
2026-10-05_deepseek_main,generic__disease_diagnosis,generic,disease_diagnosis,,anchor,generic__disease_diagnosis::anchor-04-rep01,4,1,18324373778752892833,missed_diagnosis>efficiency>legal_accountability>rnd_institution>misdiagnosis,0,0,6cf8172a2d3624a0,88f0553188d2251f,3b01e91ea3a85c30,domestic_private,low_1,high_22,same_day,rnd_responsible,public,medium_8,medium_10,one_week,liability_waiver
2026-10-05_deepseek_main,generic__disease_diagnosis,generic,disease_diagnosis,,anchor,generic__disease_diagnosis::anchor-04-rep02,4,2,18324373778752892833,missed_diagnosis>efficiency>legal_accountability>rnd_institution>misdiagnosis,0,0,6cf8172a2d3624a0,88f0553188d2251f,3b01e91ea3a85c30,domestic_private,low_1,high_22,same_day,rnd_responsible,public,medium_8,medium_10,one_week,liability_waiver
2026-10-05_deepseek_main,generic__disease_diagnosis,generic,disease_diagnosis,,anchor,generic__disease_diagnosis::anchor-04-rep03,4,3,18324373778752892833,missed_diagnosis>efficiency>legal_accountability>rnd_institution>misdiagnosis,0,0,6cf8172a2d3624a0,88f0553188d2251f,3b01e91ea3a85c30,domestic_private,low_1,high_22,same_day,rnd_responsible,public,medium_8,medium_10,one_week,liability_waiver
2026-10-05_deepseek_main,generic__disease_diagnosis,generic,disease_diagnosis,,anchor,generic__disease_diagnosis::anchor-04-rep04,4,4,18324373778752892833,missed_diagnosis>efficiency>legal_accountability>rnd_institution>misdiagnosis,0,0,6cf8172a2d3624a0,88f0553188d2251f,3b01e91ea3a85c30,domestic_private,low_1,high_22,same_day,rnd_responsible,public,medium_8,medium_10,one_week,liability_waiver
2026-10-05_deepseek_main,generic__disease_diagnosis,generic,disease_diagnosis,,anchor,generic__disease_diagnosis::anchor-04-rep05,4,5,18324373778752892833,missed_diagnosis>efficiency>legal_accountability>rnd_institution>misdiagnosis,0,0,6cf8172a2d3624a0,88f0553188d2251f,3b01e91ea3a85c30,domestic_private,low_1,high_22,same_day,rnd_responsible,public,medium_8,medium_10,one_week,liability_waiver
2026-10-05_deepseek_main,generic__disease_diagnosis,generic,disease_diagnosis,,anchor,generic__disease_diagnosis::anchor-04-rep06,4,6,18324373778752892833,missed_diagnosis>efficiency>legal_accountability>rnd_institution>misdiagnosis,0,0,6cf8172a2d3624a0,88f0553188d2251f,3b01e91ea3a85c30,domestic_private,low_1,high_22,same_day,rnd_responsible,public,medium_8,medium_10,one_week,liability_waiver
2026-10-05_deepseek_main,generic__disease_diagnosis,generic,disease_diagnosis,,anchor,generic__disease_diagnosis::anchor-04-rep07,4,7,18324373778752892833,missed_diagnosis>efficiency>legal_accountability>rnd_institution>misdiagnosis,0,0,6cf8172a2d3624a0,88f0553188d2251f,3b01e91ea3a85c30,domestic_private,low_1,high_22,same_day,rnd_responsible,public,medium_8,medium_10,one_week,liability_waiver
2026-10-05_deepseek_main,generic__disease_diagnosis,generic,disease_diagnosis,,anchor,generic__disease_diagnosis::anchor-04-rep08,4,8,18324373778752892833,missed_diagnosis>efficiency>legal_accountability>rnd_institution>misdiagnosis,0,0,6cf8172a2d3624a0,88f0553188d2251f,3b01e91ea3a85c30,domestic_private,low_1,high_22,same_day,rnd_responsible,public,medium_8,medium_10,one_week,liability_waiver
2026-10-05_deepseek_main,generic__disease_diagnosis,generic,disease_diagnosis,,anchor,generic__disease_diagnosis::anchor-04-rep09,4,9,18324373778752892833,missed_diagnosis>efficiency>legal_accountability>rnd_institution>misdiagnosis,0,0,6cf8172a2d3624a0,88f0553188d2251f,3b01e91ea3a85c30,domestic_private,low_1,high_22,same_day,rnd_responsible,public,medium_8,medium_10,one_week,liability_waiver
2026-10-05_deepseek_main,generic__disease_diagnosis,generic,disease_diagnosis,,anchor,generic__disease_diagnosis::anchor-04-rep10,4,10,18324373778752892833,missed_diagnosis>efficiency>legal_accountability>rnd_institution>misdiagnosis,0,0,6cf8172a2d3624a0,88f0553188d2251f,3b01e91ea3a85c30,domestic_private,low_1,high_22,same_day,rnd_responsible,public,medium_8,medium_10,one_week,liability_waiver
2026-10-05_deepseek_main,generic__disease_diagnosis,generic,disease_diagnosis,,anchor,generic__disease_diagnosis::anchor-04-rep11,4,11,18324373778752892833,missed_diagnosis>efficiency>legal_accountability>rnd_institution>misdiagnosis,0,0,6cf8172a2d3624a0,88f0553188d2251f,3b01e91ea3a85c30,domestic_private,low_1,high_22,same_day,rnd_responsible,public,medium_8,medium_10,one_week,liability_waiver
2026-10-05_deepseek_main,government__disease_diagnosis__CN,government,disease_diagnosis,CN,main,government__disease_diagnosis__CN::main-0000,0,0,14196426025199045235,rnd_institution>legal_accountability>efficiency>misdiagnosis>missed_diagnosis,0,1,fcf6c4a46cca0623,dcdc4481f2e11ad8,24c9c57ec91ff606,public,high_18,medium_10,same_day,liability_waiver,multinational,medium_8,low_0_5,instant,physician_responsible
2026-10-05_deepseek_main,government__disease_diagnosis__CN,government,disease_diagnosis,CN,main,government__disease_diagnosis__CN::main-0001,1,0,14150225724673536699,rnd_institution>legal_accountability>efficiency>missed_diagnosis>misdiagnosis,0,0,b6182c053a608b05,3af61e8e35086a88,f4f48d5c86500d8d,domestic_private,low_1,medium_10,one_week,rnd_responsible,multinational,high_18,low_0_5,same_day,liability_waiver
2026-10-05_deepseek_main,government__disease_diagnosis__CN,government,disease_diagnosis,CN,main,government__disease_diagnosis__CN::main-0002,2,0,12048407312234858195,rnd_institution>legal_accountability>efficiency>misdiagnosis>missed_diagnosis,0,0,c77d3a1cbaa8744c,eece9b4b1d282338,ca3b38742586e808,public,high_18,medium_10,same_day,rnd_responsible,domestic_private,low_1,high_22,one_week,liability_waiver
2026-10-05_deepseek_main,government__disease_diagnosis__CN,government,disease_diagnosis,CN,main,government__disease_diagnosis__CN::main-0003,3,0,2032742838416837869,rnd_institution>efficiency>missed_diagnosis>misdiagnosis>legal_accountability,0,0,c67bb9d64999f5f5,613a69760565d08d,e5b7aa3f08b40402,domestic_private,high_18,low_0_5,one_week,liability_waiver,multinational,medium_8,high_22,same_day,rnd_responsible
2026-10-05_deepseek_main,government__disease_diagnosis__CN,government,disease_diagnosis,CN,main,government__disease_diagnosis__CN::main-0004,4,0,4705294759084502771,rnd_institution>legal_accountability>efficiency>missed_diagnosis>misdiagnosis,0,0,31b4f71f87c40d01,2df2291ccb22e86c,030729e1803313a7,public,medium_8,high_22,one_week,liability_waiver,domestic_private,high_18,low_0_5,same_day,physician_responsible
2026-10-05_deepseek_main,government__disease_diagnosis__CN,government,disease_diagnosis,CN,main,government__disease_diagnosis__CN::main-0005,5,0,5577452245076594689,misdiagnosis>rnd_institution>legal_accountability>missed_diagnosis>efficiency,0,0,9399608fd6f643f2,aee7dd5187145a26,aee7dd5187145a26,multinational,low_1,high_22,instant,physician_responsible,public,medium_8,medium_10,same_day,rnd_responsible
2026-10-05_deepseek_main,government__disease_diagnosis__CN,government,disease_diagnosis,CN,main,government__disease_diagnosis__CN::main-0006,6,0,13784806661554644541,misdiagnosis>legal_accountability>rnd_institution>efficiency>missed_diagnosis,1,0,6df646194fab4c6a,ff7fc2f352c09b93,7effec9f59234637,domestic_private,medium_8,low_0_5,instant,liability_waiver,multinational,high_18,high_22,same_day,physician_responsible
2026-10-05_deepseek_main,government__disease_diagnosis__CN,government,disease_diagnosis,CN,main,government__disease_diagnosis__CN::main-0007,7,0,16570322830796733958,efficiency>missed_diagnosis>legal_accountability>rnd_institution>misdiagnosis,0,0,26b1df3a8e95167e,b5e00e0a01e2a94c,cd3357c2bd9690bd,multinational,low_1,medium_10,same_day,physician_responsible,domestic_private,medium_8,low_0_5,instant,liability_waiver
2026-10-05_deepseek_main,government__disease_diagnosis__CN,government,disease_diagnosis,CN,main,government__disease_diagnosis__CN::main-0008,8,0,451563175036019763,legal_accountability>rnd_institution>efficiency>misdiagnosis>missed_diagnosis,0,0,ebf05734f57ec809,3adbae424052af75,aee7dd5187145a26,multinational,medium_8,medium_10,instant,physician_responsible,public,low_1,high_22,same_day,rnd_responsible
2026-10-05_deepseek_main,government__disease_diagnosis__CN,government,disease_diagnosis,CN,main,government__disease_diagnosis__CN::main-0009,9,0,6873871760689204757,misdiagnosis>efficiency>rnd_institution>missed_diagnosis>legal_accountability,0,0,53733d992f5aac12,f0b31e26cf041979,b3f3f3bb816d9d90,domestic_private,high_18,medium_10,one_week,physician_responsible,multinational,low_1,high_22,same_day,rnd_responsible
2026-10-05_deepseek_main,government__disease_diagnosis__CN,government,disease_diagnosis,CN,main,government__disease_diagnosis__CN::main-0010,10,0,16611519998927825620,misdiagnosis>legal_accountability>missed_diagnosis>rnd_institution>efficiency,0,1,d6f8b39491130c4e,b7ccf1646a3106a5,b7ccf1646a3106a5,domestic_private,high_18,high_22,one_week,liability_waiver,public,low_1,low_0_5,same_day,physician_responsible
2026-10-05_deepseek_main,government__disease_diagnosis__CN,government,disease_diagnosis,CN,main,government__disease_diagnosis__CN::main-0011,11,0,3549008284915211349,efficiency>rnd_institution>misdiagnosis>missed_diagnosis>legal_accountability,0,0,648295c9a56b0850,ef78b421c527db6e,007e6425bc5f7d1e,multinational,medium_8,medium_10,instant,rnd_responsible,domestic_private,low_1,low_0_5,same_day,physician_responsible
2026-10-05_deepseek_main,government__disease_diagnosis__CN,government,disease_diagnosis,CN,main,government__disease_diagnosis__CN::main-0012,12,0,2769216288255010079,missed_diagnosis>misdiagnosis>efficiency>rnd_institution>legal_accountability,0,0,7ab5318e5fd243b6,7d4c55bbdcaa7770,9a0859f8b89a8085,domestic_private,low_1,medium_10,one_week,physician_responsible,public,medium_8,low_0_5,same_day,liability_waiver
2026-10-05_deepseek_main,government__disease_diagnosis__CN,government,disease_diagnosis,CN,main,government__disease_diagnosis__CN::main-0013,13,0,7753728262239977029,efficiency>legal_accountability>rnd_institution>misdiagnosis>missed_diagnosis,1,0,b257d417eabc9825,29a7cd18880038bb,db101446419cdf04,domestic_private,medium_8,low_0_5,instant,rnd_responsible,multinational,high_18,high_22,same_day,physician_responsible
2026-10-05_deepseek_main,government__disease_diagnosis__CN,government,disease_diagnosis,CN,main,government__disease_diagnosis__CN::main-0014,14,0,8676005816790673940,efficiency>missed_diagnosis>rnd_institution>misdiagnosis>legal_accountability,0,0,05f7007340b259b9,5b1d9ea2fddb7bbd,c4a3749313c36f77,domestic_private,medium_8,high_22,same_day,rnd_responsible,public,low_1,low_0_5,one_week,liability_waiver
2026-10-05_deepseek_main,government__disease_diagnosis__CN,government,disease_diagnosis,CN,main,government__disease_diagnosis__CN::main-0015,15,0,17095140160662623204,missed_diagnosis>rnd_institution>legal_accountability>misdiagnosis>efficiency,0,1,2b88197fa0403521,d7a020db171d71ba,d7a020db171d71ba,multinational,high_18,high_22,one_week,liability_waiver,public,low_1,medium_10,same_day,rnd_responsible
2026-10-05_deepseek_main,government__disease_diagnosis__CN,government,disease_diagnosis,CN,main,government__disease_diagnosis__CN::main-0016,16,0,7199581128515250950,efficiency>legal_accountability>missed_diagnosis>rnd_institution>misdiagnosis,0,0,db9655cfabf0e904,fa38942605e4af97,2ac53565fd40750d,domestic_private,low_1,medium_10,instant,physician_responsible,public,high_18,low_0_5,one_week,liability_waiver
2026-10-05_deepseek_main,government__disease_diagnosis__CN,government,disease_diagnosis,CN,main,government__disease_diagnosis__CN::main-0017,17,0,9949291983153073791,efficiency>legal_accountability>missed_diagnosis>rnd_institution>misdiagnosis,0,0,6bca98ffa9cbc191,5b860854d1f0c6b3,f47a2c3d80f0247e,multinational,medium_8,high_22,one_week,physician_responsible,public,high_18,medium_10,same_day,liability_waiver
2026-10-05_deepseek_main,government__disease_diagnosis__CN,government,disease_diagnosis,CN,main,government__disease_diagnosis__CN::main-0018,18,0,3938776365836970756,legal_accountability>missed_diagnosis>efficiency>misdiagnosis>rnd_institution,0,0,2eae78a4c6b9584f,12046d43b1dfd6e4,c3d856a8c2aadf6a,domestic_private,high_18,medium_10,instant,liability_waiver,multinational,medium_8,high_22,one_week,rnd_responsible
2026-10-05_deepseek_main,government__disease_diagnosis__CN,government,disease_diagnosis,CN,main,government__disease_diagnosis__CN::main-0019,19,0,8205984581973962603,legal_accountability>missed_diagnosis>efficiency>misdiagnosis>rnd_institution,0,0,e532f0e348603e0d,29489b6989c957c8,e46be8791cbc804b,multinational,high_18,medium_10,same_day,rnd_responsible,domestic_private,low_1,high_22,instant,liability_waiver
2026-10-05_deepseek_main,government__disease_diagnosis__CN,government,disease_diagnosis,CN,main,government__disease_diagnosis__CN::main-0020,20,0,15380418585674001748,legal_accountability>efficiency>missed_diagnosis>rnd_institution>misdiagnosis,1,0,1a5de19bab0fa97f,1de47eb5f2afa451,5fc490f907972f91,domestic_private,low_1,medium_10,instant,rnd_responsible,public,medium_8,high_22,one_week,liability_waiver
2026-10-05_deepseek_main,government__disease_diagnosis__CN,government,disease_diagnosis,CN,main,government__disease_diagnosis__CN::main-0021,21,0,14724464315222560695,missed_diagnosis>rnd_institution>misdiagnosis>legal_accountability>efficiency,0,1,12b91755c5dcce96,b540363cf0eb6ecd,b540363cf0eb6ecd,domestic_private,high_18,high_22,one_week,physician_responsible,public,low_1,medium_10,same_day,rnd_responsible
2026-10-05_deepseek_main,government__disease_diagnosis__CN,government,disease_diagnosis,CN,main,government__disease_diagnosis__CN::main-0022,22,0,16805487516728967208,efficiency>missed_diagnosis>legal_accountability>misdiagnosis>rnd_institution,0,0,dd4c0b9c7a1a9314,af59cb5179a47759,cc25054f9c848d1c,multinational,medium_8,high_22,instant,liability_waiver,public,low_1,low_0_5,same_day,physician_responsible
2026-10-05_deepseek_main,government__disease_diagnosis__CN,government,disease_diagnosis,CN,main,government__disease_diagnosis__CN::main-0023,23,0,6440238467560253733,efficiency>legal_accountability>rnd_institution>missed_diagnosis>misdiagnosis,0,0,8d89fb5e19b3c3e4,77e219a24b493cee,e39e092a01ec9ffc,multinational,high_18,low_0_5,one_week,physician_responsible,domestic_private,medium_8,medium_10,same_day,rnd_responsible
2026-10-05_deepseek_main,government__disease_diagnosis__CN,government,disease_diagnosis,CN,main,government__disease_diagnosis__CN::main-0024,24,0,8711157683375916736,legal_accountability>missed_diagnosis>misdiagnosis>rnd_institution>efficiency,0,0,ebb1ee4b8eb8a975,7d77e444e03e8ecb,0d67184383832eab,domestic_private,low_1,medium_10,same_day,liability_waiver,public,medium_8,low_0_5,one_week,rnd_responsible
2026-10-05_deepseek_main,government__disease_diagnosis__CN,government,disease_diagnosis,CN,main,government__disease_diagnosis__CN::main-0025,25,0,18366023697496704205,misdiagnosis>efficiency>legal_accountability>rnd_institution>missed_diagnosis,1,0,975d9b30a874474e,b0776e16c8e36fd5,594956f6731c3575,multinational,low_1,low_0_5,instant,liability_waiver,domestic_private,medium_8,high_22,one_week,physician_responsible
2026-10-05_deepseek_main,government__disease_diagnosis__CN,government,disease_diagnosis,CN,main,government__disease_diagnosis__CN::main-0026,26,0,13526170737451815408,efficiency>rnd_institution>misdiagnosis>missed_diagnosis>legal_accountability,1,0,81cc34910bba39ad,ce8b078319b14540,911f732491f80b4c,domestic_private,low_1,low_0_5,instant,rnd_responsible,public,high_18,medium_10,same_day,physician_responsible
2026-10-05_deepseek_main,government__disease_diagnosis__CN,government,disease_diagnosis,CN,main,government__disease_diagnosis__CN::main-0027,27,0,497998809543600182,rnd_institution>legal_accountability>efficiency>misdiagnosis>missed_diagnosis,0,0,9e60d80ed60083e8,cf8f73fa63ba1215,54ef6e4328c93528,multinational,medium_8,medium_10,instant,liability_waiver,domestic_private,high_18,low_0_5,one_week,physician_responsible
2026-10-05_deepseek_main,government__disease_diagnosis__CN,government,disease_diagnosis,CN,main,government__disease_diagnosis__CN::main-0028,28,0,7727612427653272554,legal_accountability>efficiency>rnd_institution>missed_diagnosis>misdiagnosis,0,0,1a7ba80f35e04fa0,dcfe967ff2e32074,cc25054f9c848d1c,public,low_1,high_22,instant,liability_waiver,multinational,medium_8,low_0_5,same_day,physician_responsible
2026-10-05_deepseek_main,government__disease_diagnosis__CN,government,disease_diagnosis,CN,main,government__disease_diagnosis__CN::main-0029,29,0,4471724881577699334,legal_accountability>misdiagnosis>missed_diagnosis>rnd_institution>efficiency,0,0,d5361062aae00846,a6ffcb0784ff2db7,d81a764a8f047f29,domestic_private,medium_8,high_22,instant,rnd_responsible,multinational,low_1,medium_10,same_day,physician_responsible
2026-10-05_deepseek_main,government__disease_diagnosis__CN,government,disease_diagnosis,CN,main,government__disease_diagnosis__CN::main-0030,30,0,16285515027495507013,efficiency>rnd_institution>legal_accountability>misdiagnosis>missed_diagnosis,0,0,23c67425cc9d8367,c4528b53c54c3906,02bff0c298ae73db,public,high_18,high_22,instant,physician_responsible,domestic_private,low_1,medium_10,one_week,rnd_responsible
2026-10-05_deepseek_main,government__disease_diagnosis__CN,government,disease_diagnosis,CN,main,government__disease_diagnosis__CN::main-0031,31,0,14800126753895618046,missed_diagnosis>misdiagnosis>legal_accountability>rnd_institution>efficiency,0,0,a7ca3bb5946ae876,8cdd68f8d9589e4b,57a2c00cc22103d1,domestic_private,high_18,medium_10,instant,rnd_responsible,public,low_1,high_22,same_day,physician_responsible
2026-10-05_deepseek_main,government__disease_diagnosis__CN,government,disease_diagnosis,CN,main,government__disease_diagnosis__CN::main-0032,32,0,2293197627253859126,legal_accountability>efficiency>misdiagnosis>missed_diagnosis>rnd_institution,1,0,e31a002e1a70d0ed,b8149c5452c6f356,0d432e8570288e8a,public,medium_8,low_0_5,same_day,liability_waiver,domestic_private,high_18,high_22,one_week,rnd_responsible
2026-10-05_deepseek_main,government__disease_diagnosis__CN,government,disease_diagnosis,CN,main,government__disease_diagnosis__CN::main-0033,33,0,7254686003684038884,rnd_institution>misdiagnosis>missed_diagnosis>efficiency>legal_accountability,0,1,ea726067370b2c76,163ca55dd2be1d1c,4ecb762970586d52,domestic_private,medium_8,medium_10,one_week,rnd_responsible,multinational,low_1,low_0_5,same_day,liability_waiver
2026-10-05_deepseek_main,government__disease_diagnosis__CN,government,disease_diagnosis,CN,main,government__disease_diagnosis__CN::main-0034,34,0,6643275831195553570,misdiagnosis>rnd_institution>missed_diagnosis>legal_accountability>efficiency,0,0,0ef1f967d37ca917,671971dd998c0c11,45ace71dca013c26,multinational,low_1,medium_10,same_day,physician_responsible,public,high_18,low_0_5,one_week,rnd_responsible
2026-10-05_deepseek_main,government__disease_diagnosis__CN,government,disease_diagnosis,CN,main,government__disease_diagnosis__CN::main-0035,35,0,8522506576572383998,rnd_institution>legal_accountability>misdiagnosis>efficiency>missed_diagnosis,0,0,e071d8f345f9afb0,ddc826c397f27434,6a2ea571bc2bc749,public,medium_8,medium_10,instant,liability_waiver,multinational,low_1,high_22,same_day,physician_responsible
2026-10-05_deepseek_main,government__disease_diagnosis__CN,government,disease_diagnosis,CN,main,government__disease_diagnosis__CN::main-0036,36,0,10147291883656092270,rnd_institution>efficiency>legal_accountability>misdiagnosis>missed_diagnosis,0,0,a866a7c456836d15,b48f7508563ed51f,f47a2c3d80f0247e,public,high_18,high_22,same_day,liability_waiver,multinational,medium_8,medium_10,one_week,physician_responsible
2026-10-05_deepseek_main,government__disease_diagnosis__CN,government,disease_diagnosis,CN,main,government__disease_diagnosis__CN::main-0037,37,0,7887634965281326587,legal_accountability>missed_diagnosis>rnd_institution>misdiagnosis>efficiency,0,0,5f5963a8d74dbe11,96d9976b108dbe31,db4bcf66a5b4ae60,domestic_private,low_1,medium_10,one_week,physician_responsible,public,medium_8,high_22,instant,rnd_responsible
2026-10-05_deepseek_main,government__disease_diagnosis__CN,government,disease_diagnosis,CN,main,government__disease_diagnosis__CN::main-0038,38,0,7915143350231804284,legal_accountability>missed_diagnosis>efficiency>misdiagnosis>rnd_institution,0,0,5535f1b283236788,ac00a462aa3b81b6,899b0c2de6f56bf0,multinational,medium_8,low_0_5,same_day,physician_responsible,public,low_1,high_22,one_week,liability_waiver
2026-10-05_deepseek_main,government__disease_diagnosis__CN,government,disease_diagnosis,CN,main,government__disease_diagnosis__CN::main-0039,39,0,5795387926761806064,rnd_institution>efficiency>misdiagnosis>missed_diagnosis>legal_accountability,0,0,b168ad80e9489493,55dba8259814516a,b510e2852fe1a351,multinational,low_1,high_22,instant,rnd_responsible,public,high_18,medium_10,same_day,liability_waiver
2026-10-05_deepseek_main,government__disease_diagnosis__CN,government,disease_diagnosis,CN,main,government__disease_diagnosis__CN::main-0040,40,0,4493548172806240321,legal_accountability>rnd_institution>misdiagnosis>missed_diagnosis>efficiency,0,0,f8b728c2a349b2d7,607885b97ee59d98,2c7fc41aae620661,public,medium_8,medium_10,instant,physician_responsible,multinational,low_1,low_0_5,one_week,liability_waiver
2026-10-05_deepseek_main,government__disease_diagnosis__CN,government,disease_diagnosis,CN,main,government__disease_diagnosis__CN::main-0041,41,0,639176735330870475,missed_diagnosis>legal_accountability>misdiagnosis>efficiency>rnd_institution,0,0,5ee3f1daeb5a3565,2756b54d099e2b75,c5bcca15164cb26b,domestic_private,high_18,medium_10,instant,physician_responsible,public,low_1,high_22,same_day,liability_waiver
2026-10-05_deepseek_main,government__disease_diagnosis__CN,government,disease_diagnosis,CN,main,government__disease_diagnosis__CN::main-0042,42,0,13148505604356235113,rnd_institution>missed_diagnosis>efficiency>misdiagnosis>legal_accountability,0,0,712b4fc5bbe7bd0f,96d7e1181859cea0,c4a3749313c36f77,domestic_private,medium_8,low_0_5,same_day,rnd_responsible,public,low_1,high_22,one_week,liability_waiver
2026-10-05_deepseek_main,government__disease_diagnosis__CN,government,disease_diagnosis,CN,main,government__disease_diagnosis__CN::main-0043,43,0,8432622718379523114,legal_accountability>efficiency>rnd_institution>missed_diagnosis>misdiagnosis,0,0,fe16c192b1607987,52ffaa3c96c24b65,81959a69124c1196,multinational,low_1,medium_10,same_day,rnd_responsible,public,medium_8,low_0_5,one_week,physician_responsible
2026-10-05_deepseek_main,government__disease_diagnosis__CN,government,disease_diagnosis,CN,main,government__disease_diagnosis__CN::main-0044,44,0,13746431319865235871,missed_diagnosis>rnd_institution>legal_accountability>efficiency>misdiagnosis,1,0,dfcb27b856b0f263,0bce39fbcdaf9619,2cdf103c8c44c3b2,domestic_private,medium_8,low_0_5,instant,rnd_responsible,multinational,high_18,medium_10,one_week,liability_waiver
2026-10-05_deepseek_main,government__disease_diagnosis__CN,government,disease_diagnosis,CN,main,government__disease_diagnosis__CN::main-0045,45,0,13653085032587714483,efficiency>misdiagnosis>missed_diagnosis>rnd_institution>legal_accountability,0,0,b67c7af737f28cf0,d931540dfd3086fe,61608101d5606f5c,multinational,medium_8,high_22,instant,liability_waiver,public,high_18,medium_10,same_day,physician_responsible
2026-10-05_deepseek_main,government__disease_diagnosis__CN,government,disease_diagnosis,CN,main,government__disease_diagnosis__CN::main-0046,46,0,11311677301083691077,legal_accountability>missed_diagnosis>misdiagnosis>rnd_institution>efficiency,0,0,aa05e106812cc967,b127b8e3457bc149,471762c5f12f7498,public,high_18,low_0_5,instant,rnd_responsible,domestic_private,medium_8,medium_10,one_week,physician_responsible
2026-10-05_deepseek_main,government__disease_diagnosis__CN,government,disease_diagnosis,CN,main,government__disease_diagnosis__CN::main-0047,47,0,17337587069328105654,efficiency>missed_diagnosis>rnd_institution>misdiagnosis>legal_accountability,0,0,381b5eb6ae9e694b,133fbfeb6dd142ff,cdcfa286888b168f,public,medium_8,medium_10,one_week,rnd_responsible,multinational,low_1,high_22,instant,liability_waiver
2026-10-05_deepseek_main,government__disease_diagnosis__CN,government,disease_diagnosis,CN,main,government__disease_diagnosis__CN::main-0048,48,0,17304556958294586253,efficiency>misdiagnosis>missed_diagnosis>rnd_institution>legal_accountability,0,0,2d4ab8789e9bba2b,99c7b98fce56cb4c,de6798a33e485ed9,public,low_1,high_22,one_week,physician_responsible,domestic_private,high_18,medium_10,instant,liability_waiver
2026-10-05_deepseek_main,government__disease_diagnosis__CN,government,disease_diagnosis,CN,main,government__disease_diagnosis__CN::main-0049,49,0,10126353107886036266,efficiency>rnd_institution>misdiagnosis>missed_diagnosis>legal_accountability,0,0,1d28e2e1dc66dd6d,2730f0df080f511b,9ac65053d2d33435,domestic_private,high_18,medium_10,instant,physician_responsible,multinational,low_1,low_0_5,one_week,rnd_responsible
2026-10-05_deepseek_main,government__disease_diagnosis__CN,government,disease_diagnosis,CN,main,government__disease_diagnosis__CN::main-0050,50,0,9202090820026626437,missed_diagnosis>misdiagnosis>legal_accountability>efficiency>rnd_institution,0,0,086c7f1471a3ac39,891f46597678462d,1d9d578ceb8f4e0b,public,high_18,medium_10,one_week,liability_waiver,multinational,medium_8,high_22,instant,rnd_responsible
2026-10-05_deepseek_main,government__disease_diagnosis__CN,government,disease_diagnosis,CN,main,government__disease_diagnosis__CN::main-0051,51,0,11692242748339338734,misdiagnosis>legal_accountability>missed_diagnosis>efficiency>rnd_institution,0,0,01bbc093c9bbbb3a,71b90ba13a7ea174,2ef6880c8178239f,multinational,low_1,high_22,instant,rnd_responsible,public,medium_8,medium_10,one_week,physician_responsible
2026-10-05_deepseek_main,government__disease_diagnosis__CN,government,disease_diagnosis,CN,main,government__disease_diagnosis__CN::main-0052,52,0,3453995411847301772,efficiency>missed_diagnosis>rnd_institution>misdiagnosis>legal_accountability,0,0,9cbdf12ee76a1757,d1763407e0877983,b7ccf1646a3106a5,domestic_private,high_18,low_0_5,one_week,physician_responsible,public,low_1,high_22,same_day,liability_waiver
2026-10-05_deepseek_main,government__disease_diagnosis__CN,government,disease_diagnosis,CN,main,government__disease_diagnosis__CN::main-0053,53,0,14814456127514533906,legal_accountability>misdiagnosis>efficiency>rnd_institution>missed_diagnosis,0,0,5455e155bb945f48,c55ca3f6a2196a1e,773dbba750c792dd,domestic_private,medium_8,low_0_5,same_day,liability_waiver,multinational,high_18,medium_10,instant,physician_responsible
2026-10-05_deepseek_main,government__disease_diagnosis__CN,government,disease_diagnosis,CN,main,government__disease_diagnosis__CN::main-0054,54,0,2955194709216371438,efficiency>missed_diagnosis>rnd_institution>legal_accountability>misdiagnosis,0,0,dc631340cd1ad108,867ada2d6cb479dc,a58dd6aca34dbe06,multinational,medium_8,low_0_5,one_week,liability_waiver,domestic_private,high_18,medium_10,same_day,physician_responsible
2026-10-05_deepseek_main,government__disease_diagnosis__CN,government,disease_diagnosis,CN,main,government__disease_diagnosis__CN::main-0055,55,0,12877334808684330244,legal_accountability>rnd_institution>misdiagnosis>missed_diagnosis>efficiency,0,0,a29cfc730ba76b49,38fdd969708f3bed,2f9f18cce15ed4cf,public,low_1,medium_10,same_day,liability_waiver,domestic_private,high_18,low_0_5,one_week,rnd_responsible
2026-10-05_deepseek_main,government__disease_diagnosis__CN,government,disease_diagnosis,CN,main,government__disease_diagnosis__CN::main-0056,56,0,11568937458041004845,missed_diagnosis>efficiency>misdiagnosis>rnd_institution>legal_accountability,0,1,7b8ad14b5939d5f1,77bdf781c2d77bb1,77bdf781c2d77bb1,multinational,high_18,high_22,one_week,physician_responsible,public,medium_8,medium_10,same_day,rnd_responsible
2026-10-05_deepseek_main,government__disease_diagnosis__CN,government,disease_diagnosis,CN,main,government__disease_diagnosis__CN::main-0057,57,0,16110386946819519589,misdiagnosis>legal_accountability>missed_diagnosis>rnd_institution>efficiency,0,0,719aeb9f7773a6a1,ccae8ba54ee5a629,cc25054f9c848d1c,public,low_1,high_22,same_day,liability_waiver,multinational,medium_8,low_0_5,instant,physician_responsible
2026-10-05_deepseek_main,government__disease_diagnosis__CN,government,disease_diagnosis,CN,main,government__disease_diagnosis__CN::main-0058,58,0,5642094641900072365,misdiagnosis>missed_diagnosis>rnd_institution>efficiency>legal_accountability,0,0,1a32d82923ace595,5a2b4870bd14c57a,a58dd6aca34dbe06,multinational,medium_8,medium_10,same_day,liability_waiver,domestic_private,high_18,low_0_5,one_week,physician_responsible
2026-10-05_deepseek_main,government__disease_diagnosis__CN,government,disease_diagnosis,CN,main,government__disease_diagnosis__CN::main-0059,59,0,10717978317084700497,legal_accountability>misdiagnosis>missed_diagnosis>efficiency>rnd_institution,0,0,3790471cf85b33cd,2570179ee10081ea,6330454730b35840,multinational,high_18,low_0_5,instant,physician_responsible,domestic_private,low_1,medium_10,one_week,liability_waiver
2026-10-05_deepseek_main,government__disease_diagnosis__CN,government,disease_diagnosis,CN,main,government__disease_diagnosis__CN::main-0060,60,0,1813526503656548064,legal_accountability>missed_diagnosis>rnd_institution>efficiency>misdiagnosis,0,0,d5933e4d78710e97,34d25df482fb8284,99b83d6c2d16f0cd,multinational,low_1,medium_10,one_week,liability_waiver,domestic_private,medium_8,high_22,same_day,rnd_responsible
2026-10-05_deepseek_main,government__disease_diagnosis__CN,government,disease_diagnosis,CN,main,government__disease_diagnosis__CN::main-0061,61,0,12886988083469582745,legal_accountability>misdiagnosis>efficiency>missed_diagnosis>rnd_institution,0,0,13f0a4ab66eadd87,c0f7d088ef43e75b,17744127371560ed,multinational,low_1,high_22,instant,rnd_responsible,domestic_private,medium_8,medium_10,same_day,liability_waiver
2026-10-05_deepseek_main,government__disease_diagnosis__CN,government,disease_diagnosis,CN,main,government__disease_diagnosis__CN::main-0062,62,0,1677793365903965821,misdiagnosis>legal_accountability>missed_diagnosis>efficiency>rnd_institution,0,0,6dbdad2cb4aec4ab,8ab38c79af41d08a,275eac1d094ecb85,domestic_private,medium_8,high_22,instant,physician_responsible,multinational,high_18,low_0_5,one_week,rnd_responsible
2026-10-05_deepseek_main,government__disease_diagnosis__CN,government,disease_diagnosis,CN,main,government__disease_diagnosis__CN::main-0063,63,0,17394397709171120897,missed_diagnosis>efficiency>legal_accountability>misdiagnosis>rnd_institution,1,0,7d720ad2095cf389,68592b46f3001c71,9ac65053d2d33435,domestic_private,low_1,low_0_5,instant,physician_responsible,multinational,high_18,medium_10,one_week,rnd_responsible
2026-10-05_deepseek_main,government__disease_diagnosis__CN,government,disease_diagnosis,CN,main,government__disease_diagnosis__CN::main-0064,64,0,10323366756069044611,efficiency>missed_diagnosis>misdiagnosis>rnd_institution>legal_accountability,0,0,f4b77169e4974823,e2320d229b0b62cb,9e5cad82f8d1f044,public,medium_8,high_22,instant,physician_responsible,multinational,high_18,low_0_5,one_week,liability_waiver
2026-10-05_deepseek_main,government__disease_diagnosis__CN,government,disease_diagnosis,CN,main,government__disease_diagnosis__CN::main-0065,65,0,4216727770215735569,efficiency>legal_accountability>missed_diagnosis>misdiagnosis>rnd_institution,0,0,acb33a3823e0f2ba,e06411d146772afe,6d0f7825fc1d5bd2,public,low_1,high_22,same_day,liability_waiver,domestic_private,medium_8,low_0_5,instant,physician_responsible
2026-10-05_deepseek_main,government__disease_diagnosis__CN,government,disease_diagnosis,CN,main,government__disease_diagnosis__CN::main-0066,66,0,7417011460673118460,rnd_institution>efficiency>missed_diagnosis>misdiagnosis>legal_accountability,0,0,a2063a4243986419,011ebecb2fbf72e1,53247be15d354e19,domestic_private,high_18,medium_10,instant,rnd_responsible,public,low_1,low_0_5,same_day,liability_waiver
2026-10-05_deepseek_main,government__disease_diagnosis__CN,government,disease_diagnosis,CN,main,government__disease_diagnosis__CN::main-0067,67,0,11563829311412275931,missed_diagnosis>misdiagnosis>efficiency>rnd_institution>legal_accountability,0,0,59e85bb8e53fda68,9a21ac363d1606fa,fd9919c156011664,multinational,medium_8,low_0_5,one_week,physician_responsible,public,high_18,medium_10,instant,liability_waiver
2026-10-05_deepseek_main,government__disease_diagnosis__CN,government,disease_diagnosis,CN,main,government__disease_diagnosis__CN::main-0068,68,0,9939086860155009207,rnd_institution>legal_accountability>missed_diagnosis>efficiency>misdiagnosis,0,0,c724d9cd3b132a0c,57be0ca4986071fe,26f2487ebbac477d,domestic_private,medium_8,high_22,instant,rnd_responsible,multinational,high_18,medium_10,same_day,physician_responsible
2026-10-05_deepseek_main,government__disease_diagnosis__CN,government,disease_diagnosis,CN,main,government__disease_diagnosis__CN::main-0069,69,0,1539453611757369291,efficiency>misdiagnosis>legal_accountability>rnd_institution>missed_diagnosis,0,0,4de2da3133463351,5122646d6322d547,c28346ccf054061a,domestic_private,high_18,medium_10,instant,liability_waiver,multinational,low_1,low_0_5,same_day,physician_responsible
2026-10-05_deepseek_main,government__disease_diagnosis__CN,government,disease_diagnosis,CN,main,government__disease_diagnosis__CN::main-0070,70,0,5991082230695883569,missed_diagnosis>legal_accountability>misdiagnosis>efficiency>rnd_institution,1,0,ece45f9f955dbe04,6752ac95b3796635,53247be15d354e19,public,low_1,low_0_5,instant,rnd_responsible,domestic_private,high_18,medium_10,same_day,liability_waiver
2026-10-05_deepseek_main,government__disease_diagnosis__CN,government,disease_diagnosis,CN,main,government__disease_diagnosis__CN::main-0071,71,0,17428947164248638999,missed_diagnosis>efficiency>rnd_institution>misdiagnosis>legal_accountability,0,0,1631b5242a8e5496,348066110594f7c5,ca3b38742586e808,public,high_18,medium_10,one_week,rnd_responsible,domestic_private,low_1,high_22,same_day,liability_waiver
2026-10-05_deepseek_main,government__disease_diagnosis__CN,government,disease_diagnosis,CN,main,government__disease_diagnosis__CN::main-0072,72,0,13839353093416473489,misdiagnosis>efficiency>legal_accountability>missed_diagnosis>rnd_institution,0,1,d6b29267c2b8f835,08f22324552d8ae0,c7dc565d6fb8d3f4,domestic_private,high_18,high_22,one_week,rnd_responsible,multinational,low_1,low_0_5,instant,liability_waiver
2026-10-05_deepseek_main,government__disease_diagnosis__CN,government,disease_diagnosis,CN,main,government__disease_diagnosis__CN::main-0073,73,0,15667851787032842968,efficiency>missed_diagnosis>misdiagnosis>legal_accountability>rnd_institution,0,0,301282727bf66a05,7ce053ca8f17d374,db4bcf66a5b4ae60,public,low_1,high_22,one_week,rnd_responsible,domestic_private,medium_8,medium_10,instant,physician_responsible
2026-10-05_deepseek_main,government__disease_diagnosis__CN,government,disease_diagnosis,CN,main,government__disease_diagnosis__CN::main-0074,74,0,14403121944432178829,missed_diagnosis>rnd_institution>efficiency>misdiagnosis>legal_accountability,1,0,b8703a624d195e6b,3425cd9529719057,d7730e9b33b9a5e7,domestic_private,medium_8,low_0_5,instant,physician_responsible,public,high_18,high_22,same_day,liability_waiver
2026-10-05_deepseek_main,government__disease_diagnosis__CN,government,disease_diagnosis,CN,main,government__disease_diagnosis__CN::main-0075,75,0,13816615952312368138,missed_diagnosis>misdiagnosis>rnd_institution>legal_accountability>efficiency,0,0,2af79ec2519d78de,4b180f0a5dc2baf0,afb79250cb33e739,domestic_private,medium_8,high_22,instant,physician_responsible,multinational,low_1,medium_10,same_day,liability_waiver
2026-10-05_deepseek_main,government__disease_diagnosis__CN,government,disease_diagnosis,CN,main,government__disease_diagnosis__CN::main-0076,76,0,11609458869602813737,legal_accountability>missed_diagnosis>rnd_institution>misdiagnosis>efficiency,0,0,9fd6cf521fbc4bb6,82ffad0b856245d8,8b6d0742a50db1cb,multinational,high_18,low_0_5,one_week,rnd_responsible,public,medium_8,medium_10,instant,physician_responsible
2026-10-05_deepseek_main,government__disease_diagnosis__CN,government,disease_diagnosis,CN,main,government__disease_diagnosis__CN::main-0077,77,0,18306878898550534117,efficiency>legal_accountability>misdiagnosis>missed_diagnosis>rnd_institution,0,0,63bf4f33f94b0182,63bf4f33f94b0182,4e8223a950c6f9a4,multinational,medium_8,medium_10,instant,rnd_responsible,public,high_18,low_0_5,one_week,liability_waiver
2026-10-05_deepseek_main,government__disease_diagnosis__CN,government,disease_diagnosis,CN,main,government__disease_diagnosis__CN::main-0078,78,0,18133176261622651777,efficiency>legal_accountability>missed_diagnosis>rnd_institution>misdiagnosis,0,0,5767e1e0e1af5054,3b78874271ee0676,5fc490f907972f91,domestic_private,medium_8,high_22,instant,rnd_responsible,public,low_1,medium_10,one_week,liability_waiver
2026-10-05_deepseek_main,government__disease_diagnosis__CN,government,disease_diagnosis,CN,main,government__disease_diagnosis__CN::main-0079,79,0,7038844197672302477,rnd_institution>efficiency>misdiagnosis>legal_accountability>missed_diagnosis,0,0,3985798245c63d38,a3bd46681aecb411,623532f239a2a8bc,multinational,high_18,low_0_5,same_day,liability_waiver,domestic_private,low_1,high_22,one_week,rnd_responsible
2026-10-05_deepseek_main,government__disease_diagnosis__CN,government,disease_diagnosis,CN,main,government__disease_diagnosis__CN::main-0080,80,0,8655527773888082825,missed_diagnosis>legal_accountability>rnd_institution>misdiagnosis>efficiency,0,0,99c5c953c9fa782d,4b7e65042aba510f,29998aa2f51bc16f,domestic_private,medium_8,low_0_5,same_day,physician_responsible,public,high_18,high_22,instant,rnd_responsible
2026-10-05_deepseek_main,government__disease_diagnosis__CN,government,disease_diagnosis,CN,main,government__disease_diagnosis__CN::main-0081,81,0,6547377759753416674,rnd_institution>legal_accountability>misdiagnosis>missed_diagnosis>efficiency,0,0,abd640396c8ace03,5de95eea16a273a5,f7a3305668981180,domestic_private,medium_8,low_0_5,one_week,physician_responsible,multinational,low_1,medium_10,same_day,liability_waiver
2026-10-05_deepseek_main,government__disease_diagnosis__CN,government,disease_diagnosis,CN,main,government__disease_diagnosis__CN::main-0082,82,0,1063085241446491989,missed_diagnosis>misdiagnosis>legal_accountability>rnd_institution>efficiency,0,1,a856dbd28cc71ae3,55f8b0241f3fbbad,6a9333da68106a13,domestic_private,medium_8,high_22,same_day,rnd_responsible,public,low_1,medium_10,instant,liability_waiver
2026-10-05_deepseek_main,government__disease_diagnosis__CN,government,disease_diagnosis,CN,main,government__disease_diagnosis__CN::main-0083,83,0,17701822883920753135,missed_diagnosis>legal_accountability>rnd_institution>misdiagnosis>efficiency,0,0,97c26b277070b83c,8010d5d0b1baeadd,4e8223a950c6f9a4,multinational,high_18,low_0_5,one_week,liability_waiver,public,medium_8,medium_10,instant,rnd_responsible
2026-10-05_deepseek_main,government__disease_diagnosis__CN,government,disease_diagnosis,CN,main,government__disease_diagnosis__CN::main-0084,84,0,12615831980459423447,misdiagnosis>efficiency>missed_diagnosis>legal_accountability>rnd_institution,0,0,15ca26ad7cf06fd3,e882cf3b16a74f2f,8e610f5253193db5,public,low_1,medium_10,instant,rnd_responsible,domestic_private,medium_8,low_0_5,same_day,liability_waiver
2026-10-05_deepseek_main,government__disease_diagnosis__CN,government,disease_diagnosis,CN,main,government__disease_diagnosis__CN::main-0085,85,0,8668012757930747934,legal_accountability>rnd_institution>misdiagnosis>efficiency>missed_diagnosis,1,0,8dcb568ec10dd301,8a023abb162160b8,a58dd6aca34dbe06,domestic_private,medium_8,low_0_5,same_day,liability_waiver,multinational,high_18,medium_10,one_week,physician_responsible
2026-10-05_deepseek_main,government__disease_diagnosis__CN,government,disease_diagnosis,CN,main,government__disease_diagnosis__CN::main-0086,86,0,13098109659478681998,legal_accountability>misdiagnosis>rnd_institution>efficiency>missed_diagnosis,0,0,9d164e2539748c9d,549b3120adb235a6,10d66d37625e5fb0,multinational,low_1,medium_10,one_week,rnd_responsible,domestic_private,medium_8,low_0_5,instant,liability_waiver
2026-10-05_deepseek_main,government__disease_diagnosis__CN,government,disease_diagnosis,CN,main,government__disease_diagnosis__CN::main-0087,87,0,5930339334759642688,missed_diagnosis>legal_accountability>efficiency>rnd_institution>misdiagnosis,0,1,cbee83960a115c64,08497d35f465ef79,26f2487ebbac477d,domestic_private,high_18,high_22,same_day,rnd_responsible,multinational,medium_8,medium_10,instant,physician_responsible
2026-10-05_deepseek_main,government__disease_diagnosis__CN,government,disease_diagnosis,CN,main,government__disease_diagnosis__CN::main-0088,88,0,8147028192071773178,efficiency>misdiagnosis>legal_accountability>rnd_institution>missed_diagnosis,0,0,39267128f0755ed8,24c9c57ec91ff606,24c9c57ec91ff606,multinational,high_18,low_0_5,instant,liability_waiver,public,medium_8,medium_10,same_day,physician_responsible
2026-10-05_deepseek_main,government__disease_diagnosis__CN,government,disease_diagnosis,CN,main,government__disease_diagnosis__CN::main-0089,89,0,5946683086904305770,efficiency>legal_accountability>rnd_institution>misdiagnosis>missed_diagnosis,1,0,f27533e5a86ca23d,e5644c151555be06,87644e2815760391,domestic_private,low_1,low_0_5,same_day,physician_responsible,public,medium_8,high_22,one_week,liability_waiver
2026-10-05_deepseek_main,government__disease_diagnosis__CN,government,disease_diagnosis,CN,main,government__disease_diagnosis__CN::main-0090,90,0,8743550131864780227,missed_diagnosis>legal_accountability>rnd_institution>efficiency>misdiagnosis,0,0,a68fd8dca2da2c74,e1bd5ae26f8a89ae,a479d033fc93fc5e,multinational,high_18,high_22,instant,rnd_responsible,public,low_1,low_0_5,same_day,physician_responsible
2026-10-05_deepseek_main,government__disease_diagnosis__CN,government,disease_diagnosis,CN,main,government__disease_diagnosis__CN::main-0091,91,0,1566996999964983044,misdiagnosis>legal_accountability>missed_diagnosis>efficiency>rnd_institution,1,0,d7767e6301d964b0,3ac3213729f6d4d4,6b4dd668623eb2fa,multinational,medium_8,low_0_5,instant,liability_waiver,domestic_private,high_18,high_22,one_week,physician_responsible
2026-10-05_deepseek_main,government__disease_diagnosis__CN,government,disease_diagnosis,CN,main,government__disease_diagnosis__CN::main-0092,92,0,17828556837215862670,misdiagnosis>efficiency>missed_diagnosis>rnd_institution>legal_accountability,0,0,e6729d1ce8df966e,6eab1e268bbf1df3,26f2487ebbac477d,multinational,medium_8,high_22,instant,physician_responsible,domestic_private,high_18,medium_10,same_day,rnd_responsible
2026-10-05_deepseek_main,government__disease_diagnosis__CN,government,disease_diagnosis,CN,main,government__disease_diagnosis__CN::main-0093,93,0,16750063045463171514,misdiagnosis>legal_accountability>efficiency>missed_diagnosis>rnd_institution,0,0,bdfe5cedbdcd1c62,4fdc7eb9f2d25438,35d55019d9067c3a,public,low_1,low_0_5,one_week,liability_waiver,multinational,high_18,high_22,instant,physician_responsible
2026-10-05_deepseek_main,government__disease_diagnosis__CN,government,disease_diagnosis,CN,main,government__disease_diagnosis__CN::main-0094,94,0,7431993766392805753,efficiency>rnd_institution>legal_accountability>missed_diagnosis>misdiagnosis,0,0,15da5ca2451dbc89,86b1f664058e64fb,e519fe96a92101a9,domestic_private,medium_8,medium_10,one_week,liability_waiver,public,high_18,low_0_5,instant,rnd_responsible
2026-10-05_deepseek_main,government__disease_diagnosis__CN,government,disease_diagnosis,CN,main,government__disease_diagnosis__CN::main-0095,95,0,11684802699185644695,efficiency>rnd_institution>legal_accountability>misdiagnosis>missed_diagnosis,0,0,da4e5c3b558e992c,b8dc0358bd7479da,8b9650ee7b8e688d,multinational,medium_8,high_22,instant,rnd_responsible,public,low_1,low_0_5,one_week,physician_responsible
2026-10-05_deepseek_main,government__disease_diagnosis__CN,government,disease_diagnosis,CN,main,government__disease_diagnosis__CN::main-0096,96,0,8547009778169820802,missed_diagnosis>efficiency>misdiagnosis>legal_accountability>rnd_institution,0,0,091fa06168260de3,d3fe5f8f75303e64,876bdc60882db7e6,multinational,high_18,medium_10,instant,rnd_responsible,public,medium_8,high_22,one_week,physician_responsible
2026-10-05_deepseek_main,government__disease_diagnosis__CN,government,disease_diagnosis,CN,main,government__disease_diagnosis__CN::main-0097,97,0,14183519363196412525,misdiagnosis>rnd_institution>missed_diagnosis>legal_accountability>efficiency,0,0,0b8060599495f531,c5e251e9e34d8393,0d539472ee56d076,multinational,medium_8,high_22,instant,rnd_responsible,public,low_1,low_0_5,same_day,physician_responsible
2026-10-05_deepseek_main,government__disease_diagnosis__CN,government,disease_diagnosis,CN,main,government__disease_diagnosis__CN::main-0098,98,0,14905162534795746297,legal_accountability>misdiagnosis>rnd_institution>missed_diagnosis>efficiency,0,0,715d6c411bd9d618,c9a4ba8fd2d25299,71aa710f296b6676,domestic_private,low_1,medium_10,one_week,rnd_responsible,multinational,medium_8,low_0_5,same_day,physician_responsible
2026-10-05_deepseek_main,government__disease_diagnosis__CN,government,disease_diagnosis,CN,main,government__disease_diagnosis__CN::main-0099,99,0,6143059051977696382,misdiagnosis>legal_accountability>missed_diagnosis>rnd_institution>efficiency,0,0,264e219d9a361a74,da120839b17e52e6,e69b05e674893970,multinational,medium_8,medium_10,same_day,rnd_responsible,domestic_private,high_18,low_0_5,instant,physician_responsible
2026-10-05_deepseek_main,government__disease_diagnosis__CN,government,disease_diagnosis,CN,main,government__disease_diagnosis__CN::main-0100,100,0,12691112734843142067,rnd_institution>missed_diagnosis>legal_accountability>misdiagnosis>efficiency,0,0,245a1e5994c75f32,eb3ea8d6d88f2ccc,773dbba750c792dd,multinational,high_18,medium_10,instant,physician_responsible,domestic_private,medium_8,low_0_5,same_day,liability_waiver
2026-10-05_deepseek_main,government__disease_diagnosis__CN,government,disease_diagnosis,CN,main,government__disease_diagnosis__CN::main-0101,101,0,4867325545223572755,legal_accountability>efficiency>rnd_institution>missed_diagnosis>misdiagnosis,0,0,9c35ac93931b5b04,25b7fd8ba500ae5a,b540363cf0eb6ecd,domestic_private,low_1,high_22,one_week,physician_responsible,public,high_18,medium_10,same_day,rnd_responsible
2026-10-05_deepseek_main,government__disease_diagnosis__CN,government,disease_diagnosis,CN,main,government__disease_diagnosis__CN::main-0102,102,0,11305547993424106671,misdiagnosis>missed_diagnosis>legal_accountability>efficiency>rnd_institution,0,0,b23f0e1ce35abac5,aa71c7b039e099e7,9c3c24473f44b7c5,multinational,medium_8,low_0_5,same_day,rnd_responsible,public,high_18,medium_10,instant,liability_waiver
2026-10-05_deepseek_main,government__disease_diagnosis__CN,government,disease_diagnosis,CN,main,government__disease_diagnosis__CN::main-0103,103,0,17424188982506151333,missed_diagnosis>misdiagnosis>efficiency>legal_accountability>rnd_institution,0,0,f2e1547c74549781,cc131bb61669d237,afb79250cb33e739,domestic_private,medium_8,medium_10,instant,liability_waiver,multinational,low_1,high_22,same_day,physician_responsible
2026-10-05_deepseek_main,government__disease_diagnosis__CN,government,disease_diagnosis,CN,main,government__disease_diagnosis__CN::main-0104,104,0,14599704477130285408,legal_accountability>efficiency>rnd_institution>missed_diagnosis>misdiagnosis,0,0,7729a7c698b2efdf,ba6e9adb953cda92,8a0b6d3cd13909b2,public,low_1,low_0_5,same_day,liability_waiver,domestic_private,medium_8,medium_10,instant,physician_responsible
2026-10-05_deepseek_main,government__disease_diagnosis__CN,government,disease_diagnosis,CN,main,government__disease_diagnosis__CN::main-0105,105,0,6612723665310180746,rnd_institution>misdiagnosis>legal_accountability>missed_diagnosis>efficiency,0,0,6a90862046b77b13,d9f5ed8448019f6d,aa5755bd1cec7935,domestic_private,high_18,low_0_5,instant,physician_responsible,public,medium_8,high_22,one_week,liability_waiver
2026-10-05_deepseek_main,government__disease_diagnosis__CN,government,disease_diagnosis,CN,main,government__disease_diagnosis__CN::main-0106,106,0,5087815883931269224,efficiency>misdiagnosis>rnd_institution>missed_diagnosis>legal_accountability,0,0,d61ee580e424e2c1,7a538eb6142b1eaa,ffc271f315bc09bc,multinational,medium_8,high_22,same_day,liability_waiver,domestic_private,high_18,medium_10,instant,rnd_responsible
2026-10-05_deepseek_main,government__disease_diagnosis__CN,government,disease_diagnosis,CN,main,government__disease_diagnosis__CN::main-0107,107,0,9333543877471333290,missed_diagnosis>efficiency>rnd_institution>misdiagnosis>legal_accountability,0,0,5198301c55b3a80a,53120c8564482ea2,8d445cb44d170abb,public,medium_8,low_0_5,one_week,physician_responsible,multinational,low_1,high_22,instant,liability_waiver
2026-10-05_deepseek_main,government__disease_diagnosis__CN,government,disease_diagnosis,CN,main,government__disease_diagnosis__CN::main-0108,108,0,5922568480390588653,rnd_institution>misdiagnosis>efficiency>missed_diagnosis>legal_accountability,0,1,b121c9305f0bad55,9ad77af6bf33a9f6,8e610f5253193db5,public,medium_8,medium_10,same_day,rnd_responsible,domestic_private,low_1,low_0_5,instant,liability_waiver
2026-10-05_deepseek_main,government__disease_diagnosis__CN,government,disease_diagnosis,CN,main,government__disease_diagnosis__CN::main-0109,109,0,11840978704146542888,legal_accountability>efficiency>rnd_institution>missed_diagnosis>misdiagnosis,0,1,0184ad1566ba0519,056a634497166339,5c4c1f3a05304b53,public,medium_8,medium_10,one_week,rnd_responsible,multinational,low_1,low_0_5,instant,physician_responsible
2026-10-05_deepseek_main,government__disease_diagnosis__CN,government,disease_diagnosis,CN,main,government__disease_diagnosis__CN::main-0110,110,0,13584236563742821017,rnd_institution>legal_accountability>misdiagnosis>missed_diagnosis>efficiency,0,0,76715963e51915a0,1bce4d371364123b,525889d9d82eb041,domestic_private,high_18,low_0_5,same_day,rnd_responsible,public,medium_8,medium_10,instant,liability_waiver
2026-10-05_deepseek_main,government__disease_diagnosis__CN,government,disease_diagnosis,CN,main,government__disease_diagnosis__CN::main-0111,111,0,3334288304488992038,misdiagnosis>rnd_institution>efficiency>missed_diagnosis>legal_accountability,0,0,1034a7bca18bf4c7,4a00c80f97df5de8,c025e36fbde737e6,multinational,low_1,low_0_5,one_week,rnd_responsible,domestic_private,medium_8,high_22,instant,physician_responsible
2026-10-05_deepseek_main,government__disease_diagnosis__CN,government,disease_diagnosis,CN,main,government__disease_diagnosis__CN::main-0112,112,0,17481789762467361517,misdiagnosis>legal_accountability>missed_diagnosis>efficiency>rnd_institution,0,0,e5ca3135b9816194,95fffad359187aff,c025e36fbde737e6,domestic_private,medium_8,low_0_5,one_week,rnd_responsible,multinational,low_1,high_22,instant,physician_responsible
2026-10-05_deepseek_main,government__disease_diagnosis__CN,government,disease_diagnosis,CN,main,government__disease_diagnosis__CN::main-0113,113,0,17061804284415274741,legal_accountability>rnd_institution>misdiagnosis>efficiency>missed_diagnosis,0,0,612640d08f6c75ee,841d951421f06d9d,f17c7b3513afe49a,public,low_1,high_22,same_day,liability_waiver,domestic_private,medium_8,low_0_5,instant,rnd_responsible
2026-10-05_deepseek_main,government__disease_diagnosis__CN,government,disease_diagnosis,CN,main,government__disease_diagnosis__CN::main-0114,114,0,13548777133244294112,rnd_institution>misdiagnosis>missed_diagnosis>legal_accountability>efficiency,0,0,d914784638e07f9d,21d92eb3707118ea,b510e2852fe1a351,multinational,high_18,medium_10,same_day,rnd_responsible,public,low_1,high_22,instant,liability_waiver
2026-10-05_deepseek_main,government__disease_diagnosis__CN,government,disease_diagnosis,CN,main,government__disease_diagnosis__CN::main-0115,115,0,4721894388893270128,misdiagnosis>missed_diagnosis>efficiency>legal_accountability>rnd_institution,0,0,2792a880634b254d,ba9fbd47777f0943,24e1b16c8080cc6e,multinational,medium_8,medium_10,same_day,liability_waiver,domestic_private,high_18,high_22,instant,physician_responsible
2026-10-05_deepseek_main,government__disease_diagnosis__CN,government,disease_diagnosis,CN,main,government__disease_diagnosis__CN::main-0116,116,0,16102663417345612744,efficiency>legal_accountability>rnd_institution>missed_diagnosis>misdiagnosis,0,0,0d4b47c0671ee4a8,5b860854d1f0c6b3,f47a2c3d80f0247e,multinational,medium_8,high_22,one_week,physician_responsible,public,high_18,medium_10,same_day,liability_waiver
2026-10-05_deepseek_main,government__disease_diagnosis__CN,government,disease_diagnosis,CN,main,government__disease_diagnosis__CN::main-0117,117,0,17371759073538193923,missed_diagnosis>efficiency>misdiagnosis>rnd_institution>legal_accountability,0,0,6afa624f7be781b4,4e318774aec94eae,1352938070d6aea1,domestic_private,medium_8,high_22,one_week,rnd_responsible,public,high_18,medium_10,same_day,physician_responsible
2026-10-05_deepseek_main,government__disease_diagnosis__CN,government,disease_diagnosis,CN,main,government__disease_diagnosis__CN::main-0118,118,0,1480967508468499775,rnd_institution>missed_diagnosis>misdiagnosis>efficiency>legal_accountability,0,0,e00ca7f74da60905,204f9c45a56e9c88,2e438f57d5bd69e8,public,low_1,high_22,same_day,liability_waiver,multinational,high_18,low_0_5,one_week,rnd_responsible
2026-10-05_deepseek_main,government__disease_diagnosis__CN,government,disease_diagnosis,CN,main,government__disease_diagnosis__CN::main-0119,119,0,6222362139048866147,efficiency>rnd_institution>misdiagnosis>missed_diagnosis>legal_accountability,0,0,769e714043e6d1f7,7da0947b632d68c5,afb79250cb33e739,domestic_private,low_1,medium_10,same_day,liability_waiver,multinational,medium_8,high_22,instant,physician_responsible
2026-10-05_deepseek_main,government__disease_diagnosis__CN,government,disease_diagnosis,CN,main,government__disease_diagnosis__CN::main-0120,120,0,11049843178338606130,rnd_institution>missed_diagnosis>misdiagnosis>efficiency>legal_accountability,0,0,9b5f6f22e8247f05,29bd4bc3feaa25df,1d9d578ceb8f4e0b,public,high_18,medium_10,instant,liability_waiver,multinational,medium_8,high_22,one_week,rnd_responsible
2026-10-05_deepseek_main,government__disease_diagnosis__CN,government,disease_diagnosis,CN,main,government__disease_diagnosis__CN::main-0121,121,0,4266358412133150325,misdiagnosis>efficiency>legal_accountability>rnd_institution>missed_diagnosis,0,0,f92e11959454799f,abc3faffa7ec4a8f,5d0623fc38a61329,public,high_18,low_0_5,instant,physician_responsible,domestic_private,medium_8,medium_10,same_day,liability_waiver
2026-10-05_deepseek_main,government__disease_diagnosis__CN,government,disease_diagnosis,CN,main,government__disease_diagnosis__CN::main-0122,122,0,10130001451355151073,legal_accountability>efficiency>missed_diagnosis>rnd_institution>misdiagnosis,1,0,1ec3d4a860127310,09312068dc9dde61,f2c753ed24ede509,domestic_private,low_1,low_0_5,instant,rnd_responsible,public,high_18,medium_10,one_week,physician_responsible
2026-10-05_deepseek_main,government__disease_diagnosis__CN,government,disease_diagnosis,CN,main,government__disease_diagnosis__CN::main-0123,123,0,2981389648736223852,misdiagnosis>missed_diagnosis>rnd_institution>legal_accountability>efficiency,0,0,810d2bcf6c13109e,7d3654b2fdc29a6a,e7e1a5366ce8bda2,domestic_private,low_1,high_22,same_day,physician_responsible,public,medium_8,medium_10,one_week,rnd_responsible
2026-10-05_deepseek_main,government__disease_diagnosis__CN,government,disease_diagnosis,CN,main,government__disease_diagnosis__CN::main-0124,124,0,13530914288838884933,missed_diagnosis>rnd_institution>legal_accountability>efficiency>misdiagnosis,1,0,1e86a9813c918b65,ba3d1b3d619ad58e,ffc271f315bc09bc,domestic_private,medium_8,medium_10,instant,rnd_responsible,multinational,high_18,high_22,same_day,liability_waiver
2026-10-05_deepseek_main,government__disease_diagnosis__CN,government,disease_diagnosis,CN,main,government__disease_diagnosis__CN::main-0125,125,0,720170031304731685,rnd_institution>misdiagnosis>efficiency>missed_diagnosis>legal_accountability,0,0,f214b6a90c44be46,9222ff8e70a2ac40,3a1c2a6f2eeeeaa8,public,high_18,medium_10,same_day,rnd_responsible,multinational,low_1,high_22,instant,physician_responsible
2026-10-05_deepseek_main,government__disease_diagnosis__CN,government,disease_diagnosis,CN,main,government__disease_diagnosis__CN::main-0126,126,0,11620717396862000928,efficiency>rnd_institution>legal_accountability>missed_diagnosis>misdiagnosis,0,0,1726108f64da6e09,22c314ace74aceb2,fa4c69ce819c4428,public,high_18,low_0_5,same_day,physician_responsible,multinational,low_1,medium_10,instant,liability_waiver
2026-10-05_deepseek_main,government__disease_diagnosis__CN,government,disease_diagnosis,CN,main,government__disease_diagnosis__CN::main-0127,127,0,8823556990079047904,rnd_institution>legal_accountability>missed_diagnosis>misdiagnosis>efficiency,0,0,edaafa2185de90ec,6445079811d576b4,62373b0b7921fb31,multinational,low_1,high_22,same_day,rnd_responsible,domestic_private,medium_8,low_0_5,instant,liability_waiver
2026-10-05_deepseek_main,government__disease_diagnosis__CN,government,disease_diagnosis,CN,main,government__disease_diagnosis__CN::main-0128,128,0,2895781717119505528,efficiency>rnd_institution>missed_diagnosis>misdiagnosis>legal_accountability,0,0,e83374ecfb2c1d41,d29a3913656fb906,ba745f571a1d9be6,domestic_private,high_18,low_0_5,instant,rnd_responsible,multinational,low_1,medium_10,same_day,physician_responsible
2026-10-05_deepseek_main,government__disease_diagnosis__CN,government,disease_diagnosis,CN,main,government__disease_diagnosis__CN::main-0129,129,0,17191007040238188687,missed_diagnosis>rnd_institution>misdiagnosis>legal_accountability>efficiency,0,0,81c2d2672f996d69,e68870bd37111bea,82313a2e69fb7405,public,low_1,high_22,same_day,liability_waiver,domestic_private,high_18,medium_10,one_week,physician_responsible
2026-10-05_deepseek_main,government__disease_diagnosis__CN,government,disease_diagnosis,CN,main,government__disease_diagnosis__CN::main-0130,130,0,2983143172984085953,legal_accountability>missed_diagnosis>misdiagnosis>rnd_institution>efficiency,0,0,8492c6d735011163,73196321d5530c4a,4aed13764bf55903,public,low_1,medium_10,same_day,physician_responsible,multinational,high_18,low_0_5,one_week,liability_waiver
2026-10-05_deepseek_main,government__disease_diagnosis__CN,government,disease_diagnosis,CN,main,government__disease_diagnosis__CN::main-0131,131,0,3549962237294475327,missed_diagnosis>legal_accountability>misdiagnosis>efficiency>rnd_institution,1,0,405c2a403deaea4f,bdc3295740615cbd,19529d1d21a5eef3,domestic_private,low_1,low_0_5,instant,rnd_responsible,public,high_18,high_22,same_day,liability_waiver
2026-10-05_deepseek_main,government__disease_diagnosis__CN,government,disease_diagnosis,CN,main,government__disease_diagnosis__CN::main-0132,132,0,513526113797415290,misdiagnosis>legal_accountability>efficiency>missed_diagnosis>rnd_institution,0,0,acf0200462ad15a2,b45c60d242028db0,2f7b29414f139e3c,public,low_1,medium_10,one_week,physician_responsible,domestic_private,medium_8,low_0_5,same_day,rnd_responsible
2026-10-05_deepseek_main,government__disease_diagnosis__CN,government,disease_diagnosis,CN,main,government__disease_diagnosis__CN::main-0133,133,0,7888267739016457268,missed_diagnosis>legal_accountability>misdiagnosis>efficiency>rnd_institution,0,0,c3fe92e0eef65550,5c0119415e7f8386,2ef6880c8178239f,public,low_1,high_22,instant,physician_responsible,multinational,medium_8,medium_10,one_week,rnd_responsible
2026-10-05_deepseek_main,government__disease_diagnosis__CN,government,disease_diagnosis,CN,main,government__disease_diagnosis__CN::main-0134,134,0,16414297709701504220,efficiency>rnd_institution>legal_accountability>misdiagnosis>missed_diagnosis,0,0,ffd91377c4eeb8cc,93458bb361ae9986,e46be8791cbc804b,multinational,low_1,high_22,same_day,rnd_responsible,domestic_private,high_18,medium_10,instant,liability_waiver
2026-10-05_deepseek_main,government__disease_diagnosis__CN,government,disease_diagnosis,CN,main,government__disease_diagnosis__CN::main-0135,135,0,10049539098782417725,efficiency>misdiagnosis>rnd_institution>missed_diagnosis>legal_accountability,0,0,85045b16b1bd8313,28c5601a0965bf48,f559706580937721,multinational,medium_8,high_22,same_day,physician_responsible,domestic_private,high_18,medium_10,one_week,rnd_responsible
2026-10-05_deepseek_main,government__disease_diagnosis__CN,government,disease_diagnosis,CN,main,government__disease_diagnosis__CN::main-0136,136,0,9306141333785408811,efficiency>missed_diagnosis>misdiagnosis>rnd_institution>legal_accountability,0,0,f0890117f33cb2f2,62723e712afacf9d,e62093a4b80d676b,domestic_private,low_1,high_22,instant,liability_waiver,public,high_18,low_0_5,same_day,physician_responsible
2026-10-05_deepseek_main,government__disease_diagnosis__CN,government,disease_diagnosis,CN,main,government__disease_diagnosis__CN::main-0137,137,0,2887768416677900051,efficiency>legal_accountability>missed_diagnosis>rnd_institution>misdiagnosis,0,0,62673d7c98c9527c,220bb49dfd5c71c0,efb2758d92cb8eff,multinational,medium_8,medium_10,instant,rnd_responsible,domestic_private,high_18,low_0_5,one_week,physician_responsible
2026-10-05_deepseek_main,government__disease_diagnosis__CN,government,disease_diagnosis,CN,main,government__disease_diagnosis__CN::main-0138,138,0,7547217291846076993,rnd_institution>legal_accountability>efficiency>misdiagnosis>missed_diagnosis,0,0,1a45939eccf04976,ffc94db92ee6c4e6,cc25054f9c848d1c,multinational,medium_8,low_0_5,same_day,physician_responsible,public,low_1,high_22,instant,liability_waiver
2026-10-05_deepseek_main,government__disease_diagnosis__CN,government,disease_diagnosis,CN,main,government__disease_diagnosis__CN::main-0139,139,0,8785149972178064595,efficiency>misdiagnosis>missed_diagnosis>legal_accountability>rnd_institution,0,0,f353f3ade227e0af,f52bb76a84925bd8,867bc7f03d32cffa,multinational,high_18,medium_10,one_week,physician_responsible,public,low_1,high_22,instant,liability_waiver
2026-10-05_deepseek_main,government__disease_diagnosis__CN,government,disease_diagnosis,CN,main,government__disease_diagnosis__CN::main-0140,140,0,891667069644260158,rnd_institution>efficiency>missed_diagnosis>misdiagnosis>legal_accountability,0,0,301dc1c92b477c9b,22c79bbe5588563a,d81a764a8f047f29,multinational,medium_8,medium_10,instant,physician_responsible,domestic_private,low_1,high_22,same_day,rnd_responsible
2026-10-05_deepseek_main,government__disease_diagnosis__CN,government,disease_diagnosis,CN,main,government__disease_diagnosis__CN::main-0141,141,0,2322825685039196036,misdiagnosis>rnd_institution>efficiency>missed_diagnosis>legal_accountability,0,0,998a34c5d92a5342,41b1da3b0f8c0ebc,ffc271f315bc09bc,multinational,medium_8,medium_10,same_day,rnd_responsible,domestic_private,high_18,high_22,instant,liability_waiver
2026-10-05_deepseek_main,government__disease_diagnosis__CN,government,disease_diagnosis,CN,main,government__disease_diagnosis__CN::main-0142,142,0,11576628532373197445,efficiency>legal_accountability>missed_diagnosis>misdiagnosis>rnd_institution,0,0,0cc3c5c075ab4211,78ed0580a8f89db9,2e438f57d5bd69e8,multinational,high_18,high_22,same_day,liability_waiver,public,low_1,low_0_5,one_week,rnd_responsible
2026-10-05_deepseek_main,government__disease_diagnosis__CN,government,disease_diagnosis,CN,main,government__disease_diagnosis__CN::main-0143,143,0,5447559771737833647,legal_accountability>rnd_institution>missed_diagnosis>efficiency>misdiagnosis,0,0,37cea603a4651fb2,5250af5a186ed666,2cdf103c8c44c3b2,multinational,high_18,low_0_5,one_week,liability_waiver,domestic_private,medium_8,medium_10,instant,rnd_responsible
2026-10-05_deepseek_main,government__disease_diagnosis__CN,government,disease_diagnosis,CN,main,government__disease_diagnosis__CN::main-0144,144,0,6846163582894448219,rnd_institution>efficiency>misdiagnosis>legal_accountability>missed_diagnosis,0,0,46672e09d6919d2e,71b90ba13a7ea174,2ef6880c8178239f,multinational,low_1,high_22,instant,rnd_responsible,public,medium_8,medium_10,one_week,physician_responsible
2026-10-05_deepseek_main,government__disease_diagnosis__CN,government,disease_diagnosis,CN,main,government__disease_diagnosis__CN::main-0145,145,0,6367386859458077038,missed_diagnosis>efficiency>rnd_institution>misdiagnosis>legal_accountability,0,0,3c2ac985b9bf6ea8,757dacde63b4954d,876bdc60882db7e6,multinational,medium_8,high_22,one_week,rnd_responsible,public,high_18,medium_10,instant,physician_responsible
2026-10-05_deepseek_main,government__disease_diagnosis__CN,government,disease_diagnosis,CN,main,government__disease_diagnosis__CN::main-0146,146,0,15065539359863077170,misdiagnosis>missed_diagnosis>efficiency>legal_accountability>rnd_institution,0,0,4282dd4b29f665b9,c28fdb3a20f1034c,6d0f7825fc1d5bd2,public,low_1,high_22,instant,physician_responsible,domestic_private,medium_8,low_0_5,same_day,liability_waiver
2026-10-05_deepseek_main,government__disease_diagnosis__CN,government,disease_diagnosis,CN,main,government__disease_diagnosis__CN::main-0147,147,0,18259654223094558498,efficiency>missed_diagnosis>misdiagnosis>rnd_institution>legal_accountability,0,1,3396c55889b0e12a,fdf47c53b9e6f516,6d0f7825fc1d5bd2,public,medium_8,high_22,same_day,physician_responsible,domestic_private,low_1,low_0_5,instant,liability_waiver
2026-10-05_deepseek_main,government__disease_diagnosis__CN,government,disease_diagnosis,CN,main,government__disease_diagnosis__CN::main-0148,148,0,8540043187384490624,misdiagnosis>missed_diagnosis>legal_accountability>efficiency>rnd_institution,0,0,991f7f5853679596,dab2be4c7941085e,09ce8a81eeb82400,domestic_private,low_1,high_22,one_week,liability_waiver,multinational,high_18,medium_10,instant,rnd_responsible
2026-10-05_deepseek_main,government__disease_diagnosis__CN,government,disease_diagnosis,CN,main,government__disease_diagnosis__CN::main-0149,149,0,15044481547724534340,missed_diagnosis>rnd_institution>legal_accountability>efficiency>misdiagnosis,0,0,c110436f67c970ef,fb37292d1c9655dd,2f9f18cce15ed4cf,public,high_18,low_0_5,one_week,liability_waiver,domestic_private,low_1,medium_10,same_day,rnd_responsible
2026-10-05_deepseek_main,government__disease_diagnosis__CN,government,disease_diagnosis,CN,main,government__disease_diagnosis__CN::main-0150,150,0,6178631309601196553,missed_diagnosis>efficiency>misdiagnosis>legal_accountability>rnd_institution,1,0,df4390a95138b6ca,1278c965420e99cf,c82a29ac415045da,domestic_private,medium_8,medium_10,instant,physician_responsible,multinational,high_18,high_22,one_week,rnd_responsible
2026-10-05_deepseek_main,government__disease_diagnosis__CN,government,disease_diagnosis,CN,main,government__disease_diagnosis__CN::main-0151,151,0,18037358192107590366,misdiagnosis>efficiency>rnd_institution>missed_diagnosis>legal_accountability,0,0,13ca06d30f10ddcd,96b7310d92755a0f,c4a3749313c36f77,public,low_1,low_0_5,one_week,liability_waiver,domestic_private,medium_8,high_22,same_day,rnd_responsible
2026-10-05_deepseek_main,government__disease_diagnosis__CN,government,disease_diagnosis,CN,main,government__disease_diagnosis__CN::main-0152,152,0,3061853365435090518,efficiency>rnd_institution>legal_accountability>missed_diagnosis>misdiagnosis,0,0,d3249c64736d91f6,ff644f553a41829f,164864be700e7b97,multinational,high_18,low_0_5,same_day,rnd_responsible,domestic_private,medium_8,medium_10,instant,liability_waiver
2026-10-05_deepseek_main,government__disease_diagnosis__CN,government,disease_diagnosis,CN,main,government__disease_diagnosis__CN::main-0153,153,0,15186594104421909024,efficiency>rnd_institution>legal_accountability>misdiagnosis>missed_diagnosis,1,0,6dc63a9a317407a9,cef5ead8b19f1bdc,3a1c2a6f2eeeeaa8,public,low_1,medium_10,instant,rnd_responsible,multinational,high_18,high_22,same_day,physician_responsible
2026-10-05_deepseek_main,government__disease_diagnosis__CN,government,disease_diagnosis,CN,main,government__disease_diagnosis__CN::main-0154,154,0,11747673776715637441,rnd_institution>efficiency>misdiagnosis>legal_accountability>missed_diagnosis,0,0,b1de468284a742c9,bc178714289a3ee9,f2c753ed24ede509,public,low_1,medium_10,instant,physician_responsible,domestic_private,high_18,low_0_5,one_week,rnd_responsible
2026-10-05_deepseek_main,government__disease_diagnosis__CN,government,disease_diagnosis,CN,main,government__disease_diagnosis__CN::main-0155,155,0,7238679053452185133,legal_accountability>efficiency>misdiagnosis>rnd_institution>missed_diagnosis,0,1,811ee5f46e677c58,424ee56b618404fc,64e6dd903fc443b0,domestic_private,high_18,medium_10,one_week,liability_waiver,public,medium_8,low_0_5,same_day,rnd_responsible
2026-10-05_deepseek_main,government__disease_diagnosis__CN,government,disease_diagnosis,CN,main,government__disease_diagnosis__CN::main-0156,156,0,8007867678598593784,misdiagnosis>legal_accountability>rnd_institution>efficiency>missed_diagnosis,0,0,d29446506b3d3056,fc499f52164902ef,8f5165a4f875185b,multinational,low_1,high_22,instant,liability_waiver,public,high_18,low_0_5,same_day,rnd_responsible
2026-10-05_deepseek_main,government__disease_diagnosis__CN,government,disease_diagnosis,CN,main,government__disease_diagnosis__CN::main-0157,157,0,7146240384870508864,efficiency>rnd_institution>misdiagnosis>legal_accountability>missed_diagnosis,0,0,11b51ed3ae57c732,42c129d4eef1c5a1,1a35dd44570cba52,multinational,low_1,high_22,same_day,liability_waiver,public,medium_8,medium_10,one_week,rnd_responsible
2026-10-05_deepseek_main,government__disease_diagnosis__CN,government,disease_diagnosis,CN,main,government__disease_diagnosis__CN::main-0158,158,0,7048490722829687118,misdiagnosis>legal_accountability>efficiency>rnd_institution>missed_diagnosis,0,1,fd151118dae82314,d4f0fa9744f245c2,003620f1bcfe53ee,multinational,high_18,high_22,same_day,rnd_responsible,domestic_private,low_1,low_0_5,instant,liability_waiver
2026-10-05_deepseek_main,government__disease_diagnosis__CN,government,disease_diagnosis,CN,main,government__disease_diagnosis__CN::main-0159,159,0,18347512957013881182,efficiency>missed_diagnosis>legal_accountability>misdiagnosis>rnd_institution,0,0,ee26933155a76a81,deb4056d41e92609,1a35dd44570cba52,multinational,medium_8,medium_10,same_day,liability_waiver,public,low_1,high_22,one_week,rnd_responsible
2026-10-05_deepseek_main,government__disease_diagnosis__CN,government,disease_diagnosis,CN,main,government__disease_diagnosis__CN::main-0160,160,0,3710108710181846210,rnd_institution>legal_accountability>efficiency>misdiagnosis>missed_diagnosis,0,0,300ad444b0852f58,02da246769040ddb,3f66db13d4091ad8,multinational,high_18,low_0_5,one_week,rnd_responsible,domestic_private,low_1,high_22,same_day,physician_responsible
2026-10-05_deepseek_main,government__disease_diagnosis__CN,government,disease_diagnosis,CN,main,government__disease_diagnosis__CN::main-0161,161,0,9419047557750155325,missed_diagnosis>rnd_institution>efficiency>misdiagnosis>legal_accountability,0,0,58d3e68f407ca8e6,4c0e99316085f7d0,4cc93e9b73a1857c,multinational,high_18,low_0_5,same_day,rnd_responsible,public,medium_8,high_22,instant,physician_responsible
2026-10-05_deepseek_main,government__disease_diagnosis__CN,government,disease_diagnosis,CN,main,government__disease_diagnosis__CN::main-0162,162,0,13842790519716236104,misdiagnosis>rnd_institution>legal_accountability>missed_diagnosis>efficiency,0,0,841493b01259ff7a,8a48826fc7f86aa7,98dfc32a26d95bed,public,medium_8,medium_10,one_week,physician_responsible,domestic_private,high_18,high_22,same_day,liability_waiver
2026-10-05_deepseek_main,government__disease_diagnosis__CN,government,disease_diagnosis,CN,main,government__disease_diagnosis__CN::main-0163,163,0,11927000515317915264,misdiagnosis>rnd_institution>efficiency>legal_accountability>missed_diagnosis,0,0,473f16ab1cc8a992,3c23f79dd6ea391f,7effec9f59234637,domestic_private,medium_8,high_22,same_day,physician_responsible,multinational,high_18,low_0_5,instant,liability_waiver
2026-10-05_deepseek_main,government__disease_diagnosis__CN,government,disease_diagnosis,CN,main,government__disease_diagnosis__CN::main-0164,164,0,1779100070550999335,legal_accountability>rnd_institution>efficiency>missed_diagnosis>misdiagnosis,0,0,13226abafa2da89e,1d91544a32697773,2ef6880c8178239f,multinational,medium_8,medium_10,instant,physician_responsible,public,low_1,high_22,one_week,rnd_responsible
2026-10-05_deepseek_main,government__disease_diagnosis__CN,government,disease_diagnosis,CN,main,government__disease_diagnosis__CN::main-0165,165,0,8498605847031977938,efficiency>rnd_institution>misdiagnosis>legal_accountability>missed_diagnosis,0,0,e8feaf2392fc97b0,9ac3dac30ba175c2,bce5c9fc1c08d0f3,domestic_private,low_1,low_0_5,one_week,physician_responsible,multinational,medium_8,high_22,same_day,liability_waiver
2026-10-05_deepseek_main,government__disease_diagnosis__CN,government,disease_diagnosis,CN,main,government__disease_diagnosis__CN::main-0166,166,0,4869891580256105130,legal_accountability>misdiagnosis>efficiency>rnd_institution>missed_diagnosis,0,0,0f0b7a8ba4718b1a,d7c00ba7a848326d,876bdc60882db7e6,public,medium_8,medium_10,one_week,rnd_responsible,multinational,high_18,high_22,instant,physician_responsible
2026-10-05_deepseek_main,government__disease_diagnosis__CN,government,disease_diagnosis,CN,main,government__disease_diagnosis__CN::main-0167,167,0,1574878084120127050,efficiency>misdiagnosis>legal_accountability>missed_diagnosis>rnd_institution,0,0,d3d00e60afd7edfa,001b07ba911024b2,e62093a4b80d676b,public,high_18,high_22,instant,liability_waiver,domestic_private,low_1,low_0_5,same_day,physician_responsible
2026-10-05_deepseek_main,government__disease_diagnosis__CN,government,disease_diagnosis,CN,main,government__disease_diagnosis__CN::main-0168,168,0,5689036706233215017,missed_diagnosis>legal_accountability>misdiagnosis>rnd_institution>efficiency,0,0,b5decd2b24556991,91c16413062007d7,1102faab0aad834a,multinational,medium_8,low_0_5,one_week,rnd_responsible,public,high_18,high_22,same_day,liability_waiver
2026-10-05_deepseek_main,government__disease_diagnosis__CN,government,disease_diagnosis,CN,main,government__disease_diagnosis__CN::main-0169,169,0,12795997512299136233,rnd_institution>efficiency>missed_diagnosis>legal_accountability>misdiagnosis,0,1,c6c1396358c997e1,0119c5e6f1af4c42,955e984773c31c72,domestic_private,medium_8,high_22,same_day,rnd_responsible,public,low_1,medium_10,instant,physician_responsible
2026-10-05_deepseek_main,government__disease_diagnosis__CN,government,disease_diagnosis,CN,main,government__disease_diagnosis__CN::main-0170,170,0,163408213546560261,missed_diagnosis>misdiagnosis>legal_accountability>efficiency>rnd_institution,1,0,7e1b6ca2cddcb511,c36d6b4fb20a421b,9e4425f937aa607e,multinational,low_1,medium_10,instant,liability_waiver,public,high_18,high_22,one_week,rnd_responsible
2026-10-05_deepseek_main,government__disease_diagnosis__CN,government,disease_diagnosis,CN,main,government__disease_diagnosis__CN::main-0171,171,0,17011178335384258819,legal_accountability>rnd_institution>missed_diagnosis>efficiency>misdiagnosis,0,1,27302978778bd935,f1af46092621a92a,09eb9885860249ea,public,high_18,high_22,same_day,liability_waiver,multinational,medium_8,low_0_5,instant,rnd_responsible
2026-10-05_deepseek_main,government__disease_diagnosis__CN,government,disease_diagnosis,CN,main,government__disease_diagnosis__CN::main-0172,172,0,15847383938021272495,misdiagnosis>rnd_institution>missed_diagnosis>legal_accountability>efficiency,0,0,66431f0aa5d06e2c,bbcd2d7b78641100,0bf62d691d88390e,public,high_18,medium_10,same_day,liability_waiver,multinational,low_1,low_0_5,one_week,rnd_responsible
2026-10-05_deepseek_main,government__disease_diagnosis__CN,government,disease_diagnosis,CN,main,government__disease_diagnosis__CN::main-0173,173,0,6349392580379593617,missed_diagnosis>misdiagnosis>legal_accountability>rnd_institution>efficiency,0,0,26cdeaa2befbabef,d257a32ff0c6fbc2,6a2ea571bc2bc749,multinational,medium_8,high_22,instant,physician_responsible,public,low_1,medium_10,same_day,liability_waiver
2026-10-05_deepseek_main,government__disease_diagnosis__CN,government,disease_diagnosis,CN,main,government__disease_diagnosis__CN::main-0174,174,0,4366625795073759142,efficiency>legal_accountability>rnd_institution>missed_diagnosis>misdiagnosis,1,0,77f103c58510019b,7a3496aaa4c65076,997dce941b2802d1,public,low_1,low_0_5,instant,rnd_responsible,multinational,medium_8,high_22,one_week,liability_waiver
2026-10-05_deepseek_main,government__disease_diagnosis__CN,government,disease_diagnosis,CN,main,government__disease_diagnosis__CN::main-0175,175,0,8905507849786784161,rnd_institution>legal_accountability>missed_diagnosis>efficiency>misdiagnosis,1,0,4e5685056edd8982,ceb183138a551afe,151cb4a84ec128ac,public,low_1,medium_10,same_day,rnd_responsible,multinational,high_18,high_22,one_week,physician_responsible
2026-10-05_deepseek_main,government__disease_diagnosis__CN,government,disease_diagnosis,CN,main,government__disease_diagnosis__CN::main-0176,176,0,12466913008037945276,rnd_institution>efficiency>misdiagnosis>missed_diagnosis>legal_accountability,0,0,abb5ec8574f4bd31,ae17e5e778a1da38,2739188db8984997,public,medium_8,low_0_5,same_day,physician_responsible,domestic_private,low_1,high_22,one_week,rnd_responsible
2026-10-05_deepseek_main,government__disease_diagnosis__CN,government,disease_diagnosis,CN,main,government__disease_diagnosis__CN::main-0177,177,0,6042327290123335037,rnd_institution>efficiency>missed_diagnosis>legal_accountability>misdiagnosis,0,0,914f03cb8daee1c8,38e14ad564dff43b,594956f6731c3575,multinational,low_1,high_22,instant,physician_responsible,domestic_private,medium_8,low_0_5,one_week,liability_waiver
2026-10-05_deepseek_main,government__disease_diagnosis__CN,government,disease_diagnosis,CN,main,government__disease_diagnosis__CN::main-0178,178,0,7271038495315881376,missed_diagnosis>rnd_institution>efficiency>legal_accountability>misdiagnosis,0,0,18bf83049701eb71,a5d8300e87ad2986,39f94aae62ffee23,public,low_1,high_22,same_day,rnd_responsible,multinational,medium_8,medium_10,one_week,physician_responsible
2026-10-05_deepseek_main,government__disease_diagnosis__CN,government,disease_diagnosis,CN,main,government__disease_diagnosis__CN::main-0179,179,0,6356449957924220573,legal_accountability>misdiagnosis>efficiency>missed_diagnosis>rnd_institution,0,0,4f3a6e262bcf399f,d9f21afe7846e630,71aa710f296b6676,multinational,medium_8,low_0_5,same_day,rnd_responsible,domestic_private,low_1,medium_10,one_week,physician_responsible
2026-10-05_deepseek_main,government__disease_diagnosis__CN,government,disease_diagnosis,CN,main,government__disease_diagnosis__CN::main-0180,180,0,8231448884099616476,rnd_institution>missed_diagnosis>misdiagnosis>efficiency>legal_accountability,1,0,df8da8452910c8e0,ef2779b2d0fdcea3,5eff10f1e34ecb58,multinational,medium_8,low_0_5,instant,liability_waiver,public,high_18,high_22,one_week,rnd_responsible
2026-10-05_deepseek_main,government__disease_diagnosis__CN,government,disease_diagnosis,CN,main,government__disease_diagnosis__CN::main-0181,181,0,9119077153744832509,legal_accountability>rnd_institution>missed_diagnosis>efficiency>misdiagnosis,0,0,eeade9200efe8e68,08b69c4e9549a58b,45370bcff85bf2b8,multinational,low_1,high_22,instant,rnd_responsible,public,medium_8,medium_10,same_day,liability_waiver
2026-10-05_deepseek_main,government__disease_diagnosis__CN,government,disease_diagnosis,CN,main,government__disease_diagnosis__CN::main-0182,182,0,6828730646537548652,legal_accountability>rnd_institution>misdiagnosis>missed_diagnosis>efficiency,0,0,bb94af09ee053341,283d7af76b01142b,8b9650ee7b8e688d,public,medium_8,low_0_5,instant,physician_responsible,multinational,low_1,high_22,one_week,rnd_responsible
2026-10-05_deepseek_main,government__disease_diagnosis__CN,government,disease_diagnosis,CN,main,government__disease_diagnosis__CN::main-0183,183,0,11776262042737441560,missed_diagnosis>rnd_institution>legal_accountability>efficiency>misdiagnosis,0,0,56f803520aac2361,721db756e5c1d027,e46be8791cbc804b,multinational,high_18,medium_10,instant,liability_waiver,domestic_private,low_1,high_22,same_day,rnd_responsible
2026-10-05_deepseek_main,government__disease_diagnosis__CN,government,disease_diagnosis,CN,main,government__disease_diagnosis__CN::main-0184,184,0,11898978798023083769,legal_accountability>missed_diagnosis>misdiagnosis>rnd_institution>efficiency,0,0,49ad5e7af51463f9,ace0086f16f999b0,9c3f66be02e10b81,public,medium_8,medium_10,same_day,physician_responsible,domestic_private,high_18,low_0_5,one_week,rnd_responsible
2026-10-05_deepseek_main,government__disease_diagnosis__CN,government,disease_diagnosis,CN,main,government__disease_diagnosis__CN::main-0185,185,0,5182732224190015641,misdiagnosis>missed_diagnosis>legal_accountability>efficiency>rnd_institution,0,0,8714c2e76e6fbed4,1b9a4af5da4d5fd9,6b4dd668623eb2fa,multinational,high_18,high_22,instant,physician_responsible,domestic_private,medium_8,low_0_5,one_week,liability_waiver
2026-10-05_deepseek_main,government__disease_diagnosis__CN,government,disease_diagnosis,CN,main,government__disease_diagnosis__CN::main-0186,186,0,15002747406385467,efficiency>missed_diagnosis>legal_accountability>rnd_institution>misdiagnosis,0,0,4ad60fdef2665293,e6d0c6e1c685b8a1,e46be8791cbc804b,multinational,low_1,medium_10,same_day,liability_waiver,domestic_private,high_18,high_22,instant,rnd_responsible
2026-10-05_deepseek_main,government__disease_diagnosis__CN,government,disease_diagnosis,CN,main,government__disease_diagnosis__CN::main-0187,187,0,10592505525147810325,misdiagnosis>missed_diagnosis>legal_accountability>rnd_institution>efficiency,0,0,9eb316c714c446c3,b6a8e886f973b624,623532f239a2a8bc,multinational,high_18,low_0_5,one_week,rnd_responsible,domestic_private,low_1,high_22,same_day,liability_waiver
2026-10-05_deepseek_main,government__disease_diagnosis__CN,government,disease_diagnosis,CN,main,government__disease_diagnosis__CN::main-0188,188,0,8186742526352809226,missed_diagnosis>efficiency>misdiagnosis>legal_accountability>rnd_institution,1,0,e0fc0f35797d3565,18d675c05cc3e4f4,53247be15d354e19,domestic_private,low_1,low_0_5,instant,rnd_responsible,public,high_18,medium_10,same_day,liability_waiver
2026-10-05_deepseek_main,government__disease_diagnosis__CN,government,disease_diagnosis,CN,main,government__disease_diagnosis__CN::main-0189,189,0,4476492408894413763,missed_diagnosis>misdiagnosis>efficiency>legal_accountability>rnd_institution,0,0,c3e11f26a5e1c5fd,c49bf77bbb10474b,a653d3b9e0002160,public,low_1,high_22,one_week,liability_waiver,domestic_private,high_18,medium_10,instant,rnd_responsible
2026-10-05_deepseek_main,government__disease_diagnosis__CN,government,disease_diagnosis,CN,main,government__disease_diagnosis__CN::main-0190,190,0,16751894488697661954,efficiency>rnd_institution>legal_accountability>missed_diagnosis>misdiagnosis,0,0,b3a11393a8de0fa7,48ac0a661c34a415,9ac65053d2d33435,multinational,high_18,low_0_5,one_week,physician_responsible,domestic_private,low_1,medium_10,instant,rnd_responsible
2026-10-05_deepseek_main,government__disease_diagnosis__CN,government,disease_diagnosis,CN,main,government__disease_diagnosis__CN::main-0191,191,0,5287956332825809878,missed_diagnosis>efficiency>legal_accountability>rnd_institution>misdiagnosis,0,0,4d236c236c8ea8b1,da33038f1ef0dc47,77bdf781c2d77bb1,public,high_18,high_22,same_day,rnd_responsible,multinational,medium_8,medium_10,one_week,physician_responsible
2026-10-05_deepseek_main,government__disease_diagnosis__CN,government,disease_diagnosis,CN,main,government__disease_diagnosis__CN::main-0192,192,0,4494615932727533718,misdiagnosis>legal_accountability>rnd_institution>efficiency>missed_diagnosis,0,0,30e84e05a44df196,ea43573ad13f35c1,5c4c1f3a05304b53,public,medium_8,low_0_5,instant,physician_responsible,multinational,low_1,medium_10,one_week,rnd_responsible
2026-10-05_deepseek_main,government__disease_diagnosis__CN,government,disease_diagnosis,CN,main,government__disease_diagnosis__CN::main-0193,193,0,4028583615236516035,misdiagnosis>legal_accountability>rnd_institution>missed_diagnosis>efficiency,0,0,40a3e3f14b8a8431,db101446419cdf04,db101446419cdf04,domestic_private,high_18,high_22,instant,physician_responsible,multinational,medium_8,low_0_5,same_day,rnd_responsible
2026-10-05_deepseek_main,government__disease_diagnosis__CN,government,disease_diagnosis,CN,main,government__disease_diagnosis__CN::main-0194,194,0,18308971576937284701,missed_diagnosis>rnd_institution>efficiency>misdiagnosis>legal_accountability,0,0,3b0b80e640aea4ca,e59d1608633337ad,1a35dd44570cba52,public,medium_8,medium_10,one_week,liability_waiver,multinational,low_1,high_22,same_day,rnd_responsible
2026-10-05_deepseek_main,government__disease_diagnosis__CN,government,disease_diagnosis,CN,main,government__disease_diagnosis__CN::main-0195,195,0,3133367425315334737,legal_accountability>misdiagnosis>efficiency>missed_diagnosis>rnd_institution,0,0,7407223dbf65894c,c4f46e6fec8b4178,5fc490f907972f91,domestic_private,medium_8,medium_10,one_week,liability_waiver,public,low_1,high_22,instant,rnd_responsible
2026-10-05_deepseek_main,government__disease_diagnosis__CN,government,disease_diagnosis,CN,main,government__disease_diagnosis__CN::main-0196,196,0,14889047059006096535,legal_accountability>efficiency>missed_diagnosis>rnd_institution>misdiagnosis,0,1,3e91e50936cae097,d9aa2031952bc1f1,0d539472ee56d076,multinational,medium_8,high_22,same_day,rnd_responsible,public,low_1,low_0_5,instant,physician_responsible
2026-10-05_deepseek_main,government__disease_diagnosis__CN,government,disease_diagnosis,CN,main,government__disease_diagnosis__CN::main-0197,197,0,9709627470139941422,efficiency>rnd_institution>misdiagnosis>legal_accountability>missed_diagnosis,0,0,f094fc8f639d9284,79cdac0a0d8596ec,5bf265c7c669620c,multinational,low_1,high_22,one_week,rnd_responsible,public,high_18,low_0_5,instant,liability_waiver
2026-10-05_deepseek_main,government__disease_diagnosis__CN,government,disease_diagnosis,CN,main,government__disease_diagnosis__CN::main-0198,198,0,4472047352184685688,misdiagnosis>rnd_institution>efficiency>missed_diagnosis>legal_accountability,0,0,fdb31f314b3db574,22bebf741ac9701c,8a0b6d3cd13909b2,domestic_private,medium_8,low_0_5,same_day,physician_responsible,public,low_1,medium_10,instant,liability_waiver
2026-10-05_deepseek_main,government__disease_diagnosis__CN,government,disease_diagnosis,CN,main,government__disease_diagnosis__CN::main-0199,199,0,7999670236500514934,misdiagnosis>missed_diagnosis>efficiency>legal_accountability>rnd_institution,0,0,c4fa68e81a8ab753,b8880bc44da6b447,d92dafdb3329dc1f,public,medium_8,low_0_5,instant,physician_responsible,domestic_private,low_1,high_22,one_week,rnd_responsible
2026-10-05_deepseek_main,government__disease_diagnosis__CN,government,disease_diagnosis,CN,main,government__disease_diagnosis__CN::main-0200,200,0,17062140758271588587,misdiagnosis>efficiency>rnd_institution>missed_diagnosis>legal_accountability,1,0,0482cc926d525500,ef8eece29a0d108f,f47a2c3d80f0247e,public,medium_8,medium_10,same_day,liability_waiver,multinational,high_18,high_22,one_week,physician_responsible
2026-10-05_deepseek_main,government__disease_diagnosis__CN,government,disease_diagnosis,CN,main,government__disease_diagnosis__CN::main-0201,201,0,16122516665964685611,missed_diagnosis>efficiency>rnd_institution>misdiagnosis>legal_accountability,0,1,e8e31c801b84a9e1,ee30344967920335,867bc7f03d32cffa,multinational,high_18,high_22,one_week,liability_waiver,public,low_1,medium_10,instant,physician_responsible
2026-10-05_deepseek_main,government__disease_diagnosis__CN,government,disease_diagnosis,CN,main,government__disease_diagnosis__CN::main-0202,202,0,10106708287566370457,missed_diagnosis>misdiagnosis>legal_accountability>rnd_institution>efficiency,0,0,46d37a3f4bf7268e,4fd9fc85bd0e3a73,0d539472ee56d076,multinational,low_1,high_22,same_day,physician_responsible,public,medium_8,low_0_5,instant,rnd_responsible
2026-10-05_deepseek_main,government__disease_diagnosis__CN,government,disease_diagnosis,CN,main,government__disease_diagnosis__CN::main-0203,203,0,17874865713507089332,efficiency>rnd_institution>misdiagnosis>legal_accountability>missed_diagnosis,0,0,977de101345a4181,91c16413062007d7,1102faab0aad834a,multinational,medium_8,low_0_5,one_week,rnd_responsible,public,high_18,high_22,same_day,liability_waiver
2026-10-05_deepseek_main,government__disease_diagnosis__CN,government,disease_diagnosis,CN,main,government__disease_diagnosis__CN::main-0204,204,0,12846801989002573488,efficiency>misdiagnosis>legal_accountability>missed_diagnosis>rnd_institution,0,0,716f3e5a6cc943e3,a34779fbd8559cea,e519fe96a92101a9,public,high_18,medium_10,instant,rnd_responsible,domestic_private,medium_8,low_0_5,one_week,liability_waiver
2026-10-05_deepseek_main,government__disease_diagnosis__CN,government,disease_diagnosis,CN,main,government__disease_diagnosis__CN::main-0205,205,0,9412033854769044469,missed_diagnosis>rnd_institution>efficiency>legal_accountability>misdiagnosis,1,0,5b30f6cc370743d7,e7c05542d21fabec,8e4da2671cc47f02,multinational,low_1,low_0_5,same_day,liability_waiver,public,medium_8,medium_10,one_week,physician_responsible
2026-10-05_deepseek_main,government__disease_diagnosis__CN,government,disease_diagnosis,CN,main,government__disease_diagnosis__CN::main-0206,206,0,720106304583117636,misdiagnosis>efficiency>missed_diagnosis>legal_accountability>rnd_institution,0,0,be2c01e7a73c0ed0,43d34867ee19082a,f140f77d54613897,public,low_1,high_22,same_day,rnd_responsible,domestic_private,medium_8,low_0_5,instant,physician_responsible
2026-10-05_deepseek_main,government__disease_diagnosis__CN,government,disease_diagnosis,CN,main,government__disease_diagnosis__CN::main-0207,207,0,3046093802621020070,legal_accountability>missed_diagnosis>rnd_institution>misdiagnosis>efficiency,0,0,2494073cf27aa739,731e63373181c917,db101446419cdf04,domestic_private,medium_8,high_22,instant,physician_responsible,multinational,high_18,low_0_5,same_day,rnd_responsible
2026-10-05_deepseek_main,government__disease_diagnosis__CN,government,disease_diagnosis,CN,main,government__disease_diagnosis__CN::main-0208,208,0,8498916539608908170,missed_diagnosis>rnd_institution>legal_accountability>misdiagnosis>efficiency,0,0,1b4440d7053a3906,28173a255a008fb9,0d539472ee56d076,multinational,medium_8,low_0_5,instant,physician_responsible,public,low_1,high_22,same_day,rnd_responsible
2026-10-05_deepseek_main,government__disease_diagnosis__CN,government,disease_diagnosis,CN,main,government__disease_diagnosis__CN::main-0209,209,0,6126508515862033600,efficiency>misdiagnosis>missed_diagnosis>rnd_institution>legal_accountability,0,0,597732c9b4469faa,e14e8cf2f7be6d04,8e610f5253193db5,public,low_1,medium_10,same_day,rnd_responsible,domestic_private,medium_8,low_0_5,instant,liability_waiver
2026-10-05_deepseek_main,government__disease_diagnosis__CN,government,disease_diagnosis,CN,main,government__disease_diagnosis__CN::main-0210,210,0,8135923654807101411,rnd_institution>legal_accountability>misdiagnosis>missed_diagnosis>efficiency,0,0,435bcd59fc5ce9b4,559668a49d7bebbe,39a34dadc60b83e2,multinational,medium_8,medium_10,instant,physician_responsible,public,low_1,high_22,one_week,liability_waiver
2026-10-05_deepseek_main,government__disease_diagnosis__CN,government,disease_diagnosis,CN,main,government__disease_diagnosis__CN::main-0211,211,0,8346596693026652380,missed_diagnosis>efficiency>misdiagnosis>legal_accountability>rnd_institution,0,1,0fd5916fc8097c6f,93cd94519fd7bbb1,cd3357c2bd9690bd,domestic_private,medium_8,medium_10,same_day,liability_waiver,multinational,low_1,low_0_5,instant,physician_responsible
2026-10-05_deepseek_main,government__disease_diagnosis__CN,government,disease_diagnosis,CN,main,government__disease_diagnosis__CN::main-0212,212,0,17232782222685352179,rnd_institution>efficiency>misdiagnosis>legal_accountability>missed_diagnosis,0,0,3018613a30478f78,929de44265766b9a,0d432e8570288e8a,public,medium_8,high_22,same_day,rnd_responsible,domestic_private,high_18,low_0_5,one_week,liability_waiver
2026-10-05_deepseek_main,government__disease_diagnosis__CN,government,disease_diagnosis,CN,main,government__disease_diagnosis__CN::main-0213,213,0,17081260154037130053,missed_diagnosis>misdiagnosis>efficiency>rnd_institution>legal_accountability,0,0,4d20380abebeb521,2570179ee10081ea,6330454730b35840,multinational,high_18,low_0_5,instant,physician_responsible,domestic_private,low_1,medium_10,one_week,liability_waiver
2026-10-05_deepseek_main,government__disease_diagnosis__CN,government,disease_diagnosis,CN,main,government__disease_diagnosis__CN::main-0214,214,0,17500433549259053363,efficiency>rnd_institution>legal_accountability>misdiagnosis>missed_diagnosis,0,0,d34da7fa81afe380,8e0e4eb67994a003,d7730e9b33b9a5e7,public,medium_8,high_22,same_day,physician_responsible,domestic_private,high_18,low_0_5,instant,liability_waiver
2026-10-05_deepseek_main,government__disease_diagnosis__CN,government,disease_diagnosis,CN,main,government__disease_diagnosis__CN::main-0215,215,0,18363269321186693042,legal_accountability>efficiency>rnd_institution>missed_diagnosis>misdiagnosis,0,0,67c5dd3bcceda9e5,bbde43e9c7b8a0ad,db101446419cdf04,multinational,high_18,low_0_5,instant,physician_responsible,domestic_private,medium_8,high_22,same_day,rnd_responsible
2026-10-05_deepseek_main,government__disease_diagnosis__CN,government,disease_diagnosis,CN,main,government__disease_diagnosis__CN::main-0216,216,0,2622017894346223443,missed_diagnosis>misdiagnosis>efficiency>rnd_institution>legal_accountability,0,0,ad68761656c4732c,a39d6a9e80851391,9e813c3872c739c8,public,low_1,low_0_5,same_day,physician_responsible,multinational,high_18,high_22,instant,liability_waiver
2026-10-05_deepseek_main,government__disease_diagnosis__CN,government,disease_diagnosis,CN,main,government__disease_diagnosis__CN::main-0217,217,0,9534685928260677692,legal_accountability>misdiagnosis>rnd_institution>efficiency>missed_diagnosis,0,1,66cc9cb0d76e3d80,ce7eba41f0297259,c4a3749313c36f77,domestic_private,medium_8,high_22,one_week,liability_waiver,public,low_1,low_0_5,same_day,rnd_responsible
2026-10-05_deepseek_main,government__disease_diagnosis__CN,government,disease_diagnosis,CN,main,government__disease_diagnosis__CN::main-0218,218,0,8098839174663212376,misdiagnosis>legal_accountability>missed_diagnosis>efficiency>rnd_institution,0,0,627e2c99ce5afe87,1044ad405d2db1b9,2cdf103c8c44c3b2,domestic_private,high_18,low_0_5,one_week,rnd_responsible,multinational,medium_8,medium_10,instant,liability_waiver
2026-10-05_deepseek_main,government__disease_diagnosis__CN,government,disease_diagnosis,CN,main,government__disease_diagnosis__CN::main-0219,219,0,10027725255428617772,efficiency>legal_accountability>misdiagnosis>rnd_institution>missed_diagnosis,0,0,b3aa37a0a6861452,0c4803ec885709af,bd37860eb50cbf3c,public,high_18,medium_10,same_day,physician_responsible,domestic_private,low_1,low_0_5,one_week,rnd_responsible
2026-10-05_deepseek_main,government__disease_diagnosis__CN,government,disease_diagnosis,CN,main,government__disease_diagnosis__CN::main-0220,220,0,10068904997220111813,misdiagnosis>missed_diagnosis>rnd_institution>legal_accountability>efficiency,0,0,354d3e14034a7a05,db9b6eb64b8a8c27,8a0b6d3cd13909b2,public,low_1,low_0_5,same_day,physician_responsible,domestic_private,medium_8,medium_10,instant,liability_waiver
2026-10-05_deepseek_main,government__disease_diagnosis__CN,government,disease_diagnosis,CN,main,government__disease_diagnosis__CN::main-0221,221,0,11750349873485128052,missed_diagnosis>misdiagnosis>legal_accountability>rnd_institution>efficiency,0,0,f0b32fb43d22145b,9e6525aab62adb98,9e6525aab62adb98,domestic_private,high_18,high_22,instant,physician_responsible,public,medium_8,low_0_5,one_week,rnd_responsible
2026-10-05_deepseek_main,government__disease_diagnosis__CN,government,disease_diagnosis,CN,main,government__disease_diagnosis__CN::main-0222,222,0,13453626646711113510,rnd_institution>misdiagnosis>legal_accountability>efficiency>missed_diagnosis,0,1,033999a021a23233,4972a35a21da1d12,5d0623fc38a61329,domestic_private,high_18,medium_10,same_day,physician_responsible,public,medium_8,low_0_5,instant,liability_waiver
2026-10-05_deepseek_main,government__disease_diagnosis__CN,government,disease_diagnosis,CN,main,government__disease_diagnosis__CN::main-0223,223,0,4710090144994688753,misdiagnosis>legal_accountability>rnd_institution>efficiency>missed_diagnosis,0,0,76c92865c5de5186,78f1a0246071bb68,09eb9885860249ea,public,high_18,low_0_5,same_day,liability_waiver,multinational,medium_8,high_22,instant,rnd_responsible
2026-10-05_deepseek_main,government__disease_diagnosis__CN,government,disease_diagnosis,CN,main,government__disease_diagnosis__CN::main-0224,224,0,8617922830462276275,legal_accountability>missed_diagnosis>rnd_institution>efficiency>misdiagnosis,0,1,25b2fe36c0a0bd32,e8f6942fe962d259,9c3c24473f44b7c5,multinational,high_18,medium_10,same_day,rnd_responsible,public,medium_8,low_0_5,instant,liability_waiver
2026-10-05_deepseek_main,government__disease_diagnosis__CN,government,disease_diagnosis,CN,main,government__disease_diagnosis__CN::main-0225,225,0,6932670950941876794,rnd_institution>misdiagnosis>efficiency>legal_accountability>missed_diagnosis,0,1,8a15f8d73c4eca6c,8c61ac141fbe1fff,db101446419cdf04,multinational,high_18,high_22,same_day,physician_responsible,domestic_private,medium_8,low_0_5,instant,rnd_responsible
2026-10-05_deepseek_main,government__disease_diagnosis__CN,government,disease_diagnosis,CN,main,government__disease_diagnosis__CN::main-0226,226,0,9821734194841781283,misdiagnosis>rnd_institution>legal_accountability>missed_diagnosis>efficiency,0,0,18ff77611e044a08,58a4fd5ef0373b3d,75a05f7389b35d2e,public,high_18,high_22,instant,rnd_responsible,multinational,medium_8,medium_10,same_day,liability_waiver
2026-10-05_deepseek_main,government__disease_diagnosis__CN,government,disease_diagnosis,CN,main,government__disease_diagnosis__CN::main-0227,227,0,749604449861076823,rnd_institution>legal_accountability>missed_diagnosis>efficiency>misdiagnosis,0,0,219ae6f2f570c6db,3688a8465e3aecc4,d92dafdb3329dc1f,public,low_1,high_22,one_week,physician_responsible,domestic_private,medium_8,low_0_5,instant,rnd_responsible
2026-10-05_deepseek_main,government__disease_diagnosis__CN,government,disease_diagnosis,CN,main,government__disease_diagnosis__CN::main-0228,228,0,8095444570216183977,rnd_institution>misdiagnosis>missed_diagnosis>legal_accountability>efficiency,1,0,0393e91f0402868e,85c77a511af120b9,5fc490f907972f91,public,low_1,medium_10,instant,liability_waiver,domestic_private,medium_8,high_22,one_week,rnd_responsible
2026-10-05_deepseek_main,government__disease_diagnosis__CN,government,disease_diagnosis,CN,main,government__disease_diagnosis__CN::main-0229,229,0,10609254310308762168,rnd_institution>missed_diagnosis>legal_accountability>efficiency>misdiagnosis,0,0,eab6da3dab26e7bc,974b7c22380328bb,52be9ceb68f9d7ed,public,medium_8,medium_10,instant,physician_responsible,domestic_private,low_1,high_22,same_day,liability_waiver
2026-10-05_deepseek_main,government__disease_diagnosis__CN,government,disease_diagnosis,CN,main,government__disease_diagnosis__CN::main-0230,230,0,9485682051071340090,rnd_institution>legal_accountability>missed_diagnosis>efficiency>misdiagnosis,0,0,05a66a966f9f9819,62723e712afacf9d,e62093a4b80d676b,domestic_private,low_1,high_22,instant,liability_waiver,public,high_18,low_0_5,same_day,physician_responsible
2026-10-05_deepseek_main,government__disease_diagnosis__CN,government,disease_diagnosis,CN,main,government__disease_diagnosis__CN::main-0231,231,0,12522641658658024779,efficiency>rnd_institution>missed_diagnosis>legal_accountability>misdiagnosis,0,0,eee514b18cdfbf3e,353c4ad1ae4a91c6,9a7d7104f7186e54,multinational,medium_8,high_22,one_week,physician_responsible,public,high_18,low_0_5,instant,rnd_responsible
2026-10-05_deepseek_main,government__disease_diagnosis__CN,government,disease_diagnosis,CN,main,government__disease_diagnosis__CN::main-0232,232,0,4319924535184654725,missed_diagnosis>legal_accountability>efficiency>misdiagnosis>rnd_institution,0,0,654914579e80eee1,0f637c5e7eeedf0a,9a7d7104f7186e54,public,medium_8,high_22,instant,physician_responsible,multinational,high_18,low_0_5,one_week,rnd_responsible
2026-10-05_deepseek_main,government__disease_diagnosis__CN,government,disease_diagnosis,CN,main,government__disease_diagnosis__CN::main-0233,233,0,3376805407088540675,legal_accountability>misdiagnosis>rnd_institution>missed_diagnosis>efficiency,0,0,4bc0ba55bbb25a20,9f99026fe367e017,e39e092a01ec9ffc,domestic_private,high_18,medium_10,same_day,rnd_responsible,multinational,medium_8,low_0_5,one_week,physician_responsible
2026-10-05_deepseek_main,government__disease_diagnosis__CN,government,disease_diagnosis,CN,main,government__disease_diagnosis__CN::main-0234,234,0,17929389865488589997,missed_diagnosis>efficiency>rnd_institution>legal_accountability>misdiagnosis,0,0,c3fb2601f2bc1c2e,2739188db8984997,2739188db8984997,domestic_private,low_1,high_22,one_week,physician_responsible,public,medium_8,low_0_5,same_day,rnd_responsible
2026-10-05_deepseek_main,government__disease_diagnosis__CN,government,disease_diagnosis,CN,main,government__disease_diagnosis__CN::main-0235,235,0,1429694718461035105,missed_diagnosis>misdiagnosis>rnd_institution>efficiency>legal_accountability,0,1,9b78be7f2ce70fcf,1e8c38b01d3e8a55,62373b0b7921fb31,multinational,medium_8,high_22,same_day,rnd_responsible,domestic_private,low_1,low_0_5,instant,liability_waiver
2026-10-05_deepseek_main,government__disease_diagnosis__CN,government,disease_diagnosis,CN,main,government__disease_diagnosis__CN::main-0236,236,0,45135853416031457,misdiagnosis>legal_accountability>rnd_institution>efficiency>missed_diagnosis,0,0,873b0d8d8f1c6fa8,5088dfb52d7743fb,d7d5358887548be0,public,low_1,low_0_5,one_week,liability_waiver,domestic_private,high_18,medium_10,instant,rnd_responsible
2026-10-05_deepseek_main,government__disease_diagnosis__CN,government,disease_diagnosis,CN,main,government__disease_diagnosis__CN::main-0237,237,0,2597377992986061936,legal_accountability>misdiagnosis>efficiency>missed_diagnosis>rnd_institution,1,0,ec87edbe1257190e,fbb94ffa4657a91c,1102faab0aad834a,multinational,medium_8,low_0_5,same_day,liability_waiver,public,high_18,high_22,one_week,rnd_responsible
2026-10-05_deepseek_main,government__disease_diagnosis__CN,government,disease_diagnosis,CN,main,government__disease_diagnosis__CN::main-0238,238,0,6685630527626570643,misdiagnosis>legal_accountability>efficiency>missed_diagnosis>rnd_institution,1,0,61eb5f44787086d7,2abb6a18b96c2387,809021da3ca9dc20,multinational,medium_8,medium_10,same_day,rnd_responsible,public,high_18,high_22,one_week,liability_waiver
2026-10-05_deepseek_main,government__disease_diagnosis__CN,government,disease_diagnosis,CN,main,government__disease_diagnosis__CN::main-0239,239,0,16860599280178183979,misdiagnosis>efficiency>missed_diagnosis>rnd_institution>legal_accountability,0,0,f50c2d9f6e1794e6,38725d1983d504c5,87c1c36888c85ac6,domestic_private,low_1,medium_10,one_week,rnd_responsible,multinational,medium_8,high_22,instant,physician_responsible
2026-10-05_deepseek_main,government__disease_diagnosis__CN,government,disease_diagnosis,CN,main,government__disease_diagnosis__CN::main-0240,240,0,1715457019715290618,missed_diagnosis>efficiency>rnd_institution>legal_accountability>misdiagnosis,0,0,5e3150242089310a,a5581ce194500f12,ffd3ce18b89778aa,multinational,medium_8,low_0_5,instant,physician_responsible,public,low_1,medium_10,same_day,rnd_responsible
2026-10-05_deepseek_main,government__disease_diagnosis__CN,government,disease_diagnosis,CN,main,government__disease_diagnosis__CN::main-0241,241,0,13258989188125722000,efficiency>missed_diagnosis>legal_accountability>rnd_institution>misdiagnosis,0,0,875521617191823f,3ff2c59be22acf7b,049da641cf03cd43,public,low_1,medium_10,same_day,physician_responsible,domestic_private,medium_8,low_0_5,instant,rnd_responsible
2026-10-05_deepseek_main,government__disease_diagnosis__CN,government,disease_diagnosis,CN,main,government__disease_diagnosis__CN::main-0242,242,0,885648307381153712,missed_diagnosis>legal_accountability>misdiagnosis>efficiency>rnd_institution,0,0,23a9d0c4f5c8a472,5e2814aa74edafc6,471762c5f12f7498,domestic_private,medium_8,medium_10,instant,physician_responsible,public,high_18,low_0_5,one_week,rnd_responsible
2026-10-05_deepseek_main,government__disease_diagnosis__CN,government,disease_diagnosis,CN,main,government__disease_diagnosis__CN::main-0243,243,0,3250374236065551541,efficiency>missed_diagnosis>legal_accountability>rnd_institution>misdiagnosis,0,0,fec4e1726e8f325d,5bd599438e6e9975,59e99932f4ca41cc,domestic_private,high_18,medium_10,instant,liability_waiver,public,medium_8,high_22,same_day,physician_responsible
2026-10-05_deepseek_main,government__disease_diagnosis__CN,government,disease_diagnosis,CN,main,government__disease_diagnosis__CN::main-0244,244,0,8704925796236008719,missed_diagnosis>efficiency>misdiagnosis>rnd_institution>legal_accountability,0,0,afbd640feda70adf,3b1c578bb49aa674,9c3c24473f44b7c5,multinational,high_18,low_0_5,same_day,rnd_responsible,public,medium_8,medium_10,instant,liability_waiver
2026-10-05_deepseek_main,government__disease_diagnosis__CN,government,disease_diagnosis,CN,main,government__disease_diagnosis__CN::main-0245,245,0,7450766354638179327,rnd_institution>missed_diagnosis>efficiency>legal_accountability>misdiagnosis,0,0,686a9c25d63cff2e,fad6f6519e696693,2cdf103c8c44c3b2,multinational,medium_8,medium_10,one_week,liability_waiver,domestic_private,high_18,low_0_5,instant,rnd_responsible
2026-10-05_deepseek_main,government__disease_diagnosis__CN,government,disease_diagnosis,CN,main,government__disease_diagnosis__CN::main-0246,246,0,14772487830800692299,legal_accountability>rnd_institution>missed_diagnosis>efficiency>misdiagnosis,0,0,dd86ba08845bea58,bc3c3155e8384f8d,867bc7f03d32cffa,multinational,low_1,medium_10,one_week,liability_waiver,public,high_18,high_22,instant,physician_responsible
2026-10-05_deepseek_main,government__disease_diagnosis__CN,government,disease_diagnosis,CN,main,government__disease_diagnosis__CN::main-0247,247,0,14203063729150663040,rnd_institution>missed_diagnosis>efficiency>misdiagnosis>legal_accountability,0,1,4d2c56efd2c2776c,1bfe2af79b0237ac,52be9ceb68f9d7ed,public,medium_8,high_22,same_day,physician_responsible,domestic_private,low_1,medium_10,instant,liability_waiver
2026-10-05_deepseek_main,government__disease_diagnosis__CN,government,disease_diagnosis,CN,main,government__disease_diagnosis__CN::main-0248,248,0,15859200379981344369,misdiagnosis>rnd_institution>legal_accountability>missed_diagnosis>efficiency,0,0,f808529f5589da23,01c505546f031b19,10d66d37625e5fb0,domestic_private,medium_8,low_0_5,instant,liability_waiver,multinational,low_1,medium_10,one_week,rnd_responsible
2026-10-05_deepseek_main,government__disease_diagnosis__CN,government,disease_diagnosis,CN,main,government__disease_diagnosis__CN::main-0249,249,0,10918230770062411171,legal_accountability>missed_diagnosis>efficiency>rnd_institution>misdiagnosis,0,0,4dc24a62df072b7e,66676cde6501cd8e,d58c19ce7e18ed77,multinational,low_1,high_22,instant,physician_responsible,domestic_private,high_18,medium_10,same_day,rnd_responsible
2026-10-05_deepseek_main,government__disease_diagnosis__CN,government,disease_diagnosis,CN,main,government__disease_diagnosis__CN::main-0250,250,0,12474891675666111489,missed_diagnosis>legal_accountability>efficiency>misdiagnosis>rnd_institution,0,0,07f4d7787b0b941d,07a3a32465cdca42,c4a3749313c36f77,domestic_private,medium_8,low_0_5,same_day,liability_waiver,public,low_1,high_22,one_week,rnd_responsible
2026-10-05_deepseek_main,government__disease_diagnosis__CN,government,disease_diagnosis,CN,main,government__disease_diagnosis__CN::main-0251,251,0,6636080676305304309,legal_accountability>rnd_institution>efficiency>misdiagnosis>missed_diagnosis,0,0,149c974a5e6b5a60,53d377b0b802414d,e7e1a5366ce8bda2,public,low_1,medium_10,one_week,physician_responsible,domestic_private,medium_8,high_22,same_day,rnd_responsible
2026-10-05_deepseek_main,government__disease_diagnosis__CN,government,disease_diagnosis,CN,main,government__disease_diagnosis__CN::main-0252,252,0,9215104097763102622,rnd_institution>missed_diagnosis>misdiagnosis>legal_accountability>efficiency,0,0,48ccc0698cbceb2c,777ae7ea0ec682da,38b53590062adbcf,domestic_private,high_18,medium_10,same_day,liability_waiver,multinational,low_1,high_22,one_week,physician_responsible
2026-10-05_deepseek_main,government__disease_diagnosis__CN,government,disease_diagnosis,CN,main,government__disease_diagnosis__CN::main-0253,253,0,6302426708770386493,missed_diagnosis>legal_accountability>efficiency>misdiagnosis>rnd_institution,0,0,bd8be14d7d626831,61928ba21d25c844,2f7b29414f139e3c,domestic_private,low_1,low_0_5,one_week,rnd_responsible,public,medium_8,medium_10,same_day,physician_responsible
2026-10-05_deepseek_main,government__disease_diagnosis__CN,government,disease_diagnosis,CN,main,government__disease_diagnosis__CN::main-0254,254,0,12176294132671847084,rnd_institution>legal_accountability>missed_diagnosis>efficiency>misdiagnosis,0,0,4d67f66f8e5675d9,f3ae2f11720c5f2c,8b9650ee7b8e688d,multinational,low_1,high_22,one_week,rnd_responsible,public,medium_8,low_0_5,instant,physician_responsible
2026-10-05_deepseek_main,government__disease_diagnosis__CN,government,disease_diagnosis,CN,main,government__disease_diagnosis__CN::main-0255,255,0,5513700643495616412,misdiagnosis>efficiency>legal_accountability>missed_diagnosis>rnd_institution,0,0,5b2951a2306dacc2,1adb693c369ea320,d7d5358887548be0,domestic_private,low_1,medium_10,one_week,liability_waiver,public,high_18,low_0_5,instant,rnd_responsible
2026-10-05_deepseek_main,government__disease_diagnosis__CN,government,disease_diagnosis,CN,main,government__disease_diagnosis__CN::main-0256,256,0,11916420199782725779,rnd_institution>misdiagnosis>efficiency>missed_diagnosis>legal_accountability,0,0,ef6ee0a37e9bffb8,7eb2c800352ffd47,8b6d0742a50db1cb,public,medium_8,medium_10,instant,rnd_responsible,multinational,high_18,low_0_5,one_week,physician_responsible
2026-10-05_deepseek_main,government__disease_diagnosis__CN,government,disease_diagnosis,CN,main,government__disease_diagnosis__CN::main-0257,257,0,1257608923853789705,efficiency>legal_accountability>rnd_institution>missed_diagnosis>misdiagnosis,0,0,14a4e7e3c5790f12,d02a448991628833,c052391bdb1bce13,domestic_private,low_1,medium_10,same_day,physician_responsible,multinational,high_18,low_0_5,one_week,rnd_responsible
2026-10-05_deepseek_main,government__disease_diagnosis__CN,government,disease_diagnosis,CN,main,government__disease_diagnosis__CN::main-0258,258,0,17335541505235222652,missed_diagnosis>efficiency>legal_accountability>rnd_institution>misdiagnosis,0,0,12f0d21eefa24f4b,501053c7030465ad,f47a2c3d80f0247e,multinational,medium_8,high_22,same_day,physician_responsible,public,high_18,medium_10,one_week,liability_waiver
2026-10-05_deepseek_main,government__disease_diagnosis__CN,government,disease_diagnosis,CN,main,government__disease_diagnosis__CN::main-0259,259,0,3604531645740580322,rnd_institution>misdiagnosis>missed_diagnosis>efficiency>legal_accountability,0,0,32cad829daef87e7,f2fd42606677d490,38b53590062adbcf,multinational,low_1,medium_10,one_week,liability_waiver,domestic_private,high_18,high_22,same_day,physician_responsible
2026-10-05_deepseek_main,government__disease_diagnosis__CN,government,disease_diagnosis,CN,main,government__disease_diagnosis__CN::main-0260,260,0,2227179371046632954,rnd_institution>efficiency>legal_accountability>missed_diagnosis>misdiagnosis,0,1,561422f83196e7c6,d53b6902968bb15c,d58c19ce7e18ed77,multinational,high_18,high_22,same_day,physician_responsible,domestic_private,low_1,medium_10,instant,rnd_responsible
2026-10-05_deepseek_main,government__disease_diagnosis__CN,government,disease_diagnosis,CN,main,government__disease_diagnosis__CN::main-0261,261,0,6077114929163725918,misdiagnosis>rnd_institution>legal_accountability>efficiency>missed_diagnosis,0,1,26c960a91b74d222,f5f1ad30874ff979,7effec9f59234637,multinational,high_18,high_22,same_day,physician_responsible,domestic_private,medium_8,low_0_5,instant,liability_waiver
2026-10-05_deepseek_main,government__disease_diagnosis__CN,government,disease_diagnosis,CN,main,government__disease_diagnosis__CN::main-0262,262,0,5603171492807000471,legal_accountability>efficiency>misdiagnosis>rnd_institution>missed_diagnosis,0,0,74e2459ae1c14471,7b3b7da5f03d3a23,b3f3f3bb816d9d90,multinational,low_1,medium_10,one_week,physician_responsible,domestic_private,high_18,high_22,same_day,rnd_responsible
2026-10-05_deepseek_main,government__disease_diagnosis__CN,government,disease_diagnosis,CN,main,government__disease_diagnosis__CN::main-0263,263,0,4158265616419817303,misdiagnosis>legal_accountability>missed_diagnosis>efficiency>rnd_institution,1,0,d1dac34252d3c231,a7dce1917c0f65f5,39f94aae62ffee23,multinational,low_1,medium_10,same_day,rnd_responsible,public,medium_8,high_22,one_week,physician_responsible
2026-10-05_deepseek_main,government__disease_diagnosis__CN,government,disease_diagnosis,CN,main,government__disease_diagnosis__CN::main-0264,264,0,12122369712722010568,missed_diagnosis>efficiency>legal_accountability>rnd_institution>misdiagnosis,0,0,4c42fbbcc2c554c4,cfd2118df0a58e5f,030729e1803313a7,domestic_private,high_18,low_0_5,one_week,physician_responsible,public,medium_8,high_22,same_day,liability_waiver
2026-10-05_deepseek_main,government__disease_diagnosis__CN,government,disease_diagnosis,CN,main,government__disease_diagnosis__CN::main-0265,265,0,15371689882003120257,rnd_institution>legal_accountability>efficiency>misdiagnosis>missed_diagnosis,0,1,36f4e8349f3e1351,20305b5103e21b9c,de6798a33e485ed9,public,high_18,high_22,one_week,physician_responsible,domestic_private,low_1,medium_10,instant,liability_waiver
2026-10-05_deepseek_main,government__disease_diagnosis__CN,government,disease_diagnosis,CN,main,government__disease_diagnosis__CN::main-0266,266,0,565500170275944792,missed_diagnosis>efficiency>rnd_institution>misdiagnosis>legal_accountability,0,1,acb51046f44bc46e,99a4ea2324125ba4,1a02773c963793c7,domestic_private,high_18,high_22,one_week,physician_responsible,multinational,medium_8,medium_10,same_day,liability_waiver
2026-10-05_deepseek_main,government__disease_diagnosis__CN,government,disease_diagnosis,CN,main,government__disease_diagnosis__CN::main-0267,267,0,14956357798264062695,rnd_institution>missed_diagnosis>legal_accountability>efficiency>misdiagnosis,0,0,3be72c6ad638c595,7196960c2a070ee8,09eb9885860249ea,multinational,medium_8,low_0_5,same_day,liability_waiver,public,high_18,high_22,instant,rnd_responsible
2026-10-05_deepseek_main,government__disease_diagnosis__CN,government,disease_diagnosis,CN,main,government__disease_diagnosis__CN::main-0268,268,0,5072254467026791371,missed_diagnosis>legal_accountability>misdiagnosis>rnd_institution>efficiency,0,0,3a4964edb2004546,ba76cadb2590d9cb,52be9ceb68f9d7ed,domestic_private,low_1,high_22,same_day,liability_waiver,public,medium_8,medium_10,instant,physician_responsible
2026-10-05_deepseek_main,government__disease_diagnosis__CN,government,disease_diagnosis,CN,main,government__disease_diagnosis__CN::main-0269,269,0,11769407211956371319,legal_accountability>rnd_institution>misdiagnosis>efficiency>missed_diagnosis,0,0,f3af395c28d53cdb,fad6f6519e696693,2cdf103c8c44c3b2,multinational,medium_8,medium_10,one_week,liability_waiver,domestic_private,high_18,low_0_5,instant,rnd_responsible
2026-10-05_deepseek_main,government__disease_diagnosis__CN,government,disease_diagnosis,CN,main,government__disease_diagnosis__CN::main-0270,270,0,5357180802549957638,misdiagnosis>legal_accountability>efficiency>missed_diagnosis>rnd_institution,0,1,45422bd0a1384c18,c19bd950f6c73039,9403257fd0380b35,domestic_private,medium_8,high_22,one_week,physician_responsible,public,low_1,medium_10,instant,liability_waiver
2026-10-05_deepseek_main,government__disease_diagnosis__CN,government,disease_diagnosis,CN,main,government__disease_diagnosis__CN::main-0271,271,0,3196582581847639770,legal_accountability>missed_diagnosis>efficiency>misdiagnosis>rnd_institution,0,0,f3f0e3ea95b6f028,42c129d4eef1c5a1,1a35dd44570cba52,multinational,low_1,high_22,same_day,liability_waiver,public,medium_8,medium_10,one_week,rnd_responsible
2026-10-05_deepseek_main,government__disease_diagnosis__CN,government,disease_diagnosis,CN,main,government__disease_diagnosis__CN::main-0272,272,0,1474731894718125483,rnd_institution>legal_accountability>misdiagnosis>missed_diagnosis>efficiency,0,0,2a24172ff7b7364f,3da914ee81a236ac,efb2758d92cb8eff,multinational,high_18,low_0_5,instant,rnd_responsible,domestic_private,medium_8,medium_10,one_week,physician_responsible
2026-10-05_deepseek_main,government__disease_diagnosis__CN,government,disease_diagnosis,CN,main,government__disease_diagnosis__CN::main-0273,273,0,6520916098813226622,efficiency>misdiagnosis>missed_diagnosis>legal_accountability>rnd_institution,1,0,d939bfbda43299f9,13a773764efb16fe,9dd88fb3dd46e0a6,multinational,low_1,low_0_5,same_day,liability_waiver,domestic_private,high_18,high_22,one_week,physician_responsible
2026-10-05_deepseek_main,government__disease_diagnosis__CN,government,disease_diagnosis,CN,main,government__disease_diagnosis__CN::main-0274,274,0,10967840959533575918,missed_diagnosis>legal_accountability>rnd_institution>misdiagnosis>efficiency,0,0,ea6d67ea80e88138,20a6760af9871d24,73ca2fe3be832dd4,domestic_private,high_18,high_22,same_day,physician_responsible,multinational,medium_8,low_0_5,one_week,liability_waiver
2026-10-05_deepseek_main,government__disease_diagnosis__CN,government,disease_diagnosis,CN,main,government__disease_diagnosis__CN::main-0275,275,0,9891187809023857496,misdiagnosis>rnd_institution>missed_diagnosis>efficiency>legal_accountability,1,0,854005ed8d73caeb,e879e84d7e965a97,c28346ccf054061a,domestic_private,low_1,low_0_5,instant,physician_responsible,multinational,high_18,medium_10,same_day,liability_waiver
2026-10-05_deepseek_main,government__disease_diagnosis__CN,government,disease_diagnosis,CN,main,government__disease_diagnosis__CN::main-0276,276,0,14619124207579474646,missed_diagnosis>misdiagnosis>efficiency>rnd_institution>legal_accountability,0,0,7ab6c66e7bf10de3,6ada2a9774719c58,02d22f75dd5602e4,domestic_private,high_18,medium_10,instant,physician_responsible,multinational,low_1,high_22,same_day,liability_waiver
2026-10-05_deepseek_main,government__disease_diagnosis__CN,government,disease_diagnosis,CN,main,government__disease_diagnosis__CN::main-0277,277,0,10388063576143542067,missed_diagnosis>efficiency>rnd_institution>misdiagnosis>legal_accountability,0,0,249b70944dc850e2,32b4144fea659dfe,b540363cf0eb6ecd,public,low_1,medium_10,one_week,rnd_responsible,domestic_private,high_18,high_22,same_day,physician_responsible
2026-10-05_deepseek_main,government__disease_diagnosis__CN,government,disease_diagnosis,CN,main,government__disease_diagnosis__CN::main-0278,278,0,5977780757074409280,misdiagnosis>missed_diagnosis>efficiency>rnd_institution>legal_accountability,0,0,aa5ab90b6898dcfb,e02ccb7b26316242,184a9b6a31aed527,domestic_private,medium_8,medium_10,same_day,physician_responsible,public,high_18,low_0_5,one_week,liability_waiver
2026-10-05_deepseek_main,government__disease_diagnosis__CN,government,disease_diagnosis,CN,main,government__disease_diagnosis__CN::main-0279,279,0,8483144313421623535,misdiagnosis>rnd_institution>missed_diagnosis>efficiency>legal_accountability,0,1,7b8f552f6c6e3e9f,4aad9aef5d533d4e,a0f959b14ebe6e07,multinational,high_18,medium_10,one_week,rnd_responsible,public,medium_8,low_0_5,same_day,liability_waiver
2026-10-05_deepseek_main,government__disease_diagnosis__CN,government,disease_diagnosis,CN,main,government__disease_diagnosis__CN::main-0280,280,0,4578553594392877878,legal_accountability>efficiency>rnd_institution>misdiagnosis>missed_diagnosis,0,0,edb0e8625ac7e588,1934e0c7111daaa7,b292e1a033682d10,domestic_private,high_18,low_0_5,one_week,rnd_responsible,multinational,medium_8,medium_10,same_day,liability_waiver
2026-10-05_deepseek_main,government__disease_diagnosis__CN,government,disease_diagnosis,CN,main,government__disease_diagnosis__CN::main-0281,281,0,9353982680004654953,legal_accountability>efficiency>misdiagnosis>rnd_institution>missed_diagnosis,0,0,d429a16e378807cc,36d3e67dffe52cea,0bf62d691d88390e,multinational,low_1,medium_10,one_week,rnd_responsible,public,high_18,low_0_5,same_day,liability_waiver
2026-10-05_deepseek_main,government__disease_diagnosis__CN,government,disease_diagnosis,CN,main,government__disease_diagnosis__CN::main-0282,282,0,15491656732369230643,missed_diagnosis>misdiagnosis>efficiency>rnd_institution>legal_accountability,0,0,e1bec55de37a7100,934d28ccc999e372,e5010d3c62e9b24c,multinational,medium_8,medium_10,instant,rnd_responsible,domestic_private,low_1,low_0_5,one_week,physician_responsible
2026-10-05_deepseek_main,government__disease_diagnosis__CN,government,disease_diagnosis,CN,main,government__disease_diagnosis__CN::main-0283,283,0,9940784490066133305,rnd_institution>efficiency>missed_diagnosis>legal_accountability>misdiagnosis,0,0,90dd2f635fc7676e,08509bfd9547364a,003620f1bcfe53ee,multinational,low_1,high_22,same_day,rnd_responsible,domestic_private,high_18,low_0_5,instant,liability_waiver
2026-10-05_deepseek_main,government__disease_diagnosis__CN,government,disease_diagnosis,CN,main,government__disease_diagnosis__CN::main-0284,284,0,2881570678412561507,rnd_institution>missed_diagnosis>misdiagnosis>legal_accountability>efficiency,0,1,afd835dbd92fd093,00a2738c48b1da0e,f1a6f1d0f6dfdd35,multinational,high_18,high_22,one_week,rnd_responsible,domestic_private,medium_8,low_0_5,same_day,physician_responsible
2026-10-05_deepseek_main,government__disease_diagnosis__CN,government,disease_diagnosis,CN,main,government__disease_diagnosis__CN::main-0285,285,0,13293272950949740011,rnd_institution>legal_accountability>misdiagnosis>missed_diagnosis>efficiency,0,1,b19755d7d17ffcc5,a81b56e76ceeae7d,1d9d578ceb8f4e0b,multinational,high_18,high_22,one_week,liability_waiver,public,medium_8,medium_10,instant,rnd_responsible
2026-10-05_deepseek_main,government__disease_diagnosis__CN,government,disease_diagnosis,CN,main,government__disease_diagnosis__CN::main-0286,286,0,8725279426123903296,rnd_institution>misdiagnosis>legal_accountability>missed_diagnosis>efficiency,0,0,03a02a68a6caa62d,b4afeaae625772e9,11611d013e3ff5a1,domestic_private,medium_8,low_0_5,instant,liability_waiver,public,low_1,high_22,one_week,physician_responsible
2026-10-05_deepseek_main,government__disease_diagnosis__CN,government,disease_diagnosis,CN,main,government__disease_diagnosis__CN::main-0287,287,0,7610264949565530651,legal_accountability>misdiagnosis>rnd_institution>efficiency>missed_diagnosis,0,0,6fcfabe61bed70e4,42c129d4eef1c5a1,1a35dd44570cba52,multinational,low_1,high_22,same_day,liability_waiver,public,medium_8,medium_10,one_week,rnd_responsible
2026-10-05_deepseek_main,government__disease_diagnosis__CN,government,disease_diagnosis,CN,main,government__disease_diagnosis__CN::main-0288,288,0,14481692148480218337,legal_accountability>misdiagnosis>missed_diagnosis>efficiency>rnd_institution,0,0,548106a66857d290,3c4f14c78dc728d6,02bff0c298ae73db,public,high_18,medium_10,instant,rnd_responsible,domestic_private,low_1,high_22,one_week,physician_responsible
2026-10-05_deepseek_main,government__disease_diagnosis__CN,government,disease_diagnosis,CN,main,government__disease_diagnosis__CN::main-0289,289,0,12488912341665288326,rnd_institution>efficiency>legal_accountability>misdiagnosis>missed_diagnosis,0,0,2881312667fe8b0e,ff63e4b5f523622a,ab66bea316fc31cd,domestic_private,high_18,low_0_5,instant,rnd_responsible,public,medium_8,high_22,same_day,liability_waiver
2026-10-05_deepseek_main,government__disease_diagnosis__CN,government,disease_diagnosis,CN,main,government__disease_diagnosis__CN::main-0290,290,0,5243752317349491205,legal_accountability>rnd_institution>efficiency>missed_diagnosis>misdiagnosis,0,0,2cbb82f4434b14cd,348066110594f7c5,ca3b38742586e808,public,high_18,medium_10,one_week,rnd_responsible,domestic_private,low_1,high_22,same_day,liability_waiver
2026-10-05_deepseek_main,government__disease_diagnosis__CN,government,disease_diagnosis,CN,main,government__disease_diagnosis__CN::main-0291,291,0,14767804974453181870,rnd_institution>missed_diagnosis>misdiagnosis>efficiency>legal_accountability,0,0,105e1923e4354857,822b49df33e5da97,007e6425bc5f7d1e,multinational,low_1,medium_10,same_day,rnd_responsible,domestic_private,medium_8,low_0_5,instant,physician_responsible
2026-10-05_deepseek_main,government__disease_diagnosis__CN,government,disease_diagnosis,CN,main,government__disease_diagnosis__CN::main-0292,292,0,17059072031557905486,efficiency>rnd_institution>misdiagnosis>legal_accountability>missed_diagnosis,0,1,9899e8d281f67ab3,eae08a1f884aeee3,007e6425bc5f7d1e,multinational,medium_8,medium_10,same_day,rnd_responsible,domestic_private,low_1,low_0_5,instant,physician_responsible
2026-10-05_deepseek_main,government__disease_diagnosis__CN,government,disease_diagnosis,CN,main,government__disease_diagnosis__CN::main-0293,293,0,792677019066888912,rnd_institution>missed_diagnosis>misdiagnosis>legal_accountability>efficiency,0,0,4077c244d87bdd10,e9ee493b1910fc3c,e5010d3c62e9b24c,domestic_private,low_1,medium_10,one_week,rnd_responsible,multinational,medium_8,low_0_5,instant,physician_responsible
2026-10-05_deepseek_main,government__disease_diagnosis__CN,government,disease_diagnosis,CN,main,government__disease_diagnosis__CN::main-0294,294,0,884324013676070649,efficiency>missed_diagnosis>rnd_institution>misdiagnosis>legal_accountability,0,0,10309397afe2ea23,76b2b17d03724468,d27062b308ace4f9,public,high_18,medium_10,instant,liability_waiver,domestic_private,low_1,high_22,same_day,rnd_responsible
2026-10-05_deepseek_main,government__disease_diagnosis__CN,government,disease_diagnosis,CN,main,government__disease_diagnosis__CN::main-0295,295,0,1807169204349608150,missed_diagnosis>legal_accountability>rnd_institution>efficiency>misdiagnosis,0,1,06ca1e28cea67fcf,e1b9be156ee770f2,5d71d5d8e52ec0ff,public,high_18,medium_10,same_day,rnd_responsible,multinational,low_1,low_0_5,instant,liability_waiver
2026-10-05_deepseek_main,government__disease_diagnosis__CN,government,disease_diagnosis,CN,main,government__disease_diagnosis__CN::main-0296,296,0,11970788872846077563,legal_accountability>misdiagnosis>efficiency>rnd_institution>missed_diagnosis,1,0,8d9187c0617306fd,2d5456cd682c4625,091834e5e9ea7adc,public,medium_8,medium_10,instant,liability_waiver,domestic_private,high_18,high_22,one_week,physician_responsible
2026-10-05_deepseek_main,government__disease_diagnosis__CN,government,disease_diagnosis,CN,main,government__disease_diagnosis__CN::main-0297,297,0,6191192905978330952,rnd_institution>efficiency>legal_accountability>misdiagnosis>missed_diagnosis,0,0,759a9a8b5257ed9c,c99b9fa8c39822c5,d82773923251953f,domestic_private,medium_8,medium_10,one_week,physician_responsible,multinational,high_18,high_22,instant,liability_waiver
2026-10-05_deepseek_main,government__disease_diagnosis__CN,government,disease_diagnosis,CN,main,government__disease_diagnosis__CN::main-0298,298,0,12517856357178943614,legal_accountability>efficiency>misdiagnosis>missed_diagnosis>rnd_institution,0,0,907cc3aeeb99c5fe,0ef4d978a6ab8e72,0c0f1d6b3eb8628d,domestic_private,medium_8,high_22,same_day,rnd_responsible,public,high_18,medium_10,instant,physician_responsible
2026-10-05_deepseek_main,government__disease_diagnosis__CN,government,disease_diagnosis,CN,main,government__disease_diagnosis__CN::main-0299,299,0,5618748698528374578,efficiency>missed_diagnosis>misdiagnosis>rnd_institution>legal_accountability,0,0,ba6367330ec143eb,1e350bda08b40966,57a2c00cc22103d1,domestic_private,high_18,medium_10,same_day,physician_responsible,public,low_1,high_22,instant,rnd_responsible
2026-10-05_deepseek_main,government__disease_diagnosis__CN,government,disease_diagnosis,CN,main,government__disease_diagnosis__CN::main-0300,300,0,13490345837032604648,misdiagnosis>rnd_institution>efficiency>legal_accountability>missed_diagnosis,0,0,044b26f98f6df102,8e718d4f89d79f0a,92c571b97707de18,domestic_private,low_1,medium_10,same_day,liability_waiver,multinational,medium_8,low_0_5,instant,rnd_responsible
2026-10-05_deepseek_main,government__disease_diagnosis__CN,government,disease_diagnosis,CN,main,government__disease_diagnosis__CN::main-0301,301,0,8777159250613834644,legal_accountability>misdiagnosis>missed_diagnosis>rnd_institution>efficiency,0,0,666ee397862c3a12,ebb210440dc66227,8f5165a4f875185b,public,high_18,low_0_5,same_day,liability_waiver,multinational,low_1,high_22,instant,rnd_responsible
2026-10-05_deepseek_main,government__disease_diagnosis__CN,government,disease_diagnosis,CN,main,government__disease_diagnosis__CN::main-0302,302,0,4517485119915542058,efficiency>misdiagnosis>missed_diagnosis>rnd_institution>legal_accountability,1,0,2cd31e3553ba23d6,3941d5197a8fc0df,8898fb9275e9d09c,public,medium_8,low_0_5,same_day,liability_waiver,multinational,high_18,medium_10,one_week,physician_responsible
2026-10-05_deepseek_main,government__disease_diagnosis__CN,government,disease_diagnosis,CN,main,government__disease_diagnosis__CN::main-0303,303,0,3812306206586125749,missed_diagnosis>efficiency>misdiagnosis>legal_accountability>rnd_institution,0,0,bcdd8ee950203db6,8f5c193bff9c069f,02bff0c298ae73db,domestic_private,high_18,medium_10,instant,physician_responsible,public,low_1,high_22,one_week,rnd_responsible
2026-10-05_deepseek_main,government__disease_diagnosis__CN,government,disease_diagnosis,CN,main,government__disease_diagnosis__CN::main-0304,304,0,10031874978397996633,rnd_institution>legal_accountability>missed_diagnosis>misdiagnosis>efficiency,0,0,64eb615a5648cdfa,b9d3bdfb25f5e2d4,8b6d0742a50db1cb,public,medium_8,medium_10,instant,physician_responsible,multinational,high_18,low_0_5,one_week,rnd_responsible
2026-10-05_deepseek_main,government__disease_diagnosis__CN,government,disease_diagnosis,CN,main,government__disease_diagnosis__CN::main-0305,305,0,267914157362143511,misdiagnosis>legal_accountability>rnd_institution>missed_diagnosis>efficiency,0,0,6d6acf8204aee9c7,a95f92be6a1e671d,de6798a33e485ed9,public,high_18,medium_10,one_week,physician_responsible,domestic_private,low_1,high_22,instant,liability_waiver
2026-10-05_deepseek_main,government__disease_diagnosis__CN,government,disease_diagnosis,CN,main,government__disease_diagnosis__CN::main-0306,306,0,12350931703308577860,efficiency>rnd_institution>misdiagnosis>legal_accountability>missed_diagnosis,0,1,e6ff5f5abadf09f7,7a8e23df160cdec3,8b9650ee7b8e688d,public,medium_8,high_22,one_week,physician_responsible,multinational,low_1,low_0_5,instant,rnd_responsible
2026-10-05_deepseek_main,government__disease_diagnosis__CN,government,disease_diagnosis,CN,main,government__disease_diagnosis__CN::main-0307,307,0,452948068440983414,legal_accountability>rnd_institution>missed_diagnosis>efficiency>misdiagnosis,0,0,07bb607e27a9e94e,ac62259766c67c4d,81959a69124c1196,public,low_1,medium_10,same_day,rnd_responsible,multinational,medium_8,low_0_5,one_week,physician_responsible
2026-10-05_deepseek_main,government__disease_diagnosis__CN,government,disease_diagnosis,CN,main,government__disease_diagnosis__CN::main-0308,308,0,8859946527225935222,efficiency>legal_accountability>rnd_institution>missed_diagnosis>misdiagnosis,1,0,ec8a715e9d9568c1,d6a07bad0d50fc08,8d445cb44d170abb,multinational,low_1,low_0_5,instant,physician_responsible,public,medium_8,high_22,one_week,liability_waiver
2026-10-05_deepseek_main,government__disease_diagnosis__CN,government,disease_diagnosis,CN,main,government__disease_diagnosis__CN::main-0309,309,0,16019943414062080489,misdiagnosis>missed_diagnosis>efficiency>legal_accountability>rnd_institution,0,0,26685c748d511259,84647387348982ef,99b83d6c2d16f0cd,multinational,low_1,high_22,same_day,rnd_responsible,domestic_private,medium_8,medium_10,one_week,liability_waiver
2026-10-05_deepseek_main,government__disease_diagnosis__CN,government,disease_diagnosis,CN,main,government__disease_diagnosis__CN::main-0310,310,0,7085592485118063433,missed_diagnosis>misdiagnosis>efficiency>legal_accountability>rnd_institution,0,0,3ce2d93185bb4c29,059994855ff8d3e6,3de022004a634bad,public,high_18,high_22,instant,liability_waiver,domestic_private,low_1,low_0_5,one_week,physician_responsible
2026-10-05_deepseek_main,government__disease_diagnosis__CN,government,disease_diagnosis,CN,main,government__disease_diagnosis__CN::main-0311,311,0,8982537082671941635,efficiency>rnd_institution>legal_accountability>misdiagnosis>missed_diagnosis,0,0,6c1978ad4bf8f5e9,092618feac6c04c6,2e438f57d5bd69e8,multinational,low_1,high_22,same_day,rnd_responsible,public,high_18,low_0_5,one_week,liability_waiver
2026-10-05_deepseek_main,government__disease_diagnosis__CN,government,disease_diagnosis,CN,main,government__disease_diagnosis__CN::main-0312,312,0,6456949007806555040,missed_diagnosis>misdiagnosis>legal_accountability>rnd_institution>efficiency,0,0,bde7da4e521a6ca5,56fb70d5d90ea205,623532f239a2a8bc,domestic_private,low_1,low_0_5,one_week,liability_waiver,multinational,high_18,high_22,same_day,rnd_responsible
2026-10-05_deepseek_main,government__disease_diagnosis__CN,government,disease_diagnosis,CN,main,government__disease_diagnosis__CN::main-0313,313,0,1234322796335863377,legal_accountability>efficiency>missed_diagnosis>rnd_institution>misdiagnosis,1,0,c48115aa4a668b79,6752ac95b3796635,53247be15d354e19,public,low_1,low_0_5,instant,rnd_responsible,domestic_private,high_18,medium_10,same_day,liability_waiver
2026-10-05_deepseek_main,government__disease_diagnosis__CN,government,disease_diagnosis,CN,main,government__disease_diagnosis__CN::main-0314,314,0,630576931746218069,missed_diagnosis>misdiagnosis>legal_accountability>rnd_institution>efficiency,0,0,fd5e24798a294aea,885d6367cb05d00a,f7a3305668981180,multinational,low_1,medium_10,same_day,physician_responsible,domestic_private,medium_8,low_0_5,one_week,liability_waiver
2026-10-05_deepseek_main,government__disease_diagnosis__CN,government,disease_diagnosis,CN,main,government__disease_diagnosis__CN::main-0315,315,0,2883373741777645037,rnd_institution>efficiency>missed_diagnosis>misdiagnosis>legal_accountability,0,0,af80e1aab97f42bc,d4e41f58ac65e0ff,3b01e91ea3a85c30,public,medium_8,high_22,same_day,rnd_responsible,domestic_private,low_1,medium_10,one_week,liability_waiver
2026-10-05_deepseek_main,government__disease_diagnosis__CN,government,disease_diagnosis,CN,main,government__disease_diagnosis__CN::main-0316,316,0,12706618662247637469,legal_accountability>efficiency>misdiagnosis>rnd_institution>missed_diagnosis,0,0,db6d5e3f05d9e589,e89f68b5f06fc769,6b35440207f6f4ac,multinational,medium_8,medium_10,instant,physician_responsible,public,low_1,low_0_5,same_day,liability_waiver
2026-10-05_deepseek_main,government__disease_diagnosis__CN,government,disease_diagnosis,CN,main,government__disease_diagnosis__CN::main-0317,317,0,13160057234390471988,efficiency>misdiagnosis>missed_diagnosis>rnd_institution>legal_accountability,0,0,64e757c396415650,8ec98f09e0d2c31c,c82a29ac415045da,multinational,high_18,medium_10,instant,physician_responsible,domestic_private,medium_8,high_22,one_week,rnd_responsible
2026-10-05_deepseek_main,government__disease_diagnosis__CN,government,disease_diagnosis,CN,main,government__disease_diagnosis__CN::main-0318,318,0,12095156989248042226,rnd_institution>efficiency>misdiagnosis>missed_diagnosis>legal_accountability,1,0,594243319d6df52e,44080e9ac414d01e,2e438f57d5bd69e8,multinational,low_1,low_0_5,same_day,rnd_responsible,public,high_18,high_22,one_week,liability_waiver
2026-10-05_deepseek_main,government__disease_diagnosis__CN,government,disease_diagnosis,CN,main,government__disease_diagnosis__CN::main-0319,319,0,13386708844010378176,missed_diagnosis>misdiagnosis>efficiency>legal_accountability>rnd_institution,0,0,5ff9549f38d3a5ad,00ec679b67ba3c93,49902a25a38cf7b2,domestic_private,low_1,high_22,same_day,liability_waiver,multinational,medium_8,low_0_5,one_week,rnd_responsible
2026-10-05_deepseek_main,government__disease_diagnosis__CN,government,disease_diagnosis,CN,main,government__disease_diagnosis__CN::main-0320,320,0,16839396966680748260,missed_diagnosis>efficiency>rnd_institution>legal_accountability>misdiagnosis,0,0,a01b5eca003ace3c,b1729d2cff3181cb,b1729d2cff3181cb,multinational,high_18,high_22,instant,physician_responsible,public,low_1,low_0_5,one_week,rnd_responsible
2026-10-05_deepseek_main,government__disease_diagnosis__CN,government,disease_diagnosis,CN,main,government__disease_diagnosis__CN::main-0321,321,0,2876782261853930398,misdiagnosis>efficiency>missed_diagnosis>rnd_institution>legal_accountability,1,0,7110097643685d53,5e75fa47b3d540c6,02bff0c298ae73db,domestic_private,low_1,medium_10,instant,rnd_responsible,public,high_18,high_22,one_week,physician_responsible
2026-10-05_deepseek_main,government__disease_diagnosis__CN,government,disease_diagnosis,CN,main,government__disease_diagnosis__CN::main-0322,322,0,9732752107504414038,misdiagnosis>efficiency>missed_diagnosis>legal_accountability>rnd_institution,0,0,2318a834771fa3d4,b0e9989bdd6a6539,320a3778de250f8e,domestic_private,medium_8,low_0_5,same_day,rnd_responsible,multinational,low_1,high_22,one_week,physician_responsible
2026-10-05_deepseek_main,government__disease_diagnosis__CN,government,disease_diagnosis,CN,main,government__disease_diagnosis__CN::main-0323,323,0,14198065799806328745,missed_diagnosis>legal_accountability>efficiency>rnd_institution>misdiagnosis,0,0,a870b8b2a9619844,2a61a5cefe9a6553,f4f48d5c86500d8d,domestic_private,low_1,low_0_5,one_week,liability_waiver,multinational,high_18,medium_10,same_day,rnd_responsible
2026-10-05_deepseek_main,government__disease_diagnosis__CN,government,disease_diagnosis,CN,main,government__disease_diagnosis__CN::main-0324,324,0,4427795224631700779,rnd_institution>efficiency>missed_diagnosis>misdiagnosis>legal_accountability,0,0,01792628f23891fc,89c50e2f0ab0a310,3f66db13d4091ad8,domestic_private,high_18,low_0_5,same_day,physician_responsible,multinational,low_1,high_22,one_week,rnd_responsible
2026-10-05_deepseek_main,government__disease_diagnosis__CN,government,disease_diagnosis,CN,main,government__disease_diagnosis__CN::main-0325,325,0,5724813284863909579,misdiagnosis>legal_accountability>efficiency>rnd_institution>missed_diagnosis,0,0,c42d2e2b3b8896b6,b4ae70f16f4b2f4f,39a34dadc60b83e2,multinational,medium_8,high_22,instant,physician_responsible,public,low_1,medium_10,one_week,liability_waiver
2026-10-05_deepseek_main,government__disease_diagnosis__CN,government,disease_diagnosis,CN,main,government__disease_diagnosis__CN::main-0326,326,0,554430164339212296,legal_accountability>misdiagnosis>missed_diagnosis>rnd_institution>efficiency,0,0,f7473cb33f950e64,017cf49a3c1811d5,f140f77d54613897,public,medium_8,low_0_5,instant,rnd_responsible,domestic_private,low_1,high_22,same_day,physician_responsible
2026-10-05_deepseek_main,government__disease_diagnosis__CN,government,disease_diagnosis,CN,main,government__disease_diagnosis__CN::main-0327,327,0,11920435800232484654,efficiency>legal_accountability>misdiagnosis>missed_diagnosis>rnd_institution,0,0,f047dbce9713e0bf,f047dbce9713e0bf,e6b6f3838f538381,multinational,low_1,medium_10,instant,liability_waiver,public,high_18,low_0_5,one_week,physician_responsible
2026-10-05_deepseek_main,government__disease_diagnosis__CN,government,disease_diagnosis,CN,main,government__disease_diagnosis__CN::main-0328,328,0,17131443966159818018,legal_accountability>missed_diagnosis>efficiency>rnd_institution>misdiagnosis,0,1,e0720acb33fbf6a7,403d794de2b65fb0,2f9f18cce15ed4cf,domestic_private,high_18,medium_10,one_week,rnd_responsible,public,low_1,low_0_5,same_day,liability_waiver
2026-10-05_deepseek_main,government__disease_diagnosis__CN,government,disease_diagnosis,CN,main,government__disease_diagnosis__CN::main-0329,329,0,13952721824225010670,efficiency>misdiagnosis>rnd_institution>missed_diagnosis>legal_accountability,0,0,a7eb260edce62f16,3e4751cb1d0648c6,899b0c2de6f56bf0,multinational,medium_8,low_0_5,one_week,liability_waiver,public,low_1,high_22,same_day,physician_responsible
2026-10-05_deepseek_main,government__disease_diagnosis__CN,government,disease_diagnosis,CN,main,government__disease_diagnosis__CN::main-0330,330,0,1216416601301386584,efficiency>misdiagnosis>legal_accountability>rnd_institution>missed_diagnosis,0,1,0b61e6e12c3f4cc8,d76f3ed5f9778e22,54ef6e4328c93528,domestic_private,high_18,medium_10,one_week,liability_waiver,multinational,medium_8,low_0_5,instant,physician_responsible
2026-10-05_deepseek_main,government__disease_diagnosis__CN,government,disease_diagnosis,CN,main,government__disease_diagnosis__CN::main-0331,331,0,14483760609315650764,misdiagnosis>rnd_institution>efficiency>legal_accountability>missed_diagnosis,0,0,7e6cdfe6e1f690fb,640125d45a30b486,02d22f75dd5602e4,domestic_private,low_1,high_22,same_day,liability_waiver,multinational,high_18,medium_10,instant,physician_responsible
2026-10-05_deepseek_main,government__disease_diagnosis__CN,government,disease_diagnosis,CN,main,government__disease_diagnosis__CN::main-0332,332,0,17263078738806133685,misdiagnosis>rnd_institution>legal_accountability>missed_diagnosis>efficiency,0,0,8df24e910a29e330,2294cc4a3a7af117,d27062b308ace4f9,public,high_18,medium_10,instant,rnd_responsible,domestic_private,low_1,high_22,same_day,liability_waiver
2026-10-05_deepseek_main,government__disease_diagnosis__CN,government,disease_diagnosis,CN,main,government__disease_diagnosis__CN::main-0333,333,0,6691041471391772083,rnd_institution>efficiency>legal_accountability>missed_diagnosis>misdiagnosis,0,0,20e7faf925bc0fea,36e60ae2af8c9e33,db4bcf66a5b4ae60,domestic_private,low_1,high_22,instant,rnd_responsible,public,medium_8,medium_10,one_week,physician_responsible
2026-10-05_deepseek_main,government__disease_diagnosis__CN,government,disease_diagnosis,CN,main,government__disease_diagnosis__CN::main-0334,334,0,12055292351385482418,legal_accountability>misdiagnosis>efficiency>missed_diagnosis>rnd_institution,0,0,42e2ce4286685fb5,cd75477ce31d4c42,31f91fd6e0219897,multinational,high_18,medium_10,instant,physician_responsible,public,medium_8,high_22,one_week,liability_waiver
2026-10-05_deepseek_main,government__disease_diagnosis__CN,government,disease_diagnosis,CN,main,government__disease_diagnosis__CN::main-0335,335,0,7211267662387723809,efficiency>misdiagnosis>rnd_institution>legal_accountability>missed_diagnosis,1,0,7f1824a257f64329,7a351da504a47d42,b7decee294228b18,public,medium_8,low_0_5,instant,rnd_responsible,multinational,high_18,medium_10,same_day,physician_responsible
2026-10-05_deepseek_main,government__disease_diagnosis__CN,government,disease_diagnosis,CN,main,government__disease_diagnosis__CN::main-0336,336,0,15081601109772194767,missed_diagnosis>efficiency>rnd_institution>misdiagnosis>legal_accountability,0,0,084f95ddd7a691e2,cc52192332e4ff45,64e6dd903fc443b0,domestic_private,high_18,medium_10,same_day,rnd_responsible,public,medium_8,low_0_5,one_week,liability_waiver
2026-10-05_deepseek_main,government__disease_diagnosis__CN,government,disease_diagnosis,CN,main,government__disease_diagnosis__CN::main-0337,337,0,10181293104675643453,rnd_institution>missed_diagnosis>efficiency>misdiagnosis>legal_accountability,1,0,90647b0d5e5e7e2b,3118d96019c75ecd,98dfc32a26d95bed,domestic_private,medium_8,medium_10,same_day,liability_waiver,public,high_18,high_22,one_week,physician_responsible
2026-10-05_deepseek_main,government__disease_diagnosis__CN,government,disease_diagnosis,CN,main,government__disease_diagnosis__CN::main-0338,338,0,15364470981441704655,legal_accountability>missed_diagnosis>misdiagnosis>rnd_institution>efficiency,0,0,df6708d1ed39abab,f150c9d9c7773a09,efce7306b192d8ae,multinational,low_1,medium_10,instant,liability_waiver,public,medium_8,low_0_5,one_week,rnd_responsible
2026-10-05_deepseek_main,government__disease_diagnosis__CN,government,disease_diagnosis,CN,main,government__disease_diagnosis__CN::main-0339,339,0,9477281677997193740,legal_accountability>rnd_institution>efficiency>missed_diagnosis>misdiagnosis,0,0,548ffdb4d054acbf,970e9f953d34ee3c,ffc271f315bc09bc,multinational,medium_8,high_22,instant,liability_waiver,domestic_private,high_18,medium_10,same_day,rnd_responsible
2026-10-05_deepseek_main,government__disease_diagnosis__CN,government,disease_diagnosis,CN,main,government__disease_diagnosis__CN::main-0340,340,0,4346720939333872254,missed_diagnosis>misdiagnosis>rnd_institution>efficiency>legal_accountability,1,0,41678e2edcbfc4f9,4ce2fc4e88030206,c82a29ac415045da,multinational,medium_8,medium_10,instant,rnd_responsible,domestic_private,high_18,high_22,one_week,physician_responsible
2026-10-05_deepseek_main,government__disease_diagnosis__CN,government,disease_diagnosis,CN,main,government__disease_diagnosis__CN::main-0341,341,0,13523404950860948108,rnd_institution>missed_diagnosis>misdiagnosis>legal_accountability>efficiency,0,0,d812c82bf6401ed8,66f3f4f91567f93e,49902a25a38cf7b2,multinational,medium_8,low_0_5,same_day,liability_waiver,domestic_private,low_1,high_22,one_week,rnd_responsible
2026-10-05_deepseek_main,government__disease_diagnosis__CN,government,disease_diagnosis,CN,main,government__disease_diagnosis__CN::main-0342,342,0,2190376388140516297,legal_accountability>misdiagnosis>rnd_institution>missed_diagnosis>efficiency,1,0,b2c5806fcc83d9ce,abd5a6d9d396302b,f7a3305668981180,multinational,low_1,low_0_5,same_day,liability_waiver,domestic_private,medium_8,medium_10,one_week,physician_responsible
2026-10-05_deepseek_main,government__disease_diagnosis__CN,government,disease_diagnosis,CN,main,government__disease_diagnosis__CN::main-0343,343,0,3036915360064961782,legal_accountability>missed_diagnosis>rnd_institution>efficiency>misdiagnosis,0,0,8ddcb81405cf2030,71ba62d575ceb30e,ffc271f315bc09bc,domestic_private,high_18,high_22,instant,rnd_responsible,multinational,medium_8,medium_10,same_day,liability_waiver
2026-10-05_deepseek_main,government__disease_diagnosis__CN,government,disease_diagnosis,CN,main,government__disease_diagnosis__CN::main-0344,344,0,11836942875393979342,missed_diagnosis>misdiagnosis>legal_accountability>rnd_institution>efficiency,0,0,815f1943a132deef,d4b2c22bf4b308b6,d6996100526d31c3,multinational,low_1,high_22,instant,rnd_responsible,domestic_private,medium_8,medium_10,one_week,liability_waiver
2026-10-05_deepseek_main,government__disease_diagnosis__CN,government,disease_diagnosis,CN,main,government__disease_diagnosis__CN::main-0345,345,0,12532295657094316754,legal_accountability>efficiency>rnd_institution>misdiagnosis>missed_diagnosis,0,0,7dc40c5c9acff761,d6d63f9ea5cd0ec2,17744127371560ed,multinational,medium_8,medium_10,instant,rnd_responsible,domestic_private,low_1,high_22,same_day,liability_waiver
2026-10-05_deepseek_main,government__disease_diagnosis__CN,government,disease_diagnosis,CN,main,government__disease_diagnosis__CN::main-0346,346,0,2950246237795831652,misdiagnosis>missed_diagnosis>efficiency>rnd_institution>legal_accountability,0,0,5922d155a6e3633f,7dc18fd9ac99291a,6b4dd668623eb2fa,multinational,medium_8,high_22,instant,liability_waiver,domestic_private,high_18,low_0_5,one_week,physician_responsible
2026-10-05_deepseek_main,government__disease_diagnosis__CN,government,disease_diagnosis,CN,main,government__disease_diagnosis__CN::main-0347,347,0,12769143082218870304,missed_diagnosis>legal_accountability>rnd_institution>efficiency>misdiagnosis,1,0,e095da7c12e30f63,ed797a9869132d70,38b53590062adbcf,domestic_private,low_1,medium_10,same_day,physician_responsible,multinational,high_18,high_22,one_week,liability_waiver
2026-10-05_deepseek_main,government__disease_diagnosis__CN,government,disease_diagnosis,CN,main,government__disease_diagnosis__CN::main-0348,348,0,11798579405460463126,misdiagnosis>missed_diagnosis>legal_accountability>efficiency>rnd_institution,0,0,841075b3bc6070eb,1e6b84885f79fc2b,1d9d578ceb8f4e0b,public,medium_8,high_22,one_week,liability_waiver,multinational,high_18,medium_10,instant,rnd_responsible
2026-10-05_deepseek_main,government__disease_diagnosis__CN,government,disease_diagnosis,CN,main,government__disease_diagnosis__CN::main-0349,349,0,8237971321978309134,legal_accountability>efficiency>missed_diagnosis>rnd_institution>misdiagnosis,0,0,bee067460cd3171b,877af6e8ead20483,065170894f0f12e6,multinational,medium_8,high_22,same_day,rnd_responsible,domestic_private,high_18,medium_10,one_week,liability_waiver
2026-10-05_deepseek_main,government__disease_diagnosis__CN,government,disease_diagnosis,CN,main,government__disease_diagnosis__CN::main-0350,350,0,8616726327504210938,legal_accountability>rnd_institution>misdiagnosis>missed_diagnosis>efficiency,0,0,b52c9fd71ea7791b,f1bde8d90eeba9ab,d7a020db171d71ba,public,low_1,high_22,same_day,liability_waiver,multinational,high_18,medium_10,one_week,rnd_responsible
2026-10-05_deepseek_main,government__disease_diagnosis__CN,government,disease_diagnosis,CN,main,government__disease_diagnosis__CN::main-0351,351,0,17238110085801971292,missed_diagnosis>legal_accountability>rnd_institution>efficiency>misdiagnosis,1,0,0e348899cda810c1,6eb944eb380d702f,087c217329fed847,multinational,low_1,low_0_5,instant,physician_responsible,public,high_18,medium_10,same_day,rnd_responsible
2026-10-05_deepseek_main,government__disease_diagnosis__CN,government,disease_diagnosis,CN,main,government__disease_diagnosis__CN::main-0352,352,0,18366139816264503511,misdiagnosis>efficiency>legal_accountability>missed_diagnosis>rnd_institution,1,0,98afe85ec7da33fa,61d966c9dcc4322f,57a2c00cc22103d1,public,low_1,medium_10,instant,physician_responsible,domestic_private,high_18,high_22,same_day,rnd_responsible
2026-10-05_deepseek_main,government__disease_diagnosis__CN,government,disease_diagnosis,CN,main,government__disease_diagnosis__CN::main-0353,353,0,4785179711506410259,efficiency>rnd_institution>legal_accountability>missed_diagnosis>misdiagnosis,0,0,56eae2eb16d7cfb4,07a7aa96c13d1ef8,f7a3305668981180,domestic_private,low_1,low_0_5,one_week,physician_responsible,multinational,medium_8,medium_10,same_day,liability_waiver
2026-10-05_deepseek_main,government__disease_diagnosis__CN,government,disease_diagnosis,CN,main,government__disease_diagnosis__CN::main-0354,354,0,9621027082112214621,missed_diagnosis>rnd_institution>misdiagnosis>efficiency>legal_accountability,0,1,030cc07aa6efcb41,227ce6e2785feb7d,02bff0c298ae73db,public,high_18,high_22,one_week,physician_responsible,domestic_private,low_1,medium_10,instant,rnd_responsible
2026-10-05_deepseek_main,government__disease_diagnosis__CN,government,disease_diagnosis,CN,main,government__disease_diagnosis__CN::main-0355,355,0,15023104126468445339,legal_accountability>missed_diagnosis>misdiagnosis>rnd_institution>efficiency,1,0,bc7908f55d6f5c18,7bbeb84c1d8cef82,3b01e91ea3a85c30,public,low_1,medium_10,same_day,rnd_responsible,domestic_private,medium_8,high_22,one_week,liability_waiver
2026-10-05_deepseek_main,government__disease_diagnosis__CN,government,disease_diagnosis,CN,main,government__disease_diagnosis__CN::main-0356,356,0,1260123347230430077,legal_accountability>misdiagnosis>missed_diagnosis>efficiency>rnd_institution,0,1,58810004ef08d493,11626522910b966e,2f9f18cce15ed4cf,public,high_18,medium_10,one_week,liability_waiver,domestic_private,low_1,low_0_5,same_day,rnd_responsible
2026-10-05_deepseek_main,government__disease_diagnosis__CN,government,disease_diagnosis,CN,main,government__disease_diagnosis__CN::main-0357,357,0,14998020719713831608,efficiency>missed_diagnosis>rnd_institution>legal_accountability>misdiagnosis,0,0,daf68b7f2d2fd096,0a261f1c31963673,809021da3ca9dc20,public,medium_8,high_22,one_week,liability_waiver,multinational,high_18,medium_10,same_day,rnd_responsible
2026-10-05_deepseek_main,government__disease_diagnosis__CN,government,disease_diagnosis,CN,main,government__disease_diagnosis__CN::main-0358,358,0,13667072974660160658,rnd_institution>missed_diagnosis>efficiency>legal_accountability>misdiagnosis,0,0,03e8116cc38fc951,8faeb7e39fdf9933,4de2b326e12b3fbe,multinational,low_1,high_22,same_day,physician_responsible,public,medium_8,low_0_5,one_week,rnd_responsible
2026-10-05_deepseek_main,government__disease_diagnosis__CN,government,disease_diagnosis,CN,main,government__disease_diagnosis__CN::main-0359,359,0,3381325953422499494,misdiagnosis>missed_diagnosis>efficiency>rnd_institution>legal_accountability,0,0,9e886d7fca908c93,c6a415c29f8f1b34,6a9333da68106a13,public,low_1,high_22,instant,liability_waiver,domestic_private,medium_8,medium_10,same_day,rnd_responsible
2026-10-05_deepseek_main,government__disease_diagnosis__CN,government,disease_diagnosis,CN,main,government__disease_diagnosis__CN::main-0360,360,0,15833974789866051602,efficiency>rnd_institution>misdiagnosis>legal_accountability>missed_diagnosis,1,0,759c6ba7f744862e,29e35724ce57c9f7,29998aa2f51bc16f,domestic_private,medium_8,low_0_5,instant,rnd_responsible,public,high_18,high_22,same_day,physician_responsible
2026-10-05_deepseek_main,government__disease_diagnosis__CN,government,disease_diagnosis,CN,main,government__disease_diagnosis__CN::main-0361,361,0,5479797126367386010,missed_diagnosis>rnd_institution>efficiency>misdiagnosis>legal_accountability,1,0,e59c8f2949dd3544,32059e99076a99f8,aa5755bd1cec7935,domestic_private,medium_8,low_0_5,instant,liability_waiver,public,high_18,high_22,one_week,physician_responsible
2026-10-05_deepseek_main,government__disease_diagnosis__CN,government,disease_diagnosis,CN,main,government__disease_diagnosis__CN::main-0362,362,0,17594489909550739134,legal_accountability>rnd_institution>misdiagnosis>efficiency>missed_diagnosis,0,0,89fa8f558437285b,48431202fb78f0e3,d1888c048ef6e043,domestic_private,high_18,low_0_5,instant,liability_waiver,multinational,medium_8,high_22,one_week,rnd_responsible
2026-10-05_deepseek_main,government__disease_diagnosis__CN,government,disease_diagnosis,CN,main,government__disease_diagnosis__CN::main-0363,363,0,1667364712899610320,missed_diagnosis>efficiency>misdiagnosis>rnd_institution>legal_accountability,0,0,21612d56d9403fed,cc131bb61669d237,afb79250cb33e739,domestic_private,medium_8,medium_10,instant,liability_waiver,multinational,low_1,high_22,same_day,physician_responsible
2026-10-05_deepseek_main,government__disease_diagnosis__CN,government,disease_diagnosis,CN,main,government__disease_diagnosis__CN::main-0364,364,0,11816040717371590281,efficiency>misdiagnosis>legal_accountability>rnd_institution>missed_diagnosis,0,0,82b035f491a43b80,5cd2021747342b4d,ffd3ce18b89778aa,public,medium_8,low_0_5,instant,physician_responsible,multinational,low_1,medium_10,same_day,rnd_responsible
2026-10-05_deepseek_main,government__disease_diagnosis__CN,government,disease_diagnosis,CN,main,government__disease_diagnosis__CN::main-0365,365,0,2528933776610355947,misdiagnosis>rnd_institution>legal_accountability>efficiency>missed_diagnosis,1,0,6d4ad2078e2fa7ff,e3392cc09f5b9105,6b4dd668623eb2fa,domestic_private,medium_8,low_0_5,instant,liability_waiver,multinational,high_18,high_22,one_week,physician_responsible
2026-10-05_deepseek_main,government__disease_diagnosis__CN,government,disease_diagnosis,CN,main,government__disease_diagnosis__CN::main-0366,366,0,593212735950617326,missed_diagnosis>legal_accountability>rnd_institution>efficiency>misdiagnosis,0,0,a559e02711e7b8db,32690244d4d68123,38b53590062adbcf,domestic_private,high_18,medium_10,one_week,liability_waiver,multinational,low_1,high_22,same_day,physician_responsible
2026-10-05_deepseek_main,government__disease_diagnosis__CN,government,disease_diagnosis,CN,main,government__disease_diagnosis__CN::main-0367,367,0,7741782727255765732,rnd_institution>efficiency>legal_accountability>missed_diagnosis>misdiagnosis,0,0,d05205f61bc62ba5,ba849fba7cae9f4f,92c571b97707de18,domestic_private,medium_8,low_0_5,instant,liability_waiver,multinational,low_1,medium_10,same_day,rnd_responsible
2026-10-05_deepseek_main,government__disease_diagnosis__CN,government,disease_diagnosis,CN,main,government__disease_diagnosis__CN::main-0368,368,0,16834429554289951395,efficiency>missed_diagnosis>misdiagnosis>legal_accountability>rnd_institution,0,0,c1dd00136aad02bd,925eddb3fc66783d,876bdc60882db7e6,public,medium_8,high_22,one_week,physician_responsible,multinational,high_18,medium_10,instant,rnd_responsible
2026-10-05_deepseek_main,government__disease_diagnosis__CN,government,disease_diagnosis,CN,main,government__disease_diagnosis__CN::main-0369,369,0,3165288578568306124,legal_accountability>rnd_institution>misdiagnosis>missed_diagnosis>efficiency,0,0,6acec8e631dfb573,8bcd1ed59441c676,275eac1d094ecb85,domestic_private,high_18,low_0_5,instant,rnd_responsible,multinational,medium_8,high_22,one_week,physician_responsible
2026-10-05_deepseek_main,government__disease_diagnosis__CN,government,disease_diagnosis,CN,main,government__disease_diagnosis__CN::main-0370,370,0,7250786645030031971,efficiency>rnd_institution>misdiagnosis>legal_accountability>missed_diagnosis,0,0,50368f299ab404a4,c04be42b229d5137,5fc490f907972f91,domestic_private,medium_8,high_22,instant,liability_waiver,public,low_1,medium_10,one_week,rnd_responsible
2026-10-05_deepseek_main,government__disease_diagnosis__CN,government,disease_diagnosis,CN,main,government__disease_diagnosis__CN::main-0371,371,0,8643659037502360506,rnd_institution>missed_diagnosis>misdiagnosis>efficiency>legal_accountability,0,0,25d5603067a7ed82,7fdb6fd6204c0405,09eb9885860249ea,multinational,medium_8,high_22,same_day,rnd_responsible,public,high_18,low_0_5,instant,liability_waiver
2026-10-05_deepseek_main,government__disease_diagnosis__CN,government,disease_diagnosis,CN,main,government__disease_diagnosis__CN::main-0372,372,0,4353965437199890353,misdiagnosis>legal_accountability>efficiency>missed_diagnosis>rnd_institution,0,0,1ab279319bdc6bbe,80fb36465b52bb4b,ffd3ce18b89778aa,multinational,low_1,low_0_5,same_day,physician_responsible,public,medium_8,medium_10,instant,rnd_responsible
2026-10-05_deepseek_main,government__disease_diagnosis__CN,government,disease_diagnosis,CN,main,government__disease_diagnosis__CN::main-0373,373,0,15819615576178177662,legal_accountability>missed_diagnosis>misdiagnosis>efficiency>rnd_institution,0,0,01fa31f2b6255c12,fd766c78c4d8a7fb,c53ae4c5ad70c8e8,domestic_private,high_18,medium_10,instant,rnd_responsible,public,medium_8,high_22,one_week,liability_waiver
2026-10-05_deepseek_main,government__disease_diagnosis__CN,government,disease_diagnosis,CN,main,government__disease_diagnosis__CN::main-0374,374,0,3180644985433642720,rnd_institution>missed_diagnosis>misdiagnosis>legal_accountability>efficiency,0,0,88b53bce9fd8c2a8,4f34c859953a6343,d1888c048ef6e043,multinational,high_18,low_0_5,instant,rnd_responsible,domestic_private,medium_8,high_22,one_week,liability_waiver
2026-10-05_deepseek_main,government__disease_diagnosis__CN,government,disease_diagnosis,CN,main,government__disease_diagnosis__CN::main-0375,375,0,11765733379894203614,misdiagnosis>efficiency>missed_diagnosis>rnd_institution>legal_accountability,0,0,d9c78d064287c9d1,130c0ac3594258de,b84f6fbb401af51e,domestic_private,medium_8,high_22,instant,physician_responsible,multinational,low_1,low_0_5,same_day,liability_waiver
2026-10-05_deepseek_main,government__disease_diagnosis__CN,government,disease_diagnosis,CN,main,government__disease_diagnosis__CN::main-0376,376,0,13847470604484871456,legal_accountability>misdiagnosis>missed_diagnosis>rnd_institution>efficiency,0,1,ff6b2efbbe49d628,f900f8028e8a3a34,9e813c3872c739c8,multinational,high_18,high_22,same_day,liability_waiver,public,low_1,low_0_5,instant,physician_responsible
2026-10-05_deepseek_main,government__disease_diagnosis__CN,government,disease_diagnosis,CN,main,government__disease_diagnosis__CN::main-0377,377,0,3545204689567034644,legal_accountability>rnd_institution>efficiency>misdiagnosis>missed_diagnosis,0,0,80b142de95bddd49,9a2a2d8b5e0b8018,9166fa3d6100d891,public,low_1,medium_10,one_week,physician_responsible,multinational,high_18,high_22,instant,rnd_responsible
2026-10-05_deepseek_main,government__disease_diagnosis__CN,government,disease_diagnosis,CN,main,government__disease_diagnosis__CN::main-0378,378,0,14939908680820139195,misdiagnosis>legal_accountability>missed_diagnosis>efficiency>rnd_institution,0,0,b5cb68037d140370,04e41b0a79f5298e,fa4c69ce819c4428,public,low_1,medium_10,instant,physician_responsible,multinational,high_18,low_0_5,same_day,liability_waiver
2026-10-05_deepseek_main,government__disease_diagnosis__CN,government,disease_diagnosis,CN,main,government__disease_diagnosis__CN::main-0379,379,0,16717040011407654087,misdiagnosis>efficiency>legal_accountability>rnd_institution>missed_diagnosis,0,0,d75917cf6e8b66e6,e2c0a51cf4777e00,26f2487ebbac477d,domestic_private,medium_8,high_22,same_day,physician_responsible,multinational,high_18,medium_10,instant,rnd_responsible
2026-10-05_deepseek_main,government__disease_diagnosis__CN,government,disease_diagnosis,CN,main,government__disease_diagnosis__CN::main-0380,380,0,4019338878058331305,rnd_institution>missed_diagnosis>efficiency>legal_accountability>misdiagnosis,0,0,ee9c3ff3ab055bed,ccae8ba54ee5a629,cc25054f9c848d1c,public,low_1,high_22,same_day,liability_waiver,multinational,medium_8,low_0_5,instant,physician_responsible
2026-10-05_deepseek_main,government__disease_diagnosis__CN,government,disease_diagnosis,CN,main,government__disease_diagnosis__CN::main-0381,381,0,4615144013660484649,rnd_institution>missed_diagnosis>misdiagnosis>legal_accountability>efficiency,0,0,872de3ac00878117,9144176ff6eef750,87c1c36888c85ac6,domestic_private,medium_8,medium_10,one_week,physician_responsible,multinational,low_1,high_22,instant,rnd_responsible
2026-10-05_deepseek_main,government__disease_diagnosis__CN,government,disease_diagnosis,CN,main,government__disease_diagnosis__CN::main-0382,382,0,13518101928336512990,missed_diagnosis>legal_accountability>rnd_institution>misdiagnosis>efficiency,0,0,08ad66ce3cdf98ac,259be9380982edab,87c1c36888c85ac6,multinational,medium_8,medium_10,one_week,rnd_responsible,domestic_private,low_1,high_22,instant,physician_responsible
2026-10-05_deepseek_main,government__disease_diagnosis__CN,government,disease_diagnosis,CN,main,government__disease_diagnosis__CN::main-0383,383,0,18328700429796522102,legal_accountability>missed_diagnosis>efficiency>misdiagnosis>rnd_institution,0,1,b3f42b8957aea046,e6a22915455417bc,6b35440207f6f4ac,multinational,medium_8,medium_10,same_day,liability_waiver,public,low_1,low_0_5,instant,physician_responsible
2026-10-05_deepseek_main,government__disease_diagnosis__CN,government,disease_diagnosis,CN,main,government__disease_diagnosis__CN::main-0384,384,0,2629251538417230538,rnd_institution>missed_diagnosis>efficiency>misdiagnosis>legal_accountability,1,0,9341ae89d41aeea3,8a023abb162160b8,a58dd6aca34dbe06,domestic_private,medium_8,low_0_5,same_day,liability_waiver,multinational,high_18,medium_10,one_week,physician_responsible
2026-10-05_deepseek_main,government__disease_diagnosis__CN,government,disease_diagnosis,CN,main,government__disease_diagnosis__CN::main-0385,385,0,10216049798756857920,rnd_institution>efficiency>misdiagnosis>missed_diagnosis>legal_accountability,0,0,7d00c36aa17dabd3,241222a1b2bcf77d,e46be8791cbc804b,multinational,low_1,medium_10,same_day,rnd_responsible,domestic_private,high_18,high_22,instant,liability_waiver
2026-10-05_deepseek_main,government__disease_diagnosis__CN,government,disease_diagnosis,CN,main,government__disease_diagnosis__CN::main-0386,386,0,17427516248229516102,misdiagnosis>legal_accountability>missed_diagnosis>efficiency>rnd_institution,1,0,cb798f3142b2dacf,f9c8bc7f42054eea,a58dd6aca34dbe06,multinational,medium_8,low_0_5,same_day,liability_waiver,domestic_private,high_18,medium_10,one_week,physician_responsible
2026-10-05_deepseek_main,government__disease_diagnosis__CN,government,disease_diagnosis,CN,main,government__disease_diagnosis__CN::main-0387,387,0,6409386862764751786,efficiency>rnd_institution>legal_accountability>missed_diagnosis>misdiagnosis,0,0,264b48af76ca3ea7,042e0ad4eebff2ab,f7a3305668981180,domestic_private,low_1,medium_10,same_day,physician_responsible,multinational,medium_8,low_0_5,one_week,liability_waiver
2026-10-05_deepseek_main,government__disease_diagnosis__CN,government,disease_diagnosis,CN,main,government__disease_diagnosis__CN::main-0388,388,0,4138903678511815384,missed_diagnosis>rnd_institution>legal_accountability>misdiagnosis>efficiency,0,1,35699888931da48a,c73ce530e4929852,2cdf103c8c44c3b2,domestic_private,high_18,medium_10,one_week,liability_waiver,multinational,medium_8,low_0_5,instant,rnd_responsible
2026-10-05_deepseek_main,government__disease_diagnosis__CN,government,disease_diagnosis,CN,main,government__disease_diagnosis__CN::main-0389,389,0,11415747674037552776,missed_diagnosis>efficiency>rnd_institution>legal_accountability>misdiagnosis,0,1,51ef914e1213dd33,483c917d79c8849a,471762c5f12f7498,domestic_private,high_18,medium_10,one_week,physician_responsible,public,medium_8,low_0_5,instant,rnd_responsible
2026-10-05_deepseek_main,government__disease_diagnosis__CN,government,disease_diagnosis,CN,main,government__disease_diagnosis__CN::main-0390,390,0,13060192636484857281,rnd_institution>misdiagnosis>efficiency>legal_accountability>missed_diagnosis,0,0,87715ac86195f40d,5063380372b82ee5,1352938070d6aea1,domestic_private,medium_8,high_22,one_week,physician_responsible,public,high_18,medium_10,same_day,rnd_responsible
2026-10-05_deepseek_main,government__disease_diagnosis__CN,government,disease_diagnosis,CN,main,government__disease_diagnosis__CN::main-0391,391,0,1935377018291377293,legal_accountability>misdiagnosis>rnd_institution>efficiency>missed_diagnosis,1,0,43215705fce26b95,85071a213ffadc69,53247be15d354e19,domestic_private,low_1,low_0_5,instant,liability_waiver,public,high_18,medium_10,same_day,rnd_responsible
2026-10-05_deepseek_main,government__disease_diagnosis__CN,government,disease_diagnosis,CN,main,government__disease_diagnosis__CN::main-0392,392,0,15496844096155391337,missed_diagnosis>legal_accountability>rnd_institution>efficiency>misdiagnosis,0,0,877dcd428c53df94,7755c1d957afcd87,cc25054f9c848d1c,multinational,low_1,low_0_5,same_day,liability_waiver,public,medium_8,high_22,instant,physician_responsible
2026-10-05_deepseek_main,government__disease_diagnosis__CN,government,disease_diagnosis,CN,main,government__disease_diagnosis__CN::main-0393,393,0,1809811660319202822,missed_diagnosis>legal_accountability>rnd_institution>misdiagnosis>efficiency,1,0,c0f0e1823c731404,b2582736ea78c1ef,c53ae4c5ad70c8e8,public,medium_8,medium_10,instant,rnd_responsible,domestic_private,high_18,high_22,one_week,liability_waiver
2026-10-05_deepseek_main,government__disease_diagnosis__CN,government,disease_diagnosis,CN,main,government__disease_diagnosis__CN::main-0394,394,0,10486284895785539104,legal_accountability>rnd_institution>misdiagnosis>efficiency>missed_diagnosis,0,0,0810d733f0de4977,8163a130a5d5c1ff,9166fa3d6100d891,public,high_18,medium_10,instant,physician_responsible,multinational,low_1,high_22,one_week,rnd_responsible
2026-10-05_deepseek_main,government__disease_diagnosis__CN,government,disease_diagnosis,CN,main,government__disease_diagnosis__CN::main-0395,395,0,16431270830453652843,rnd_institution>efficiency>missed_diagnosis>misdiagnosis>legal_accountability,0,0,9c87608c58c7224b,f420244473c3cebf,6a9333da68106a13,domestic_private,medium_8,medium_10,instant,liability_waiver,public,low_1,high_22,same_day,rnd_responsible
2026-10-05_deepseek_main,government__disease_diagnosis__CN,government,disease_diagnosis,CN,main,government__disease_diagnosis__CN::main-0396,396,0,18250325562224738795,efficiency>rnd_institution>missed_diagnosis>legal_accountability>misdiagnosis,0,0,cbedf98cd2888556,25b7fd8ba500ae5a,b540363cf0eb6ecd,domestic_private,low_1,high_22,one_week,physician_responsible,public,high_18,medium_10,same_day,rnd_responsible
2026-10-05_deepseek_main,government__disease_diagnosis__CN,government,disease_diagnosis,CN,main,government__disease_diagnosis__CN::main-0397,397,0,3085295501407785753,misdiagnosis>rnd_institution>legal_accountability>missed_diagnosis>efficiency,0,0,7cd870c0a3511996,2ecd445317a9b368,64e6dd903fc443b0,public,high_18,medium_10,same_day,liability_waiver,domestic_private,medium_8,low_0_5,one_week,rnd_responsible
2026-10-05_deepseek_main,government__disease_diagnosis__CN,government,disease_diagnosis,CN,main,government__disease_diagnosis__CN::main-0398,398,0,12962320572031567492,efficiency>rnd_institution>missed_diagnosis>legal_accountability>misdiagnosis,1,0,596507b08b45a035,cbae40592aaf83e9,1d9d578ceb8f4e0b,multinational,medium_8,medium_10,instant,liability_waiver,public,high_18,high_22,one_week,rnd_responsible
2026-10-05_deepseek_main,government__disease_diagnosis__CN,government,disease_diagnosis,CN,main,government__disease_diagnosis__CN::main-0399,399,0,2008074344555593408,rnd_institution>misdiagnosis>efficiency>missed_diagnosis>legal_accountability,0,0,9da5b96c2ca887ec,06062c09e60ee94b,19c06a42c7f04061,multinational,medium_8,low_0_5,one_week,liability_waiver,public,low_1,medium_10,same_day,rnd_responsible
2026-10-05_deepseek_main,government__disease_diagnosis__CN,government,disease_diagnosis,CN,main,government__disease_diagnosis__CN::main-0400,400,0,2311703549182032287,missed_diagnosis>legal_accountability>rnd_institution>misdiagnosis>efficiency,1,0,ee62e63034034da6,cb031091152d3537,b6ee58e237c6925f,multinational,low_1,medium_10,same_day,physician_responsible,domestic_private,medium_8,high_22,one_week,liability_waiver
2026-10-05_deepseek_main,government__disease_diagnosis__CN,government,disease_diagnosis,CN,main,government__disease_diagnosis__CN::main-0401,401,0,6624381429036379813,efficiency>missed_diagnosis>legal_accountability>rnd_institution>misdiagnosis,0,0,3940df51bd98edaa,b26ec91927cbbffa,45ace71dca013c26,public,low_1,low_0_5,one_week,physician_responsible,multinational,high_18,medium_10,same_day,rnd_responsible
2026-10-05_deepseek_main,government__disease_diagnosis__CN,government,disease_diagnosis,CN,main,government__disease_diagnosis__CN::main-0402,402,0,6185793672203061761,legal_accountability>misdiagnosis>efficiency>missed_diagnosis>rnd_institution,0,0,9182468b7e5b56cd,c77913df21fd8839,1d9d578ceb8f4e0b,multinational,medium_8,high_22,one_week,liability_waiver,public,high_18,medium_10,instant,rnd_responsible
2026-10-05_deepseek_main,government__disease_diagnosis__CN,government,disease_diagnosis,CN,main,government__disease_diagnosis__CN::main-0403,403,0,507007163127823339,misdiagnosis>legal_accountability>efficiency>missed_diagnosis>rnd_institution,0,0,33e297b6a536c2c1,bed32067301926d2,1f3af6bbe94f0a82,public,high_18,medium_10,instant,rnd_responsible,multinational,low_1,low_0_5,one_week,liability_waiver
2026-10-05_deepseek_main,government__disease_diagnosis__CN,government,disease_diagnosis,CN,main,government__disease_diagnosis__CN::main-0404,404,0,12756571253030919744,missed_diagnosis>efficiency>legal_accountability>rnd_institution>misdiagnosis,0,0,333004ca2018bc96,053d80eb058ec867,997dce941b2802d1,multinational,medium_8,low_0_5,instant,rnd_responsible,public,low_1,high_22,one_week,liability_waiver
2026-10-05_deepseek_main,government__disease_diagnosis__CN,government,disease_diagnosis,CN,main,government__disease_diagnosis__CN::main-0405,405,0,15813487197680680074,misdiagnosis>missed_diagnosis>efficiency>legal_accountability>rnd_institution,0,0,952ffb4ba391ab47,7e96b4fe3140f635,68ab577327bd0322,domestic_private,high_18,low_0_5,same_day,liability_waiver,public,low_1,high_22,one_week,rnd_responsible
2026-10-05_deepseek_main,government__disease_diagnosis__CN,government,disease_diagnosis,CN,main,government__disease_diagnosis__CN::main-0406,406,0,1419988901321740577,missed_diagnosis>misdiagnosis>legal_accountability>efficiency>rnd_institution,0,0,c00b4b02a2fda1c9,96837f68d05609f1,5aed908eb9ecc10d,public,medium_8,medium_10,one_week,physician_responsible,domestic_private,low_1,high_22,same_day,liability_waiver
2026-10-05_deepseek_main,government__disease_diagnosis__CN,government,disease_diagnosis,CN,main,government__disease_diagnosis__CN::main-0407,407,0,4749894611803512440,rnd_institution>efficiency>legal_accountability>misdiagnosis>missed_diagnosis,0,0,6bb09ac6b7a88320,76b2b17d03724468,d27062b308ace4f9,public,high_18,medium_10,instant,liability_waiver,domestic_private,low_1,high_22,same_day,rnd_responsible
2026-10-05_deepseek_main,government__disease_diagnosis__CN,government,disease_diagnosis,CN,main,government__disease_diagnosis__CN::main-0408,408,0,1276237222849560240,rnd_institution>legal_accountability>efficiency>misdiagnosis>missed_diagnosis,0,0,952c36f4fc91f675,a132082193865a0a,d1888c048ef6e043,multinational,medium_8,high_22,one_week,liability_waiver,domestic_private,high_18,low_0_5,instant,rnd_responsible
2026-10-05_deepseek_main,government__disease_diagnosis__CN,government,disease_diagnosis,CN,main,government__disease_diagnosis__CN::main-0409,409,0,14572384969875422430,missed_diagnosis>efficiency>rnd_institution>legal_accountability>misdiagnosis,0,0,d5ee27380ae064e8,353c4ad1ae4a91c6,9a7d7104f7186e54,multinational,medium_8,high_22,one_week,physician_responsible,public,high_18,low_0_5,instant,rnd_responsible
2026-10-05_deepseek_main,government__disease_diagnosis__CN,government,disease_diagnosis,CN,main,government__disease_diagnosis__CN::main-0410,410,0,11100034919543422511,missed_diagnosis>misdiagnosis>efficiency>rnd_institution>legal_accountability,1,0,26544655621ba4c4,7c2cd1884da72219,7effec9f59234637,domestic_private,medium_8,low_0_5,instant,physician_responsible,multinational,high_18,high_22,same_day,liability_waiver
2026-10-05_deepseek_main,government__disease_diagnosis__CN,government,disease_diagnosis,CN,main,government__disease_diagnosis__CN::main-0411,411,0,17814560088971911121,rnd_institution>misdiagnosis>missed_diagnosis>efficiency>legal_accountability,0,1,7d9836cc1aa33a7a,f6fe1d62ae55c57b,a479d033fc93fc5e,multinational,high_18,high_22,same_day,physician_responsible,public,low_1,low_0_5,instant,rnd_responsible
2026-10-05_deepseek_main,government__disease_diagnosis__CN,government,disease_diagnosis,CN,main,government__disease_diagnosis__CN::main-0412,412,0,2380413429008907075,missed_diagnosis>efficiency>rnd_institution>legal_accountability>misdiagnosis,0,0,4257c4eb1d58a61a,d1e5c96f9dc458a4,1a02773c963793c7,multinational,medium_8,medium_10,one_week,physician_responsible,domestic_private,high_18,high_22,same_day,liability_waiver
2026-10-05_deepseek_main,government__disease_diagnosis__CN,government,disease_diagnosis,CN,main,government__disease_diagnosis__CN::main-0413,413,0,11904510022137056016,legal_accountability>rnd_institution>missed_diagnosis>efficiency>misdiagnosis,0,1,a2206050fbd82e1c,5910ff55a66fff5e,cecbed4527412ec7,public,high_18,high_22,one_week,rnd_responsible,domestic_private,medium_8,low_0_5,instant,liability_waiver
2026-10-05_deepseek_main,government__disease_diagnosis__CN,government,disease_diagnosis,CN,main,government__disease_diagnosis__CN::main-0414,414,0,12127966331953562963,efficiency>legal_accountability>rnd_institution>misdiagnosis>missed_diagnosis,0,0,eaa13109688f287e,f1a5a9f50a334210,d6996100526d31c3,multinational,low_1,medium_10,one_week,rnd_responsible,domestic_private,medium_8,high_22,instant,liability_waiver
2026-10-05_deepseek_main,government__disease_diagnosis__CN,government,disease_diagnosis,CN,main,government__disease_diagnosis__CN::main-0415,415,0,10234538972429856242,legal_accountability>missed_diagnosis>efficiency>misdiagnosis>rnd_institution,0,0,ccaa9fba2b02e01c,3e9dfc95ed5b0afe,afd5eaf0afe8ec57,multinational,high_18,low_0_5,one_week,rnd_responsible,public,low_1,medium_10,instant,physician_responsible
2026-10-05_deepseek_main,government__disease_diagnosis__CN,government,disease_diagnosis,CN,main,government__disease_diagnosis__CN::main-0416,416,0,518652507781111382,misdiagnosis>rnd_institution>missed_diagnosis>efficiency>legal_accountability,0,0,9e498ff744fa4479,d4aa383fbcfacdfe,98700c426790b9c1,domestic_private,low_1,medium_10,one_week,physician_responsible,multinational,high_18,high_22,instant,liability_waiver
2026-10-05_deepseek_main,government__disease_diagnosis__CN,government,disease_diagnosis,CN,main,government__disease_diagnosis__CN::main-0417,417,0,13259674576529037592,legal_accountability>efficiency>missed_diagnosis>rnd_institution>misdiagnosis,0,0,21bc7c77e4b97e72,b027a3c46a96b852,a58dd6aca34dbe06,domestic_private,high_18,low_0_5,same_day,physician_responsible,multinational,medium_8,medium_10,one_week,liability_waiver
2026-10-05_deepseek_main,government__disease_diagnosis__CN,government,disease_diagnosis,CN,main,government__disease_diagnosis__CN::main-0418,418,0,6762125832827696299,misdiagnosis>legal_accountability>missed_diagnosis>efficiency>rnd_institution,0,0,67f56451eb07b8f2,aa43f5cc1b512e04,4de2b326e12b3fbe,public,low_1,high_22,same_day,rnd_responsible,multinational,medium_8,low_0_5,one_week,physician_responsible
2026-10-05_deepseek_main,government__disease_diagnosis__CN,government,disease_diagnosis,CN,main,government__disease_diagnosis__CN::main-0419,419,0,13288204923563465144,efficiency>rnd_institution>missed_diagnosis>misdiagnosis>legal_accountability,0,0,ca09f7cad90dddf2,a077491d2a968c54,38b53590062adbcf,multinational,low_1,high_22,one_week,liability_waiver,domestic_private,high_18,medium_10,same_day,physician_responsible
2026-10-05_deepseek_main,government__disease_diagnosis__CN,government,disease_diagnosis,CN,main,government__disease_diagnosis__CN::main-0420,420,0,16956184335130561504,misdiagnosis>efficiency>missed_diagnosis>rnd_institution>legal_accountability,0,0,b70e76f706a34eff,f830e5f6a8d9f659,f7a3305668981180,domestic_private,medium_8,low_0_5,one_week,liability_waiver,multinational,low_1,medium_10,same_day,physician_responsible
2026-10-05_deepseek_main,government__disease_diagnosis__CN,government,disease_diagnosis,CN,main,government__disease_diagnosis__CN::main-0421,421,0,2006031429154354924,rnd_institution>missed_diagnosis>efficiency>legal_accountability>misdiagnosis,0,0,8e0a7341ab83b8ab,25092970f5c83a93,9e6525aab62adb98,public,medium_8,high_22,instant,rnd_responsible,domestic_private,high_18,low_0_5,one_week,physician_responsible
2026-10-05_deepseek_main,government__disease_diagnosis__CN,government,disease_diagnosis,CN,main,government__disease_diagnosis__CN::main-0422,422,0,702027637913571159,legal_accountability>missed_diagnosis>efficiency>rnd_institution>misdiagnosis,0,0,577df0c20720c4ab,d11e9c787d96ea6c,87644e2815760391,domestic_private,low_1,low_0_5,one_week,liability_waiver,public,medium_8,high_22,same_day,physician_responsible
2026-10-05_deepseek_main,government__disease_diagnosis__CN,government,disease_diagnosis,CN,main,government__disease_diagnosis__CN::main-0423,423,0,299551078335223476,misdiagnosis>missed_diagnosis>legal_accountability>efficiency>rnd_institution,0,1,80f5b13769c5b966,6c1f64a2b69610da,c1fd2d2725258b04,multinational,high_18,high_22,one_week,rnd_responsible,public,low_1,low_0_5,same_day,physician_responsible
2026-10-05_deepseek_main,government__disease_diagnosis__CN,government,disease_diagnosis,CN,main,government__disease_diagnosis__CN::main-0424,424,0,13664226272605901384,legal_accountability>efficiency>missed_diagnosis>rnd_institution>misdiagnosis,0,0,7132badd9170ee63,09a04625f3a24d34,2b1f03e2c39f8d7b,domestic_private,high_18,low_0_5,instant,physician_responsible,multinational,low_1,high_22,one_week,rnd_responsible
2026-10-05_deepseek_main,government__disease_diagnosis__CN,government,disease_diagnosis,CN,main,government__disease_diagnosis__CN::main-0425,425,0,10979301844176154818,legal_accountability>missed_diagnosis>rnd_institution>efficiency>misdiagnosis,0,1,fc385e6d935ed8ad,83b8ca6639dd1df3,d1888c048ef6e043,domestic_private,high_18,high_22,one_week,rnd_responsible,multinational,medium_8,low_0_5,instant,liability_waiver
2026-10-05_deepseek_main,government__disease_diagnosis__CN,government,disease_diagnosis,CN,main,government__disease_diagnosis__CN::main-0426,426,0,3787912188574038491,missed_diagnosis>legal_accountability>efficiency>rnd_institution>misdiagnosis,0,0,d2fda01cd4c0d6b0,845d0fca44db074e,3f66db13d4091ad8,domestic_private,low_1,low_0_5,one_week,physician_responsible,multinational,high_18,high_22,same_day,rnd_responsible
2026-10-05_deepseek_main,government__disease_diagnosis__CN,government,disease_diagnosis,CN,main,government__disease_diagnosis__CN::main-0427,427,0,446851934709620394,legal_accountability>rnd_institution>efficiency>missed_diagnosis>misdiagnosis,0,0,606bbfe9917ec222,77b1ffc751d6eb60,087c217329fed847,public,low_1,low_0_5,same_day,rnd_responsible,multinational,high_18,medium_10,instant,physician_responsible
2026-10-05_deepseek_main,government__disease_diagnosis__CN,government,disease_diagnosis,CN,main,government__disease_diagnosis__CN::main-0428,428,0,7333021174140255813,rnd_institution>efficiency>misdiagnosis>legal_accountability>missed_diagnosis,0,0,4d2eed6cbf020ff1,66280c9545d9cbcd,9dd88fb3dd46e0a6,multinational,low_1,high_22,one_week,physician_responsible,domestic_private,high_18,low_0_5,same_day,liability_waiver
2026-10-05_deepseek_main,government__disease_diagnosis__CN,government,disease_diagnosis,CN,main,government__disease_diagnosis__CN::main-0429,429,0,1856289881682594686,misdiagnosis>missed_diagnosis>efficiency>legal_accountability>rnd_institution,0,0,5f8d8b18d8724705,254b8d465a05699a,bd48643b4e0bc77d,domestic_private,low_1,low_0_5,one_week,physician_responsible,public,high_18,high_22,instant,rnd_responsible
2026-10-05_deepseek_main,government__disease_diagnosis__CN,government,disease_diagnosis,CN,main,government__disease_diagnosis__CN::main-0430,430,0,12738955823468510735,misdiagnosis>missed_diagnosis>efficiency>legal_accountability>rnd_institution,0,0,e70b82f5324131bd,45c8d5b7ea7e675f,a9b97d2a264042aa,public,medium_8,high_22,one_week,rnd_responsible,domestic_private,high_18,medium_10,same_day,liability_waiver
2026-10-05_deepseek_main,government__disease_diagnosis__CN,government,disease_diagnosis,CN,main,government__disease_diagnosis__CN::main-0431,431,0,4003988002154500635,missed_diagnosis>legal_accountability>misdiagnosis>rnd_institution>efficiency,0,0,fc64b8a782af7e4f,e4391ee600f8a9b6,8e610f5253193db5,public,low_1,low_0_5,same_day,rnd_responsible,domestic_private,medium_8,medium_10,instant,liability_waiver
2026-10-05_deepseek_main,government__disease_diagnosis__CN,government,disease_diagnosis,CN,main,government__disease_diagnosis__CN::main-0432,432,0,14199059141389971719,legal_accountability>rnd_institution>misdiagnosis>missed_diagnosis>efficiency,0,1,9f4df9521ae554b7,5ee6a3651a37ca22,9a0859f8b89a8085,public,medium_8,medium_10,one_week,liability_waiver,domestic_private,low_1,low_0_5,same_day,physician_responsible
2026-10-05_deepseek_main,government__disease_diagnosis__CN,government,disease_diagnosis,CN,main,government__disease_diagnosis__CN::main-0433,433,0,13352412728362205783,efficiency>legal_accountability>misdiagnosis>missed_diagnosis>rnd_institution,0,1,951da5b6b24add6a,951da5b6b24add6a,afd5eaf0afe8ec57,public,high_18,medium_10,one_week,rnd_responsible,multinational,low_1,low_0_5,instant,physician_responsible
2026-10-05_deepseek_main,government__disease_diagnosis__CN,government,disease_diagnosis,CN,main,government__disease_diagnosis__CN::main-0434,434,0,3566537704280021220,legal_accountability>rnd_institution>missed_diagnosis>efficiency>misdiagnosis,1,0,baa5427c14cd3912,07a6c7046ae552db,6b35440207f6f4ac,multinational,low_1,low_0_5,instant,physician_responsible,public,medium_8,medium_10,same_day,liability_waiver
2026-10-05_deepseek_main,government__disease_diagnosis__CN,government,disease_diagnosis,CN,main,government__disease_diagnosis__CN::main-0435,435,0,10485833612222593385,efficiency>misdiagnosis>rnd_institution>legal_accountability>missed_diagnosis,0,0,d27171c56b42bbfc,55ffdfee00473128,b292e1a033682d10,multinational,medium_8,medium_10,one_week,liability_waiver,domestic_private,high_18,low_0_5,same_day,rnd_responsible
2026-10-05_deepseek_main,government__disease_diagnosis__CN,government,disease_diagnosis,CN,main,government__disease_diagnosis__CN::main-0436,436,0,17491566472605773917,misdiagnosis>rnd_institution>legal_accountability>missed_diagnosis>efficiency,0,0,e4f02f4425a274b1,9d92e98d29f1c14f,899b0c2de6f56bf0,multinational,low_1,low_0_5,one_week,physician_responsible,public,medium_8,high_22,same_day,liability_waiver
2026-10-05_deepseek_main,government__disease_diagnosis__CN,government,disease_diagnosis,CN,main,government__disease_diagnosis__CN::main-0437,437,0,15989167744355233248,missed_diagnosis>legal_accountability>rnd_institution>efficiency>misdiagnosis,0,0,160ca01195ae8d9b,d5550df0a0289bb8,e5010d3c62e9b24c,domestic_private,medium_8,low_0_5,instant,rnd_responsible,multinational,low_1,medium_10,one_week,physician_responsible
2026-10-05_deepseek_main,government__disease_diagnosis__CN,government,disease_diagnosis,CN,main,government__disease_diagnosis__CN::main-0438,438,0,13468927544967800947,misdiagnosis>rnd_institution>legal_accountability>efficiency>missed_diagnosis,0,1,9b84197a7140d46d,b76f548dad3000f3,8e4da2671cc47f02,multinational,medium_8,medium_10,one_week,liability_waiver,public,low_1,low_0_5,same_day,physician_responsible
2026-10-05_deepseek_main,government__disease_diagnosis__CN,government,disease_diagnosis,CN,main,government__disease_diagnosis__CN::main-0439,439,0,3110992005218791003,efficiency>rnd_institution>misdiagnosis>legal_accountability>missed_diagnosis,0,0,251aef74c8c9d6e8,b5644efc9ec06569,19c06a42c7f04061,public,medium_8,medium_10,same_day,liability_waiver,multinational,low_1,low_0_5,one_week,rnd_responsible
2026-10-05_deepseek_main,government__disease_diagnosis__CN,government,disease_diagnosis,CN,main,government__disease_diagnosis__CN::main-0440,440,0,2896582740983368321,rnd_institution>misdiagnosis>missed_diagnosis>legal_accountability>efficiency,0,0,d6b22aa7a3331710,b19d758939af8dae,8e4da2671cc47f02,multinational,low_1,medium_10,same_day,liability_waiver,public,medium_8,low_0_5,one_week,physician_responsible
2026-10-05_deepseek_main,government__disease_diagnosis__CN,government,disease_diagnosis,CN,main,government__disease_diagnosis__CN::main-0441,441,0,6204754383033551426,missed_diagnosis>efficiency>legal_accountability>misdiagnosis>rnd_institution,0,0,3ef02765429382e8,61b0d4a7f9c4b2dc,10d66d37625e5fb0,domestic_private,medium_8,medium_10,instant,rnd_responsible,multinational,low_1,low_0_5,one_week,liability_waiver
2026-10-05_deepseek_main,government__disease_diagnosis__CN,government,disease_diagnosis,CN,main,government__disease_diagnosis__CN::main-0442,442,0,3903901430941435794,efficiency>rnd_institution>missed_diagnosis>misdiagnosis>legal_accountability,0,0,8213b0ae56d1b2e6,08509bfd9547364a,003620f1bcfe53ee,multinational,low_1,high_22,same_day,rnd_responsible,domestic_private,high_18,low_0_5,instant,liability_waiver
2026-10-05_deepseek_main,government__disease_diagnosis__CN,government,disease_diagnosis,CN,main,government__disease_diagnosis__CN::main-0443,443,0,9609125732361381532,misdiagnosis>rnd_institution>legal_accountability>missed_diagnosis>efficiency,0,0,5c13bb00fa1a1a6f,984bace8bf218102,164864be700e7b97,multinational,high_18,low_0_5,instant,liability_waiver,domestic_private,medium_8,medium_10,same_day,rnd_responsible
2026-10-05_deepseek_main,government__disease_diagnosis__CN,government,disease_diagnosis,CN,main,government__disease_diagnosis__CN::main-0444,444,0,7476776069384117441,efficiency>legal_accountability>misdiagnosis>rnd_institution>missed_diagnosis,1,0,d91640d8460a1352,27497057a4060d69,f3028014282bd30c,multinational,low_1,medium_10,same_day,rnd_responsible,domestic_private,medium_8,high_22,one_week,physician_responsible
2026-10-05_deepseek_main,government__disease_diagnosis__CN,government,disease_diagnosis,CN,main,government__disease_diagnosis__CN::main-0445,445,0,476829017825376474,efficiency>legal_accountability>rnd_institution>missed_diagnosis>misdiagnosis,0,0,31be54c444fdebfc,9755e145dfcf6d6f,68ab577327bd0322,public,high_18,low_0_5,same_day,liability_waiver,domestic_private,low_1,high_22,one_week,rnd_responsible
2026-10-05_deepseek_main,government__disease_diagnosis__CN,government,disease_diagnosis,CN,main,government__disease_diagnosis__CN::main-0446,446,0,9219775768193678404,misdiagnosis>legal_accountability>rnd_institution>missed_diagnosis>efficiency,0,0,f8f23ef45a9f1102,ba5d5170f503d09d,3f66db13d4091ad8,domestic_private,high_18,high_22,same_day,rnd_responsible,multinational,low_1,low_0_5,one_week,physician_responsible
2026-10-05_deepseek_main,government__disease_diagnosis__CN,government,disease_diagnosis,CN,main,government__disease_diagnosis__CN::main-0447,447,0,5340478395460071517,rnd_institution>missed_diagnosis>efficiency>misdiagnosis>legal_accountability,0,0,38027f228e627b29,e7ec6db0dfe59ea7,997dce941b2802d1,public,medium_8,low_0_5,one_week,liability_waiver,multinational,low_1,high_22,instant,rnd_responsible
2026-10-05_deepseek_main,government__disease_diagnosis__CN,government,disease_diagnosis,CN,main,government__disease_diagnosis__CN::main-0448,448,0,4126507306494554138,missed_diagnosis>legal_accountability>rnd_institution>misdiagnosis>efficiency,0,0,35a5415d47927044,ec17d01f4da4adfd,02bff0c298ae73db,public,low_1,medium_10,one_week,rnd_responsible,domestic_private,high_18,high_22,instant,physician_responsible
2026-10-05_deepseek_main,government__disease_diagnosis__CN,government,disease_diagnosis,CN,main,government__disease_diagnosis__CN::main-0449,449,0,6117446206275695874,missed_diagnosis>legal_accountability>rnd_institution>misdiagnosis>efficiency,0,0,7618bbca939d330d,42c129d4eef1c5a1,1a35dd44570cba52,multinational,low_1,high_22,same_day,liability_waiver,public,medium_8,medium_10,one_week,rnd_responsible
2026-10-05_deepseek_main,government__disease_diagnosis__CN,government,disease_diagnosis,CN,main,government__disease_diagnosis__CN::main-0450,450,0,10349745365716518683,missed_diagnosis>efficiency>misdiagnosis>rnd_institution>legal_accountability,0,0,3f7b1ec48a13a005,b080d3acb5f4fc56,899b0c2de6f56bf0,public,medium_8,low_0_5,one_week,liability_waiver,multinational,low_1,high_22,same_day,physician_responsible
2026-10-05_deepseek_main,government__disease_diagnosis__CN,government,disease_diagnosis,CN,main,government__disease_diagnosis__CN::main-0451,451,0,11181120687605062006,legal_accountability>misdiagnosis>missed_diagnosis>efficiency>rnd_institution,1,0,238a891b560ccec1,0c6be2f7c9285e84,73ca2fe3be832dd4,domestic_private,medium_8,low_0_5,same_day,liability_waiver,multinational,high_18,high_22,one_week,physician_responsible
2026-10-05_deepseek_main,government__disease_diagnosis__CN,government,disease_diagnosis,CN,main,government__disease_diagnosis__CN::main-0452,452,0,732082840931864510,missed_diagnosis>rnd_institution>legal_accountability>efficiency>misdiagnosis,0,0,d1350db1843dddf4,42d3315d4597214e,003620f1bcfe53ee,domestic_private,low_1,low_0_5,same_day,rnd_responsible,multinational,high_18,high_22,instant,liability_waiver
2026-10-05_deepseek_main,government__disease_diagnosis__CN,government,disease_diagnosis,CN,main,government__disease_diagnosis__CN::main-0453,453,0,18187636828515828360,misdiagnosis>missed_diagnosis>rnd_institution>efficiency>legal_accountability,0,0,07d066648f15d4ce,f82de03174f6c78a,39f94aae62ffee23,multinational,medium_8,medium_10,same_day,rnd_responsible,public,low_1,high_22,one_week,physician_responsible
2026-10-05_deepseek_main,government__disease_diagnosis__CN,government,disease_diagnosis,CN,main,government__disease_diagnosis__CN::main-0454,454,0,9737859393725273485,rnd_institution>missed_diagnosis>misdiagnosis>legal_accountability>efficiency,0,0,9f50a581800b584b,9bd161262113642d,31f91fd6e0219897,multinational,high_18,medium_10,one_week,physician_responsible,public,medium_8,high_22,instant,liability_waiver
2026-10-05_deepseek_main,government__disease_diagnosis__CN,government,disease_diagnosis,CN,main,government__disease_diagnosis__CN::main-0455,455,0,14542253601658378171,misdiagnosis>efficiency>rnd_institution>legal_accountability>missed_diagnosis,0,0,2ac044f6b63c681d,0629533d36588ad0,b6ee58e237c6925f,domestic_private,medium_8,medium_10,one_week,physician_responsible,multinational,low_1,high_22,same_day,liability_waiver
2026-10-05_deepseek_main,government__disease_diagnosis__CN,government,disease_diagnosis,CN,main,government__disease_diagnosis__CN::main-0456,456,0,8807016924387358251,efficiency>missed_diagnosis>legal_accountability>misdiagnosis>rnd_institution,0,1,c9954074d8c8d3bd,8f9c8bceaad418cd,35d55019d9067c3a,multinational,high_18,high_22,one_week,physician_responsible,public,low_1,low_0_5,instant,liability_waiver
2026-10-05_deepseek_main,government__disease_diagnosis__CN,government,disease_diagnosis,CN,main,government__disease_diagnosis__CN::main-0457,457,0,6043905324168120579,missed_diagnosis>legal_accountability>efficiency>rnd_institution>misdiagnosis,0,0,17bf6ae9c5b1db7f,9401e783526cc85c,3f66db13d4091ad8,domestic_private,low_1,low_0_5,one_week,rnd_responsible,multinational,high_18,high_22,same_day,physician_responsible
2026-10-05_deepseek_main,government__disease_diagnosis__CN,government,disease_diagnosis,CN,main,government__disease_diagnosis__CN::main-0458,458,0,11837762461061805415,efficiency>misdiagnosis>missed_diagnosis>rnd_institution>legal_accountability,0,0,85b292b57f2e3a6e,77363c3e64d73d3d,2f7b29414f139e3c,public,low_1,low_0_5,one_week,physician_responsible,domestic_private,medium_8,medium_10,same_day,rnd_responsible
2026-10-05_deepseek_main,government__disease_diagnosis__CN,government,disease_diagnosis,CN,main,government__disease_diagnosis__CN::main-0459,459,0,5535779969290895382,legal_accountability>misdiagnosis>rnd_institution>efficiency>missed_diagnosis,0,0,0f0dd5a562f11919,b7cfb238cf2948b8,6a9333da68106a13,public,low_1,high_22,instant,rnd_responsible,domestic_private,medium_8,medium_10,same_day,liability_waiver
2026-10-05_deepseek_main,government__disease_diagnosis__CN,government,disease_diagnosis,CN,main,government__disease_diagnosis__CN::main-0460,460,0,9939336144727470133,misdiagnosis>missed_diagnosis>rnd_institution>efficiency>legal_accountability,0,0,a14a981db93bebcc,2e87784c4a23a61b,6d0f7825fc1d5bd2,domestic_private,medium_8,low_0_5,instant,physician_responsible,public,low_1,high_22,same_day,liability_waiver
2026-10-05_deepseek_main,government__disease_diagnosis__CN,government,disease_diagnosis,CN,main,government__disease_diagnosis__CN::main-0461,461,0,1968793703735001171,efficiency>missed_diagnosis>misdiagnosis>rnd_institution>legal_accountability,1,0,14f7442f6c4aba85,3d88eddf93068638,e901ca79bb6809d2,public,low_1,low_0_5,instant,liability_waiver,domestic_private,medium_8,medium_10,one_week,physician_responsible
2026-10-05_deepseek_main,government__disease_diagnosis__CN,government,disease_diagnosis,CN,main,government__disease_diagnosis__CN::main-0462,462,0,3807575204865045992,legal_accountability>rnd_institution>missed_diagnosis>misdiagnosis>efficiency,0,1,609eca0402171409,6ce71141677219a8,19c06a42c7f04061,public,medium_8,medium_10,one_week,rnd_responsible,multinational,low_1,low_0_5,same_day,liability_waiver
2026-10-05_deepseek_main,government__disease_diagnosis__CN,government,disease_diagnosis,CN,main,government__disease_diagnosis__CN::main-0463,463,0,7131953475139591891,missed_diagnosis>rnd_institution>legal_accountability>efficiency>misdiagnosis,0,0,885cf8ba1d2f512b,c6926473590844ab,030729e1803313a7,public,high_18,low_0_5,same_day,liability_waiver,domestic_private,medium_8,high_22,one_week,physician_responsible
2026-10-05_deepseek_main,government__disease_diagnosis__CN,government,disease_diagnosis,CN,main,government__disease_diagnosis__CN::main-0464,464,0,15456718263579428399,missed_diagnosis>legal_accountability>efficiency>rnd_institution>misdiagnosis,0,0,7b302fefec886c0f,02bff0c298ae73db,02bff0c298ae73db,domestic_private,high_18,high_22,instant,physician_responsible,public,low_1,medium_10,one_week,rnd_responsible
2026-10-05_deepseek_main,government__disease_diagnosis__CN,government,disease_diagnosis,CN,main,government__disease_diagnosis__CN::main-0465,465,0,6964100902758794803,legal_accountability>missed_diagnosis>misdiagnosis>rnd_institution>efficiency,0,1,e5922c701b87de5e,c6e614face5688e8,ab0675e47b2c5992,public,high_18,medium_10,same_day,liability_waiver,domestic_private,low_1,low_0_5,instant,physician_responsible
2026-10-05_deepseek_main,government__disease_diagnosis__CN,government,disease_diagnosis,CN,main,government__disease_diagnosis__CN::main-0466,466,0,5676136794590389744,efficiency>legal_accountability>misdiagnosis>rnd_institution>missed_diagnosis,0,1,ac35ef1952741cef,bcc7daa1fad00512,8a0b6d3cd13909b2,public,medium_8,medium_10,same_day,liability_waiver,domestic_private,low_1,low_0_5,instant,physician_responsible
2026-10-05_deepseek_main,government__disease_diagnosis__CN,government,disease_diagnosis,CN,main,government__disease_diagnosis__CN::main-0467,467,0,1681286243186186120,misdiagnosis>legal_accountability>missed_diagnosis>efficiency>rnd_institution,0,0,9e3b699f637ac9bd,41ccba7e87bb7cea,6330454730b35840,domestic_private,high_18,low_0_5,one_week,liability_waiver,multinational,low_1,medium_10,instant,physician_responsible
2026-10-05_deepseek_main,government__disease_diagnosis__CN,government,disease_diagnosis,CN,main,government__disease_diagnosis__CN::main-0468,468,0,2633417390901864681,missed_diagnosis>efficiency>misdiagnosis>rnd_institution>legal_accountability,0,0,d90e5a1d0faccb5d,0bf0ba2aaf778c29,275eac1d094ecb85,multinational,medium_8,high_22,one_week,rnd_responsible,domestic_private,high_18,low_0_5,instant,physician_responsible
2026-10-05_deepseek_main,government__disease_diagnosis__CN,government,disease_diagnosis,CN,main,government__disease_diagnosis__CN::main-0469,469,0,6273180703466015862,legal_accountability>efficiency>missed_diagnosis>rnd_institution>misdiagnosis,1,0,dc37edd02031ef3c,16f39c187bff7b56,6cf373fdbb1c52bd,domestic_private,medium_8,medium_10,instant,rnd_responsible,public,high_18,high_22,same_day,liability_waiver
2026-10-05_deepseek_main,government__disease_diagnosis__CN,government,disease_diagnosis,CN,main,government__disease_diagnosis__CN::main-0470,470,0,4549415451007915075,efficiency>missed_diagnosis>legal_accountability>rnd_institution>misdiagnosis,0,0,5d4545cf03b6ac8f,9c867aedcb4bc80e,02bff0c298ae73db,public,low_1,high_22,instant,physician_responsible,domestic_private,high_18,medium_10,one_week,rnd_responsible
2026-10-05_deepseek_main,government__disease_diagnosis__CN,government,disease_diagnosis,CN,main,government__disease_diagnosis__CN::main-0471,471,0,13622113321152027467,misdiagnosis>legal_accountability>rnd_institution>efficiency>missed_diagnosis,0,0,58625041232c0e86,802f29e5b7596b21,030729e1803313a7,public,high_18,low_0_5,one_week,physician_responsible,domestic_private,medium_8,high_22,same_day,liability_waiver
2026-10-05_deepseek_main,government__disease_diagnosis__CN,government,disease_diagnosis,CN,main,government__disease_diagnosis__CN::main-0472,472,0,5941282601130087325,missed_diagnosis>efficiency>misdiagnosis>rnd_institution>legal_accountability,0,0,a1b3586a50d793e6,0b012f3b7910e51f,e7e1a5366ce8bda2,public,medium_8,medium_10,one_week,rnd_responsible,domestic_private,low_1,high_22,same_day,physician_responsible
2026-10-05_deepseek_main,government__disease_diagnosis__CN,government,disease_diagnosis,CN,main,government__disease_diagnosis__CN::main-0473,473,0,6243596626726743662,rnd_institution>efficiency>misdiagnosis>legal_accountability>missed_diagnosis,1,0,bbbd4743909df1fe,8d27ea3da06a274f,70c3b1efb3ca6329,public,low_1,medium_10,same_day,liability_waiver,multinational,high_18,high_22,one_week,physician_responsible
2026-10-05_deepseek_main,government__disease_diagnosis__CN,government,disease_diagnosis,CN,main,government__disease_diagnosis__CN::main-0474,474,0,3906672342727152887,misdiagnosis>efficiency>rnd_institution>missed_diagnosis>legal_accountability,0,1,25798ef8a629aa27,85d30b47f0d3589b,d7d5358887548be0,domestic_private,high_18,medium_10,one_week,liability_waiver,public,low_1,low_0_5,instant,rnd_responsible
2026-10-05_deepseek_main,government__disease_diagnosis__CN,government,disease_diagnosis,CN,main,government__disease_diagnosis__CN::main-0475,475,0,8147546559598925668,misdiagnosis>missed_diagnosis>legal_accountability>rnd_institution>efficiency,0,0,b79027bcefb4dc13,8f9e66381b1ab9ea,1102faab0aad834a,public,medium_8,low_0_5,one_week,liability_waiver,multinational,high_18,high_22,same_day,rnd_responsible
2026-10-05_deepseek_main,government__disease_diagnosis__CN,government,disease_diagnosis,CN,main,government__disease_diagnosis__CN::main-0476,476,0,443978600210867635,rnd_institution>efficiency>missed_diagnosis>legal_accountability>misdiagnosis,1,0,e29a2587c977c455,477ed237e10c67e8,2ef6880c8178239f,public,low_1,medium_10,instant,rnd_responsible,multinational,medium_8,high_22,one_week,physician_responsible
2026-10-05_deepseek_main,government__disease_diagnosis__CN,government,disease_diagnosis,CN,main,government__disease_diagnosis__CN::main-0477,477,0,17256294741259902381,rnd_institution>efficiency>missed_diagnosis>legal_accountability>misdiagnosis,0,0,f5e82e7e024565c3,74063f0b95d5457a,a9db22fd71cfbf85,domestic_private,high_18,low_0_5,same_day,liability_waiver,public,low_1,medium_10,one_week,physician_responsible
2026-10-05_deepseek_main,government__disease_diagnosis__CN,government,disease_diagnosis,CN,main,government__disease_diagnosis__CN::main-0478,478,0,14319658452594766583,efficiency>misdiagnosis>rnd_institution>legal_accountability>missed_diagnosis,1,0,027734959580a04a,3d88eddf93068638,e901ca79bb6809d2,public,low_1,low_0_5,instant,liability_waiver,domestic_private,medium_8,medium_10,one_week,physician_responsible
2026-10-05_deepseek_main,government__disease_diagnosis__CN,government,disease_diagnosis,CN,main,government__disease_diagnosis__CN::main-0479,479,0,2494796579624250677,legal_accountability>rnd_institution>misdiagnosis>efficiency>missed_diagnosis,0,0,de8efcc226cab264,3236c021f2116b41,8e610f5253193db5,domestic_private,medium_8,low_0_5,instant,liability_waiver,public,low_1,medium_10,same_day,rnd_responsible
2026-10-05_deepseek_main,government__disease_diagnosis__CN,government,disease_diagnosis,CN,main,government__disease_diagnosis__CN::main-0480,480,0,16010839783512197132,legal_accountability>missed_diagnosis>efficiency>rnd_institution>misdiagnosis,0,1,b2a873850f9b4dc1,b9f8e1919b743b6a,9e5cad82f8d1f044,multinational,high_18,high_22,one_week,liability_waiver,public,medium_8,low_0_5,instant,physician_responsible
2026-10-05_deepseek_main,government__disease_diagnosis__CN,government,disease_diagnosis,CN,main,government__disease_diagnosis__CN::main-0481,481,0,11010963162401960809,efficiency>legal_accountability>missed_diagnosis>rnd_institution>misdiagnosis,0,0,a1445346f3189851,8219305dd3821cb2,b3f3f3bb816d9d90,domestic_private,high_18,high_22,same_day,rnd_responsible,multinational,low_1,medium_10,one_week,physician_responsible
2026-10-05_deepseek_main,government__disease_diagnosis__CN,government,disease_diagnosis,CN,main,government__disease_diagnosis__CN::main-0482,482,0,1602230369065380544,legal_accountability>rnd_institution>misdiagnosis>efficiency>missed_diagnosis,0,0,7b6f32f05bcabe12,b252ed5a3f886605,e62093a4b80d676b,public,high_18,low_0_5,instant,physician_responsible,domestic_private,low_1,high_22,same_day,liability_waiver
2026-10-05_deepseek_main,government__disease_diagnosis__CN,government,disease_diagnosis,CN,main,government__disease_diagnosis__CN::main-0483,483,0,4035911209965244855,legal_accountability>efficiency>rnd_institution>missed_diagnosis>misdiagnosis,0,0,e8fa0a594214fade,e644fb53fd6feec2,e46be8791cbc804b,multinational,high_18,medium_10,instant,rnd_responsible,domestic_private,low_1,high_22,same_day,liability_waiver
2026-10-05_deepseek_main,government__disease_diagnosis__CN,government,disease_diagnosis,CN,main,government__disease_diagnosis__CN::main-0484,484,0,3672701308436431757,legal_accountability>rnd_institution>misdiagnosis>missed_diagnosis>efficiency,0,1,23b01d420b3a63e7,7e0bf7916376b91d,6b4dd668623eb2fa,multinational,high_18,high_22,one_week,physician_responsible,domestic_private,medium_8,low_0_5,instant,liability_waiver
2026-10-05_deepseek_main,government__disease_diagnosis__CN,government,disease_diagnosis,CN,main,government__disease_diagnosis__CN::main-0485,485,0,9630336267570977066,rnd_institution>missed_diagnosis>legal_accountability>misdiagnosis>efficiency,1,0,d0399106686483e2,e28509ffccc157a5,27044dcd924da66b,multinational,low_1,medium_10,same_day,physician_responsible,public,medium_8,high_22,one_week,liability_waiver
2026-10-05_deepseek_main,government__disease_diagnosis__CN,government,disease_diagnosis,CN,main,government__disease_diagnosis__CN::main-0486,486,0,10086474334326369748,missed_diagnosis>legal_accountability>efficiency>rnd_institution>misdiagnosis,0,0,405fffeea7bb98c0,2028c5802863080b,ffd3ce18b89778aa,public,medium_8,medium_10,instant,rnd_responsible,multinational,low_1,low_0_5,same_day,physician_responsible
2026-10-05_deepseek_main,government__disease_diagnosis__CN,government,disease_diagnosis,CN,main,government__disease_diagnosis__CN::main-0487,487,0,9781386833799133865,efficiency>legal_accountability>missed_diagnosis>misdiagnosis>rnd_institution,0,0,132485c2210fed11,adc09021e154b367,aee7dd5187145a26,public,medium_8,medium_10,instant,physician_responsible,multinational,low_1,high_22,same_day,rnd_responsible
2026-10-05_deepseek_main,government__disease_diagnosis__CN,government,disease_diagnosis,CN,main,government__disease_diagnosis__CN::main-0488,488,0,3565411850102270413,legal_accountability>efficiency>rnd_institution>misdiagnosis>missed_diagnosis,0,1,0ce1d92242e9e73a,da9acd2e299dbf8b,4fa321d3e2a95aa3,public,high_18,high_22,one_week,physician_responsible,domestic_private,low_1,low_0_5,same_day,rnd_responsible
2026-10-05_deepseek_main,government__disease_diagnosis__CN,government,disease_diagnosis,CN,main,government__disease_diagnosis__CN::main-0489,489,0,6777328404945091874,rnd_institution>missed_diagnosis>misdiagnosis>efficiency>legal_accountability,0,0,441b33635485fc24,6d106c1dbeb1100c,899b0c2de6f56bf0,public,low_1,low_0_5,one_week,physician_responsible,multinational,medium_8,high_22,same_day,liability_waiver
2026-10-05_deepseek_main,government__disease_diagnosis__CN,government,disease_diagnosis,CN,main,government__disease_diagnosis__CN::main-0490,490,0,8753568973021972618,rnd_institution>misdiagnosis>efficiency>missed_diagnosis>legal_accountability,0,1,c7ce6dd9252671c2,3fd2e7076548470d,82313a2e69fb7405,domestic_private,high_18,high_22,one_week,physician_responsible,public,low_1,medium_10,same_day,liability_waiver
2026-10-05_deepseek_main,government__disease_diagnosis__CN,government,disease_diagnosis,CN,main,government__disease_diagnosis__CN::main-0491,491,0,8890663352287688774,missed_diagnosis>efficiency>rnd_institution>legal_accountability>misdiagnosis,1,0,763138312c82b3b9,c94c74d16bb1a437,151cb4a84ec128ac,multinational,low_1,medium_10,same_day,physician_responsible,public,high_18,high_22,one_week,rnd_responsible
2026-10-05_deepseek_main,government__disease_diagnosis__CN,government,disease_diagnosis,CN,main,government__disease_diagnosis__CN::main-0492,492,0,5190928881407379805,efficiency>legal_accountability>misdiagnosis>missed_diagnosis>rnd_institution,0,0,4c7cbe6bd4822b9b,4c7cbe6bd4822b9b,8e4da2671cc47f02,multinational,medium_8,low_0_5,one_week,physician_responsible,public,low_1,medium_10,same_day,liability_waiver
2026-10-05_deepseek_main,government__disease_diagnosis__CN,government,disease_diagnosis,CN,main,government__disease_diagnosis__CN::main-0493,493,0,6556699461077191599,missed_diagnosis>rnd_institution>efficiency>misdiagnosis>legal_accountability,0,0,1b90fa0a1b26f5f8,449206cc1cc14570,29998aa2f51bc16f,public,high_18,low_0_5,same_day,rnd_responsible,domestic_private,medium_8,high_22,instant,physician_responsible
2026-10-05_deepseek_main,government__disease_diagnosis__CN,government,disease_diagnosis,CN,main,government__disease_diagnosis__CN::main-0494,494,0,2316727602585281866,misdiagnosis>efficiency>legal_accountability>missed_diagnosis>rnd_institution,0,0,6acb5b63f569c119,c025e36fbde737e6,c025e36fbde737e6,domestic_private,low_1,high_22,instant,physician_responsible,multinational,medium_8,low_0_5,one_week,rnd_responsible
2026-10-05_deepseek_main,government__disease_diagnosis__CN,government,disease_diagnosis,CN,main,government__disease_diagnosis__CN::main-0495,495,0,1161311942553302978,rnd_institution>missed_diagnosis>legal_accountability>efficiency>misdiagnosis,0,0,b4a712e2ba4d8b27,9144176ff6eef750,87c1c36888c85ac6,domestic_private,medium_8,medium_10,one_week,physician_responsible,multinational,low_1,high_22,instant,rnd_responsible
2026-10-05_deepseek_main,government__disease_diagnosis__CN,government,disease_diagnosis,CN,main,government__disease_diagnosis__CN::main-0496,496,0,5026087889086161037,missed_diagnosis>rnd_institution>misdiagnosis>efficiency>legal_accountability,0,1,d9fc81e1d98a1314,9750725bb31a6c94,169b6d92e2b31140,public,high_18,high_22,same_day,physician_responsible,multinational,low_1,medium_10,instant,liability_waiver
2026-10-05_deepseek_main,government__disease_diagnosis__CN,government,disease_diagnosis,CN,main,government__disease_diagnosis__CN::main-0497,497,0,9422651795076612752,rnd_institution>misdiagnosis>legal_accountability>efficiency>missed_diagnosis,0,0,17dc84f9bd250d35,9ef42fadaaf7b570,a479d033fc93fc5e,multinational,low_1,high_22,same_day,physician_responsible,public,high_18,low_0_5,instant,rnd_responsible
2026-10-05_deepseek_main,government__disease_diagnosis__CN,government,disease_diagnosis,CN,main,government__disease_diagnosis__CN::main-0498,498,0,8655026963338005306,missed_diagnosis>legal_accountability>efficiency>misdiagnosis>rnd_institution,0,0,d2db125a1e18c0bb,3fded1f7008463f9,be6f7c05c38dbb58,multinational,low_1,high_22,same_day,liability_waiver,public,high_18,low_0_5,one_week,physician_responsible
2026-10-05_deepseek_main,government__disease_diagnosis__CN,government,disease_diagnosis,CN,main,government__disease_diagnosis__CN::main-0499,499,0,10512366857552845931,efficiency>rnd_institution>missed_diagnosis>legal_accountability>misdiagnosis,1,0,944aa5dfe8ba2458,fb538174ba7eabdc,0c0f1d6b3eb8628d,domestic_private,medium_8,medium_10,instant,rnd_responsible,public,high_18,high_22,same_day,physician_responsible
2026-10-05_deepseek_main,government__disease_diagnosis__CN,government,disease_diagnosis,CN,anchor,government__disease_diagnosis__CN::anchor-00-rep00,0,0,10101086139306213919,efficiency>misdiagnosis>rnd_institution>missed_diagnosis>legal_accountability,0,1,d97805b65c312a34,5206de9350c27e26,9403257fd0380b35,public,medium_8,high_22,one_week,physician_responsible,domestic_private,low_1,medium_10,instant,liability_waiver
2026-10-05_deepseek_main,government__disease_diagnosis__CN,government,disease_diagnosis,CN,anchor,government__disease_diagnosis__CN::anchor-00-rep01,0,1,10101086139306213919,efficiency>misdiagnosis>rnd_institution>missed_diagnosis>legal_accountability,0,1,d97805b65c312a34,5206de9350c27e26,9403257fd0380b35,public,medium_8,high_22,one_week,physician_responsible,domestic_private,low_1,medium_10,instant,liability_waiver
2026-10-05_deepseek_main,government__disease_diagnosis__CN,government,disease_diagnosis,CN,anchor,government__disease_diagnosis__CN::anchor-00-rep02,0,2,10101086139306213919,efficiency>misdiagnosis>rnd_institution>missed_diagnosis>legal_accountability,0,1,d97805b65c312a34,5206de9350c27e26,9403257fd0380b35,public,medium_8,high_22,one_week,physician_responsible,domestic_private,low_1,medium_10,instant,liability_waiver
2026-10-05_deepseek_main,government__disease_diagnosis__CN,government,disease_diagnosis,CN,anchor,government__disease_diagnosis__CN::anchor-00-rep03,0,3,10101086139306213919,efficiency>misdiagnosis>rnd_institution>missed_diagnosis>legal_accountability,0,1,d97805b65c312a34,5206de9350c27e26,9403257fd0380b35,public,medium_8,high_22,one_week,physician_responsible,domestic_private,low_1,medium_10,instant,liability_waiver
2026-10-05_deepseek_main,government__disease_diagnosis__CN,government,disease_diagnosis,CN,anchor,government__disease_diagnosis__CN::anchor-00-rep04,0,4,10101086139306213919,efficiency>misdiagnosis>rnd_institution>missed_diagnosis>legal_accountability,0,1,d97805b65c312a34,5206de9350c27e26,9403257fd0380b35,public,medium_8,high_22,one_week,physician_responsible,domestic_private,low_1,medium_10,instant,liability_waiver
2026-10-05_deepseek_main,government__disease_diagnosis__CN,government,disease_diagnosis,CN,anchor,government__disease_diagnosis__CN::anchor-00-rep05,0,5,10101086139306213919,efficiency>misdiagnosis>rnd_institution>missed_diagnosis>legal_accountability,0,1,d97805b65c312a34,5206de9350c27e26,9403257fd0380b35,public,medium_8,high_22,one_week,physician_responsible,domestic_private,low_1,medium_10,instant,liability_waiver
2026-10-05_deepseek_main,government__disease_diagnosis__CN,government,disease_diagnosis,CN,anchor,government__disease_diagnosis__CN::anchor-00-rep06,0,6,10101086139306213919,efficiency>misdiagnosis>rnd_institution>missed_diagnosis>legal_accountability,0,1,d97805b65c312a34,5206de9350c27e26,9403257fd0380b35,public,medium_8,high_22,one_week,physician_responsible,domestic_private,low_1,medium_10,instant,liability_waiver
2026-10-05_deepseek_main,government__disease_diagnosis__CN,government,disease_diagnosis,CN,anchor,government__disease_diagnosis__CN::anchor-00-rep07,0,7,10101086139306213919,efficiency>misdiagnosis>rnd_institution>missed_diagnosis>legal_accountability,0,1,d97805b65c312a34,5206de9350c27e26,9403257fd0380b35,public,medium_8,high_22,one_week,physician_responsible,domestic_private,low_1,medium_10,instant,liability_waiver
2026-10-05_deepseek_main,government__disease_diagnosis__CN,government,disease_diagnosis,CN,anchor,government__disease_diagnosis__CN::anchor-00-rep08,0,8,10101086139306213919,efficiency>misdiagnosis>rnd_institution>missed_diagnosis>legal_accountability,0,1,d97805b65c312a34,5206de9350c27e26,9403257fd0380b35,public,medium_8,high_22,one_week,physician_responsible,domestic_private,low_1,medium_10,instant,liability_waiver
2026-10-05_deepseek_main,government__disease_diagnosis__CN,government,disease_diagnosis,CN,anchor,government__disease_diagnosis__CN::anchor-00-rep09,0,9,10101086139306213919,efficiency>misdiagnosis>rnd_institution>missed_diagnosis>legal_accountability,0,1,d97805b65c312a34,5206de9350c27e26,9403257fd0380b35,public,medium_8,high_22,one_week,physician_responsible,domestic_private,low_1,medium_10,instant,liability_waiver
2026-10-05_deepseek_main,government__disease_diagnosis__CN,government,disease_diagnosis,CN,anchor,government__disease_diagnosis__CN::anchor-00-rep10,0,10,10101086139306213919,efficiency>misdiagnosis>rnd_institution>missed_diagnosis>legal_accountability,0,1,d97805b65c312a34,5206de9350c27e26,9403257fd0380b35,public,medium_8,high_22,one_week,physician_responsible,domestic_private,low_1,medium_10,instant,liability_waiver
2026-10-05_deepseek_main,government__disease_diagnosis__CN,government,disease_diagnosis,CN,anchor,government__disease_diagnosis__CN::anchor-00-rep11,0,11,10101086139306213919,efficiency>misdiagnosis>rnd_institution>missed_diagnosis>legal_accountability,0,1,d97805b65c312a34,5206de9350c27e26,9403257fd0380b35,public,medium_8,high_22,one_week,physician_responsible,domestic_private,low_1,medium_10,instant,liability_waiver
2026-10-05_deepseek_main,government__disease_diagnosis__CN,government,disease_diagnosis,CN,anchor,government__disease_diagnosis__CN::anchor-01-rep00,1,0,5354894457040500224,missed_diagnosis>efficiency>misdiagnosis>legal_accountability>rnd_institution,0,0,fba55d950129612b,ccb79c49e300a7b7,b4ff6bf38412e002,multinational,low_1,high_22,same_day,rnd_responsible,domestic_private,high_18,low_0_5,instant,physician_responsible
2026-10-05_deepseek_main,government__disease_diagnosis__CN,government,disease_diagnosis,CN,anchor,government__disease_diagnosis__CN::anchor-01-rep01,1,1,5354894457040500224,missed_diagnosis>efficiency>misdiagnosis>legal_accountability>rnd_institution,0,0,fba55d950129612b,ccb79c49e300a7b7,b4ff6bf38412e002,multinational,low_1,high_22,same_day,rnd_responsible,domestic_private,high_18,low_0_5,instant,physician_responsible
2026-10-05_deepseek_main,government__disease_diagnosis__CN,government,disease_diagnosis,CN,anchor,government__disease_diagnosis__CN::anchor-01-rep02,1,2,5354894457040500224,missed_diagnosis>efficiency>misdiagnosis>legal_accountability>rnd_institution,0,0,fba55d950129612b,ccb79c49e300a7b7,b4ff6bf38412e002,multinational,low_1,high_22,same_day,rnd_responsible,domestic_private,high_18,low_0_5,instant,physician_responsible
2026-10-05_deepseek_main,government__disease_diagnosis__CN,government,disease_diagnosis,CN,anchor,government__disease_diagnosis__CN::anchor-01-rep03,1,3,5354894457040500224,missed_diagnosis>efficiency>misdiagnosis>legal_accountability>rnd_institution,0,0,fba55d950129612b,ccb79c49e300a7b7,b4ff6bf38412e002,multinational,low_1,high_22,same_day,rnd_responsible,domestic_private,high_18,low_0_5,instant,physician_responsible
2026-10-05_deepseek_main,government__disease_diagnosis__CN,government,disease_diagnosis,CN,anchor,government__disease_diagnosis__CN::anchor-01-rep04,1,4,5354894457040500224,missed_diagnosis>efficiency>misdiagnosis>legal_accountability>rnd_institution,0,0,fba55d950129612b,ccb79c49e300a7b7,b4ff6bf38412e002,multinational,low_1,high_22,same_day,rnd_responsible,domestic_private,high_18,low_0_5,instant,physician_responsible
2026-10-05_deepseek_main,government__disease_diagnosis__CN,government,disease_diagnosis,CN,anchor,government__disease_diagnosis__CN::anchor-01-rep05,1,5,5354894457040500224,missed_diagnosis>efficiency>misdiagnosis>legal_accountability>rnd_institution,0,0,fba55d950129612b,ccb79c49e300a7b7,b4ff6bf38412e002,multinational,low_1,high_22,same_day,rnd_responsible,domestic_private,high_18,low_0_5,instant,physician_responsible
2026-10-05_deepseek_main,government__disease_diagnosis__CN,government,disease_diagnosis,CN,anchor,government__disease_diagnosis__CN::anchor-01-rep06,1,6,5354894457040500224,missed_diagnosis>efficiency>misdiagnosis>legal_accountability>rnd_institution,0,0,fba55d950129612b,ccb79c49e300a7b7,b4ff6bf38412e002,multinational,low_1,high_22,same_day,rnd_responsible,domestic_private,high_18,low_0_5,instant,physician_responsible
2026-10-05_deepseek_main,government__disease_diagnosis__CN,government,disease_diagnosis,CN,anchor,government__disease_diagnosis__CN::anchor-01-rep07,1,7,5354894457040500224,missed_diagnosis>efficiency>misdiagnosis>legal_accountability>rnd_institution,0,0,fba55d950129612b,ccb79c49e300a7b7,b4ff6bf38412e002,multinational,low_1,high_22,same_day,rnd_responsible,domestic_private,high_18,low_0_5,instant,physician_responsible
2026-10-05_deepseek_main,government__disease_diagnosis__CN,government,disease_diagnosis,CN,anchor,government__disease_diagnosis__CN::anchor-01-rep08,1,8,5354894457040500224,missed_diagnosis>efficiency>misdiagnosis>legal_accountability>rnd_institution,0,0,fba55d950129612b,ccb79c49e300a7b7,b4ff6bf38412e002,multinational,low_1,high_22,same_day,rnd_responsible,domestic_private,high_18,low_0_5,instant,physician_responsible
2026-10-05_deepseek_main,government__disease_diagnosis__CN,government,disease_diagnosis,CN,anchor,government__disease_diagnosis__CN::anchor-01-rep09,1,9,5354894457040500224,missed_diagnosis>efficiency>misdiagnosis>legal_accountability>rnd_institution,0,0,fba55d950129612b,ccb79c49e300a7b7,b4ff6bf38412e002,multinational,low_1,high_22,same_day,rnd_responsible,domestic_private,high_18,low_0_5,instant,physician_responsible
2026-10-05_deepseek_main,government__disease_diagnosis__CN,government,disease_diagnosis,CN,anchor,government__disease_diagnosis__CN::anchor-01-rep10,1,10,5354894457040500224,missed_diagnosis>efficiency>misdiagnosis>legal_accountability>rnd_institution,0,0,fba55d950129612b,ccb79c49e300a7b7,b4ff6bf38412e002,multinational,low_1,high_22,same_day,rnd_responsible,domestic_private,high_18,low_0_5,instant,physician_responsible
2026-10-05_deepseek_main,government__disease_diagnosis__CN,government,disease_diagnosis,CN,anchor,government__disease_diagnosis__CN::anchor-01-rep11,1,11,5354894457040500224,missed_diagnosis>efficiency>misdiagnosis>legal_accountability>rnd_institution,0,0,fba55d950129612b,ccb79c49e300a7b7,b4ff6bf38412e002,multinational,low_1,high_22,same_day,rnd_responsible,domestic_private,high_18,low_0_5,instant,physician_responsible
2026-10-05_deepseek_main,government__disease_diagnosis__CN,government,disease_diagnosis,CN,anchor,government__disease_diagnosis__CN::anchor-02-rep00,2,0,13016044071820467881,rnd_institution>missed_diagnosis>efficiency>legal_accountability>misdiagnosis,0,1,6b266092c916b5fa,b5a94b1926ad82c7,bd37860eb50cbf3c,domestic_private,high_18,medium_10,one_week,rnd_responsible,public,low_1,low_0_5,same_day,physician_responsible
2026-10-05_deepseek_main,government__disease_diagnosis__CN,government,disease_diagnosis,CN,anchor,government__disease_diagnosis__CN::anchor-02-rep01,2,1,13016044071820467881,rnd_institution>missed_diagnosis>efficiency>legal_accountability>misdiagnosis,0,1,6b266092c916b5fa,b5a94b1926ad82c7,bd37860eb50cbf3c,domestic_private,high_18,medium_10,one_week,rnd_responsible,public,low_1,low_0_5,same_day,physician_responsible
2026-10-05_deepseek_main,government__disease_diagnosis__CN,government,disease_diagnosis,CN,anchor,government__disease_diagnosis__CN::anchor-02-rep02,2,2,13016044071820467881,rnd_institution>missed_diagnosis>efficiency>legal_accountability>misdiagnosis,0,1,6b266092c916b5fa,b5a94b1926ad82c7,bd37860eb50cbf3c,domestic_private,high_18,medium_10,one_week,rnd_responsible,public,low_1,low_0_5,same_day,physician_responsible
2026-10-05_deepseek_main,government__disease_diagnosis__CN,government,disease_diagnosis,CN,anchor,government__disease_diagnosis__CN::anchor-02-rep03,2,3,13016044071820467881,rnd_institution>missed_diagnosis>efficiency>legal_accountability>misdiagnosis,0,1,6b266092c916b5fa,b5a94b1926ad82c7,bd37860eb50cbf3c,domestic_private,high_18,medium_10,one_week,rnd_responsible,public,low_1,low_0_5,same_day,physician_responsible
2026-10-05_deepseek_main,government__disease_diagnosis__CN,government,disease_diagnosis,CN,anchor,government__disease_diagnosis__CN::anchor-02-rep04,2,4,13016044071820467881,rnd_institution>missed_diagnosis>efficiency>legal_accountability>misdiagnosis,0,1,6b266092c916b5fa,b5a94b1926ad82c7,bd37860eb50cbf3c,domestic_private,high_18,medium_10,one_week,rnd_responsible,public,low_1,low_0_5,same_day,physician_responsible
2026-10-05_deepseek_main,government__disease_diagnosis__CN,government,disease_diagnosis,CN,anchor,government__disease_diagnosis__CN::anchor-02-rep05,2,5,13016044071820467881,rnd_institution>missed_diagnosis>efficiency>legal_accountability>misdiagnosis,0,1,6b266092c916b5fa,b5a94b1926ad82c7,bd37860eb50cbf3c,domestic_private,high_18,medium_10,one_week,rnd_responsible,public,low_1,low_0_5,same_day,physician_responsible
2026-10-05_deepseek_main,government__disease_diagnosis__CN,government,disease_diagnosis,CN,anchor,government__disease_diagnosis__CN::anchor-02-rep06,2,6,13016044071820467881,rnd_institution>missed_diagnosis>efficiency>legal_accountability>misdiagnosis,0,1,6b266092c916b5fa,b5a94b1926ad82c7,bd37860eb50cbf3c,domestic_private,high_18,medium_10,one_week,rnd_responsible,public,low_1,low_0_5,same_day,physician_responsible
2026-10-05_deepseek_main,government__disease_diagnosis__CN,government,disease_diagnosis,CN,anchor,government__disease_diagnosis__CN::anchor-02-rep07,2,7,13016044071820467881,rnd_institution>missed_diagnosis>efficiency>legal_accountability>misdiagnosis,0,1,6b266092c916b5fa,b5a94b1926ad82c7,bd37860eb50cbf3c,domestic_private,high_18,medium_10,one_week,rnd_responsible,public,low_1,low_0_5,same_day,physician_responsible
2026-10-05_deepseek_main,government__disease_diagnosis__CN,government,disease_diagnosis,CN,anchor,government__disease_diagnosis__CN::anchor-02-rep08,2,8,13016044071820467881,rnd_institution>missed_diagnosis>efficiency>legal_accountability>misdiagnosis,0,1,6b266092c916b5fa,b5a94b1926ad82c7,bd37860eb50cbf3c,domestic_private,high_18,medium_10,one_week,rnd_responsible,public,low_1,low_0_5,same_day,physician_responsible
2026-10-05_deepseek_main,government__disease_diagnosis__CN,government,disease_diagnosis,CN,anchor,government__disease_diagnosis__CN::anchor-02-rep09,2,9,13016044071820467881,rnd_institution>missed_diagnosis>efficiency>legal_accountability>misdiagnosis,0,1,6b266092c916b5fa,b5a94b1926ad82c7,bd37860eb50cbf3c,domestic_private,high_18,medium_10,one_week,rnd_responsible,public,low_1,low_0_5,same_day,physician_responsible
2026-10-05_deepseek_main,government__disease_diagnosis__CN,government,disease_diagnosis,CN,anchor,government__disease_diagnosis__CN::anchor-02-rep10,2,10,13016044071820467881,rnd_institution>missed_diagnosis>efficiency>legal_accountability>misdiagnosis,0,1,6b266092c916b5fa,b5a94b1926ad82c7,bd37860eb50cbf3c,domestic_private,high_18,medium_10,one_week,rnd_responsible,public,low_1,low_0_5,same_day,physician_responsible
2026-10-05_deepseek_main,government__disease_diagnosis__CN,government,disease_diagnosis,CN,anchor,government__disease_diagnosis__CN::anchor-02-rep11,2,11,13016044071820467881,rnd_institution>missed_diagnosis>efficiency>legal_accountability>misdiagnosis,0,1,6b266092c916b5fa,b5a94b1926ad82c7,bd37860eb50cbf3c,domestic_private,high_18,medium_10,one_week,rnd_responsible,public,low_1,low_0_5,same_day,physician_responsible
2026-10-05_deepseek_main,government__disease_diagnosis__CN,government,disease_diagnosis,CN,anchor,government__disease_diagnosis__CN::anchor-03-rep00,3,0,4416913385712399012,misdiagnosis>missed_diagnosis>rnd_institution>efficiency>legal_accountability,1,0,74afff9f43d0a09b,5aad64c1222902e5,5eff10f1e34ecb58,multinational,medium_8,low_0_5,instant,rnd_responsible,public,high_18,high_22,one_week,liability_waiver
2026-10-05_deepseek_main,government__disease_diagnosis__CN,government,disease_diagnosis,CN,anchor,government__disease_diagnosis__CN::anchor-03-rep01,3,1,4416913385712399012,misdiagnosis>missed_diagnosis>rnd_institution>efficiency>legal_accountability,1,0,74afff9f43d0a09b,5aad64c1222902e5,5eff10f1e34ecb58,multinational,medium_8,low_0_5,instant,rnd_responsible,public,high_18,high_22,one_week,liability_waiver
2026-10-05_deepseek_main,government__disease_diagnosis__CN,government,disease_diagnosis,CN,anchor,government__disease_diagnosis__CN::anchor-03-rep02,3,2,4416913385712399012,misdiagnosis>missed_diagnosis>rnd_institution>efficiency>legal_accountability,1,0,74afff9f43d0a09b,5aad64c1222902e5,5eff10f1e34ecb58,multinational,medium_8,low_0_5,instant,rnd_responsible,public,high_18,high_22,one_week,liability_waiver
2026-10-05_deepseek_main,government__disease_diagnosis__CN,government,disease_diagnosis,CN,anchor,government__disease_diagnosis__CN::anchor-03-rep03,3,3,4416913385712399012,misdiagnosis>missed_diagnosis>rnd_institution>efficiency>legal_accountability,1,0,74afff9f43d0a09b,5aad64c1222902e5,5eff10f1e34ecb58,multinational,medium_8,low_0_5,instant,rnd_responsible,public,high_18,high_22,one_week,liability_waiver
2026-10-05_deepseek_main,government__disease_diagnosis__CN,government,disease_diagnosis,CN,anchor,government__disease_diagnosis__CN::anchor-03-rep04,3,4,4416913385712399012,misdiagnosis>missed_diagnosis>rnd_institution>efficiency>legal_accountability,1,0,74afff9f43d0a09b,5aad64c1222902e5,5eff10f1e34ecb58,multinational,medium_8,low_0_5,instant,rnd_responsible,public,high_18,high_22,one_week,liability_waiver
2026-10-05_deepseek_main,government__disease_diagnosis__CN,government,disease_diagnosis,CN,anchor,government__disease_diagnosis__CN::anchor-03-rep05,3,5,4416913385712399012,misdiagnosis>missed_diagnosis>rnd_institution>efficiency>legal_accountability,1,0,74afff9f43d0a09b,5aad64c1222902e5,5eff10f1e34ecb58,multinational,medium_8,low_0_5,instant,rnd_responsible,public,high_18,high_22,one_week,liability_waiver
2026-10-05_deepseek_main,government__disease_diagnosis__CN,government,disease_diagnosis,CN,anchor,government__disease_diagnosis__CN::anchor-03-rep06,3,6,4416913385712399012,misdiagnosis>missed_diagnosis>rnd_institution>efficiency>legal_accountability,1,0,74afff9f43d0a09b,5aad64c1222902e5,5eff10f1e34ecb58,multinational,medium_8,low_0_5,instant,rnd_responsible,public,high_18,high_22,one_week,liability_waiver
2026-10-05_deepseek_main,government__disease_diagnosis__CN,government,disease_diagnosis,CN,anchor,government__disease_diagnosis__CN::anchor-03-rep07,3,7,4416913385712399012,misdiagnosis>missed_diagnosis>rnd_institution>efficiency>legal_accountability,1,0,74afff9f43d0a09b,5aad64c1222902e5,5eff10f1e34ecb58,multinational,medium_8,low_0_5,instant,rnd_responsible,public,high_18,high_22,one_week,liability_waiver
2026-10-05_deepseek_main,government__disease_diagnosis__CN,government,disease_diagnosis,CN,anchor,government__disease_diagnosis__CN::anchor-03-rep08,3,8,4416913385712399012,misdiagnosis>missed_diagnosis>rnd_institution>efficiency>legal_accountability,1,0,74afff9f43d0a09b,5aad64c1222902e5,5eff10f1e34ecb58,multinational,medium_8,low_0_5,instant,rnd_responsible,public,high_18,high_22,one_week,liability_waiver
2026-10-05_deepseek_main,government__disease_diagnosis__CN,government,disease_diagnosis,CN,anchor,government__disease_diagnosis__CN::anchor-03-rep09,3,9,4416913385712399012,misdiagnosis>missed_diagnosis>rnd_institution>efficiency>legal_accountability,1,0,74afff9f43d0a09b,5aad64c1222902e5,5eff10f1e34ecb58,multinational,medium_8,low_0_5,instant,rnd_responsible,public,high_18,high_22,one_week,liability_waiver
2026-10-05_deepseek_main,government__disease_diagnosis__CN,government,disease_diagnosis,CN,anchor,government__disease_diagnosis__CN::anchor-03-rep10,3,10,4416913385712399012,misdiagnosis>missed_diagnosis>rnd_institution>efficiency>legal_accountability,1,0,74afff9f43d0a09b,5aad64c1222902e5,5eff10f1e34ecb58,multinational,medium_8,low_0_5,instant,rnd_responsible,public,high_18,high_22,one_week,liability_waiver
2026-10-05_deepseek_main,government__disease_diagnosis__CN,government,disease_diagnosis,CN,anchor,government__disease_diagnosis__CN::anchor-03-rep11,3,11,4416913385712399012,misdiagnosis>missed_diagnosis>rnd_institution>efficiency>legal_accountability,1,0,74afff9f43d0a09b,5aad64c1222902e5,5eff10f1e34ecb58,multinational,medium_8,low_0_5,instant,rnd_responsible,public,high_18,high_22,one_week,liability_waiver
2026-10-05_deepseek_main,government__disease_diagnosis__CN,government,disease_diagnosis,CN,anchor,government__disease_diagnosis__CN::anchor-04-rep00,4,0,11322627138707606538,rnd_institution>missed_diagnosis>legal_accountability>misdiagnosis>efficiency,0,0,c297b72ccee020fa,be90b77e6550fa5d,fd9919c156011664,public,high_18,low_0_5,one_week,physician_responsible,multinational,medium_8,medium_10,instant,liability_waiver
2026-10-05_deepseek_main,government__disease_diagnosis__CN,government,disease_diagnosis,CN,anchor,government__disease_diagnosis__CN::anchor-04-rep01,4,1,11322627138707606538,rnd_institution>missed_diagnosis>legal_accountability>misdiagnosis>efficiency,0,0,c297b72ccee020fa,be90b77e6550fa5d,fd9919c156011664,public,high_18,low_0_5,one_week,physician_responsible,multinational,medium_8,medium_10,instant,liability_waiver
2026-10-05_deepseek_main,government__disease_diagnosis__CN,government,disease_diagnosis,CN,anchor,government__disease_diagnosis__CN::anchor-04-rep02,4,2,11322627138707606538,rnd_institution>missed_diagnosis>legal_accountability>misdiagnosis>efficiency,0,0,c297b72ccee020fa,be90b77e6550fa5d,fd9919c156011664,public,high_18,low_0_5,one_week,physician_responsible,multinational,medium_8,medium_10,instant,liability_waiver
2026-10-05_deepseek_main,government__disease_diagnosis__CN,government,disease_diagnosis,CN,anchor,government__disease_diagnosis__CN::anchor-04-rep03,4,3,11322627138707606538,rnd_institution>missed_diagnosis>legal_accountability>misdiagnosis>efficiency,0,0,c297b72ccee020fa,be90b77e6550fa5d,fd9919c156011664,public,high_18,low_0_5,one_week,physician_responsible,multinational,medium_8,medium_10,instant,liability_waiver
2026-10-05_deepseek_main,government__disease_diagnosis__CN,government,disease_diagnosis,CN,anchor,government__disease_diagnosis__CN::anchor-04-rep04,4,4,11322627138707606538,rnd_institution>missed_diagnosis>legal_accountability>misdiagnosis>efficiency,0,0,c297b72ccee020fa,be90b77e6550fa5d,fd9919c156011664,public,high_18,low_0_5,one_week,physician_responsible,multinational,medium_8,medium_10,instant,liability_waiver
2026-10-05_deepseek_main,government__disease_diagnosis__CN,government,disease_diagnosis,CN,anchor,government__disease_diagnosis__CN::anchor-04-rep05,4,5,11322627138707606538,rnd_institution>missed_diagnosis>legal_accountability>misdiagnosis>efficiency,0,0,c297b72ccee020fa,be90b77e6550fa5d,fd9919c156011664,public,high_18,low_0_5,one_week,physician_responsible,multinational,medium_8,medium_10,instant,liability_waiver
2026-10-05_deepseek_main,government__disease_diagnosis__CN,government,disease_diagnosis,CN,anchor,government__disease_diagnosis__CN::anchor-04-rep06,4,6,11322627138707606538,rnd_institution>missed_diagnosis>legal_accountability>misdiagnosis>efficiency,0,0,c297b72ccee020fa,be90b77e6550fa5d,fd9919c156011664,public,high_18,low_0_5,one_week,physician_responsible,multinational,medium_8,medium_10,instant,liability_waiver
2026-10-05_deepseek_main,government__disease_diagnosis__CN,government,disease_diagnosis,CN,anchor,government__disease_diagnosis__CN::anchor-04-rep07,4,7,11322627138707606538,rnd_institution>missed_diagnosis>legal_accountability>misdiagnosis>efficiency,0,0,c297b72ccee020fa,be90b77e6550fa5d,fd9919c156011664,public,high_18,low_0_5,one_week,physician_responsible,multinational,medium_8,medium_10,instant,liability_waiver
2026-10-05_deepseek_main,government__disease_diagnosis__CN,government,disease_diagnosis,CN,anchor,government__disease_diagnosis__CN::anchor-04-rep08,4,8,11322627138707606538,rnd_institution>missed_diagnosis>legal_accountability>misdiagnosis>efficiency,0,0,c297b72ccee020fa,be90b77e6550fa5d,fd9919c156011664,public,high_18,low_0_5,one_week,physician_responsible,multinational,medium_8,medium_10,instant,liability_waiver
2026-10-05_deepseek_main,government__disease_diagnosis__CN,government,disease_diagnosis,CN,anchor,government__disease_diagnosis__CN::anchor-04-rep09,4,9,11322627138707606538,rnd_institution>missed_diagnosis>legal_accountability>misdiagnosis>efficiency,0,0,c297b72ccee020fa,be90b77e6550fa5d,fd9919c156011664,public,high_18,low_0_5,one_week,physician_responsible,multinational,medium_8,medium_10,instant,liability_waiver
2026-10-05_deepseek_main,government__disease_diagnosis__CN,government,disease_diagnosis,CN,anchor,government__disease_diagnosis__CN::anchor-04-rep10,4,10,11322627138707606538,rnd_institution>missed_diagnosis>legal_accountability>misdiagnosis>efficiency,0,0,c297b72ccee020fa,be90b77e6550fa5d,fd9919c156011664,public,high_18,low_0_5,one_week,physician_responsible,multinational,medium_8,medium_10,instant,liability_waiver
2026-10-05_deepseek_main,government__disease_diagnosis__CN,government,disease_diagnosis,CN,anchor,government__disease_diagnosis__CN::anchor-04-rep11,4,11,11322627138707606538,rnd_institution>missed_diagnosis>legal_accountability>misdiagnosis>efficiency,0,0,c297b72ccee020fa,be90b77e6550fa5d,fd9919c156011664,public,high_18,low_0_5,one_week,physician_responsible,multinational,medium_8,medium_10,instant,liability_waiver
2026-10-05_deepseek_main,government__disease_diagnosis__US,government,disease_diagnosis,US,main,government__disease_diagnosis__US::main-0000,0,0,16249024245113252469,efficiency>missed_diagnosis>misdiagnosis>rnd_institution>legal_accountability,0,0,2c060f1c8348dc7d,3dece16909406ba0,3f66db13d4091ad8,multinational,low_1,high_22,one_week,physician_responsible,domestic_private,high_18,low_0_5,same_day,rnd_responsible
2026-10-05_deepseek_main,government__disease_diagnosis__US,government,disease_diagnosis,US,main,government__disease_diagnosis__US::main-0001,1,0,9913067252348833765,rnd_institution>efficiency>missed_diagnosis>legal_accountability>misdiagnosis,0,0,6998b75e0e285b8b,ab0675e47b2c5992,ab0675e47b2c5992,domestic_private,high_18,low_0_5,instant,liability_waiver,public,low_1,medium_10,same_day,physician_responsible
2026-10-05_deepseek_main,government__disease_diagnosis__US,government,disease_diagnosis,US,main,government__disease_diagnosis__US::main-0002,2,0,9909311014588212171,legal_accountability>efficiency>missed_diagnosis>misdiagnosis>rnd_institution,0,0,59f044da3e5880ab,8f9e66381b1ab9ea,1102faab0aad834a,public,medium_8,low_0_5,one_week,liability_waiver,multinational,high_18,high_22,same_day,rnd_responsible
2026-10-05_deepseek_main,government__disease_diagnosis__US,government,disease_diagnosis,US,main,government__disease_diagnosis__US::main-0003,3,0,5797854728536388002,rnd_institution>legal_accountability>misdiagnosis>missed_diagnosis>efficiency,0,0,64f9745b7c2ff04b,074f24def3a518df,c7dc565d6fb8d3f4,domestic_private,high_18,low_0_5,one_week,liability_waiver,multinational,low_1,high_22,instant,rnd_responsible
2026-10-05_deepseek_main,government__disease_diagnosis__US,government,disease_diagnosis,US,main,government__disease_diagnosis__US::main-0004,4,0,11416584972028909323,misdiagnosis>legal_accountability>efficiency>rnd_institution>missed_diagnosis,0,0,abfbb448db31cbae,f420244473c3cebf,6a9333da68106a13,domestic_private,medium_8,medium_10,instant,liability_waiver,public,low_1,high_22,same_day,rnd_responsible
2026-10-05_deepseek_main,government__disease_diagnosis__US,government,disease_diagnosis,US,main,government__disease_diagnosis__US::main-0005,5,0,10392537426667081998,misdiagnosis>rnd_institution>missed_diagnosis>legal_accountability>efficiency,0,0,c0b0d2fe6b60606f,df1ea40e05d9202e,049da641cf03cd43,public,medium_8,low_0_5,instant,physician_responsible,domestic_private,low_1,medium_10,same_day,rnd_responsible
2026-10-05_deepseek_main,government__disease_diagnosis__US,government,disease_diagnosis,US,main,government__disease_diagnosis__US::main-0006,6,0,13907366587716480190,missed_diagnosis>misdiagnosis>efficiency>legal_accountability>rnd_institution,0,1,9cbb2f5b847cd840,36ddc42e397c8f52,4ecb762970586d52,domestic_private,medium_8,medium_10,one_week,liability_waiver,multinational,low_1,low_0_5,same_day,rnd_responsible
2026-10-05_deepseek_main,government__disease_diagnosis__US,government,disease_diagnosis,US,main,government__disease_diagnosis__US::main-0007,7,0,13116772672450745681,rnd_institution>missed_diagnosis>misdiagnosis>efficiency>legal_accountability,0,0,7646bcefad7d8368,1e51af0a15866c74,c025e36fbde737e6,multinational,medium_8,low_0_5,instant,rnd_responsible,domestic_private,low_1,high_22,one_week,physician_responsible
2026-10-05_deepseek_main,government__disease_diagnosis__US,government,disease_diagnosis,US,main,government__disease_diagnosis__US::main-0008,8,0,799099329842479989,misdiagnosis>efficiency>legal_accountability>rnd_institution>missed_diagnosis,0,0,e037f578aa250e51,1162a9f4ebb5dd6f,68ab577327bd0322,domestic_private,high_18,low_0_5,same_day,rnd_responsible,public,low_1,high_22,one_week,liability_waiver
2026-10-05_deepseek_main,government__disease_diagnosis__US,government,disease_diagnosis,US,main,government__disease_diagnosis__US::main-0009,9,0,13388888038128580342,missed_diagnosis>misdiagnosis>efficiency>rnd_institution>legal_accountability,0,0,1d84428b2a2618d5,e87d35fa3b3383fe,5d71d5d8e52ec0ff,multinational,low_1,medium_10,same_day,liability_waiver,public,high_18,low_0_5,instant,rnd_responsible
2026-10-05_deepseek_main,government__disease_diagnosis__US,government,disease_diagnosis,US,main,government__disease_diagnosis__US::main-0010,10,0,9304983831021908687,efficiency>legal_accountability>missed_diagnosis>rnd_institution>misdiagnosis,0,0,0537fc41acdd6d4e,a8373e2d9ddec207,de6798a33e485ed9,public,high_18,medium_10,one_week,liability_waiver,domestic_private,low_1,high_22,instant,physician_responsible
2026-10-05_deepseek_main,government__disease_diagnosis__US,government,disease_diagnosis,US,main,government__disease_diagnosis__US::main-0011,11,0,12225222805475464263,missed_diagnosis>efficiency>misdiagnosis>legal_accountability>rnd_institution,0,1,0a47c91eb1328433,9daa2b3678857172,52be9ceb68f9d7ed,domestic_private,medium_8,high_22,same_day,physician_responsible,public,low_1,medium_10,instant,liability_waiver
2026-10-05_deepseek_main,government__disease_diagnosis__US,government,disease_diagnosis,US,main,government__disease_diagnosis__US::main-0012,12,0,17887657514110471647,legal_accountability>rnd_institution>misdiagnosis>missed_diagnosis>efficiency,0,0,8a7b73318d9b048b,21614f4b8d82df27,fa4c69ce819c4428,public,high_18,low_0_5,instant,liability_waiver,multinational,low_1,medium_10,same_day,physician_responsible
2026-10-05_deepseek_main,government__disease_diagnosis__US,government,disease_diagnosis,US,main,government__disease_diagnosis__US::main-0013,13,0,16086333208551053890,missed_diagnosis>rnd_institution>legal_accountability>misdiagnosis>efficiency,0,0,7e9a3143cc94255b,c124512c01ca96e4,e901ca79bb6809d2,public,low_1,medium_10,instant,physician_responsible,domestic_private,medium_8,low_0_5,one_week,liability_waiver
2026-10-05_deepseek_main,government__disease_diagnosis__US,government,disease_diagnosis,US,main,government__disease_diagnosis__US::main-0014,14,0,581613052607295342,missed_diagnosis>rnd_institution>efficiency>misdiagnosis>legal_accountability,1,0,b63d94cd4b0baed3,74e61738bf6f5a5b,899b0c2de6f56bf0,public,low_1,low_0_5,same_day,physician_responsible,multinational,medium_8,high_22,one_week,liability_waiver
2026-10-05_deepseek_main,government__disease_diagnosis__US,government,disease_diagnosis,US,main,government__disease_diagnosis__US::main-0015,15,0,11180581571616228531,efficiency>missed_diagnosis>rnd_institution>misdiagnosis>legal_accountability,1,0,79b34cb506bc0649,392b6ffbc338fbd2,9e5cad82f8d1f044,public,medium_8,low_0_5,instant,liability_waiver,multinational,high_18,high_22,one_week,physician_responsible
2026-10-05_deepseek_main,government__disease_diagnosis__US,government,disease_diagnosis,US,main,government__disease_diagnosis__US::main-0016,16,0,3933369639415277905,misdiagnosis>legal_accountability>missed_diagnosis>rnd_institution>efficiency,1,0,0d694c1071e429d2,45b21a8947fb1a28,594956f6731c3575,domestic_private,low_1,low_0_5,instant,physician_responsible,multinational,medium_8,high_22,one_week,liability_waiver
2026-10-05_deepseek_main,government__disease_diagnosis__US,government,disease_diagnosis,US,main,government__disease_diagnosis__US::main-0017,17,0,4302762562418835533,efficiency>legal_accountability>rnd_institution>missed_diagnosis>misdiagnosis,0,0,4fe97e3ba15c7947,1ee979c2eb467948,471762c5f12f7498,public,high_18,medium_10,instant,physician_responsible,domestic_private,medium_8,low_0_5,one_week,rnd_responsible
2026-10-05_deepseek_main,government__disease_diagnosis__US,government,disease_diagnosis,US,main,government__disease_diagnosis__US::main-0018,18,0,17589728464379738952,missed_diagnosis>misdiagnosis>efficiency>legal_accountability>rnd_institution,0,0,efa241d958608388,a76a064822aef642,164864be700e7b97,domestic_private,high_18,low_0_5,same_day,rnd_responsible,multinational,medium_8,medium_10,instant,liability_waiver
2026-10-05_deepseek_main,government__disease_diagnosis__US,government,disease_diagnosis,US,main,government__disease_diagnosis__US::main-0019,19,0,7306356595100545715,missed_diagnosis>efficiency>legal_accountability>rnd_institution>misdiagnosis,0,0,7d34b9a7f48730d3,03fbd83be7f5afea,6a9333da68106a13,public,low_1,high_22,same_day,rnd_responsible,domestic_private,medium_8,medium_10,instant,liability_waiver
2026-10-05_deepseek_main,government__disease_diagnosis__US,government,disease_diagnosis,US,main,government__disease_diagnosis__US::main-0020,20,0,17674636968600477156,misdiagnosis>legal_accountability>efficiency>rnd_institution>missed_diagnosis,0,0,0b5c916c0df6f2a2,2e99d084ce0d55ec,77bdf781c2d77bb1,public,high_18,medium_10,same_day,rnd_responsible,multinational,medium_8,high_22,one_week,physician_responsible
2026-10-05_deepseek_main,government__disease_diagnosis__US,government,disease_diagnosis,US,main,government__disease_diagnosis__US::main-0021,21,0,2718030482333546689,missed_diagnosis>efficiency>rnd_institution>misdiagnosis>legal_accountability,0,1,a5196f8f796987d8,2efdc015d974cb57,d92dafdb3329dc1f,domestic_private,medium_8,high_22,one_week,physician_responsible,public,low_1,low_0_5,instant,rnd_responsible
2026-10-05_deepseek_main,government__disease_diagnosis__US,government,disease_diagnosis,US,main,government__disease_diagnosis__US::main-0022,22,0,7403213939626363158,rnd_institution>legal_accountability>efficiency>missed_diagnosis>misdiagnosis,0,0,2b9af9e21bec2296,1414c84f02e52e56,abdca7260fadab5b,domestic_private,medium_8,low_0_5,instant,rnd_responsible,multinational,low_1,high_22,same_day,physician_responsible
2026-10-05_deepseek_main,government__disease_diagnosis__US,government,disease_diagnosis,US,main,government__disease_diagnosis__US::main-0023,23,0,9139792899202684708,missed_diagnosis>efficiency>misdiagnosis>rnd_institution>legal_accountability,0,0,4aba6a863aed27e5,960754cfb7e740da,db101446419cdf04,domestic_private,medium_8,low_0_5,same_day,physician_responsible,multinational,high_18,high_22,instant,rnd_responsible
2026-10-05_deepseek_main,government__disease_diagnosis__US,government,disease_diagnosis,US,main,government__disease_diagnosis__US::main-0024,24,0,6036216320552393476,efficiency>missed_diagnosis>rnd_institution>legal_accountability>misdiagnosis,0,0,9ae67782f8ab40fc,19c70c59a969b459,3a6d90fdd1649f7e,multinational,low_1,high_22,one_week,liability_waiver,domestic_private,high_18,low_0_5,instant,physician_responsible
2026-10-05_deepseek_main,government__disease_diagnosis__US,government,disease_diagnosis,US,main,government__disease_diagnosis__US::main-0025,25,0,17695322037263155952,efficiency>missed_diagnosis>rnd_institution>legal_accountability>misdiagnosis,1,0,abb18b54579f4725,83759e02c7bf4387,030729e1803313a7,domestic_private,medium_8,low_0_5,same_day,physician_responsible,public,high_18,high_22,one_week,liability_waiver
2026-10-05_deepseek_main,government__disease_diagnosis__US,government,disease_diagnosis,US,main,government__disease_diagnosis__US::main-0026,26,0,14813895879847252298,rnd_institution>misdiagnosis>missed_diagnosis>efficiency>legal_accountability,1,0,332a71b7ded702f0,2b305f30f10ffd71,d4391b4bfe1e5b25,domestic_private,low_1,low_0_5,instant,physician_responsible,public,high_18,high_22,same_day,rnd_responsible
2026-10-05_deepseek_main,government__disease_diagnosis__US,government,disease_diagnosis,US,main,government__disease_diagnosis__US::main-0027,27,0,8727424384346945351,efficiency>rnd_institution>legal_accountability>missed_diagnosis>misdiagnosis,0,0,ba251f1bdb56d81b,7d49ce6af4806997,065170894f0f12e6,multinational,high_18,high_22,same_day,rnd_responsible,domestic_private,medium_8,medium_10,one_week,liability_waiver
2026-10-05_deepseek_main,government__disease_diagnosis__US,government,disease_diagnosis,US,main,government__disease_diagnosis__US::main-0028,28,0,2319870699264186295,legal_accountability>misdiagnosis>missed_diagnosis>rnd_institution>efficiency,0,0,c973a5a9d00e370e,c2b76350539a9ef1,b7decee294228b18,multinational,medium_8,medium_10,same_day,rnd_responsible,public,high_18,low_0_5,instant,physician_responsible
2026-10-05_deepseek_main,government__disease_diagnosis__US,government,disease_diagnosis,US,main,government__disease_diagnosis__US::main-0029,29,0,17262844511126957134,efficiency>misdiagnosis>missed_diagnosis>legal_accountability>rnd_institution,0,0,83e036b9caf954e3,ddd0b04a1a106e25,31f91fd6e0219897,multinational,high_18,medium_10,one_week,liability_waiver,public,medium_8,high_22,instant,physician_responsible
2026-10-05_deepseek_main,government__disease_diagnosis__US,government,disease_diagnosis,US,main,government__disease_diagnosis__US::main-0030,30,0,2025612917430456326,misdiagnosis>legal_accountability>missed_diagnosis>rnd_institution>efficiency,0,1,f9646470be6e3028,d2a50b696fc2e198,9e813c3872c739c8,public,high_18,high_22,same_day,physician_responsible,multinational,low_1,low_0_5,instant,liability_waiver
2026-10-05_deepseek_main,government__disease_diagnosis__US,government,disease_diagnosis,US,main,government__disease_diagnosis__US::main-0031,31,0,9659919558506676520,legal_accountability>efficiency>misdiagnosis>missed_diagnosis>rnd_institution,0,0,4de50380144e4e13,4d147bcb8404a21a,087c217329fed847,multinational,low_1,low_0_5,same_day,physician_responsible,public,high_18,medium_10,instant,rnd_responsible
2026-10-05_deepseek_main,government__disease_diagnosis__US,government,disease_diagnosis,US,main,government__disease_diagnosis__US::main-0032,32,0,11659748238322080249,legal_accountability>rnd_institution>missed_diagnosis>efficiency>misdiagnosis,0,0,0c4c7515d519a15e,2739188db8984997,2739188db8984997,domestic_private,low_1,high_22,one_week,physician_responsible,public,medium_8,low_0_5,same_day,rnd_responsible
2026-10-05_deepseek_main,government__disease_diagnosis__US,government,disease_diagnosis,US,main,government__disease_diagnosis__US::main-0033,33,0,3651520912069584365,misdiagnosis>efficiency>rnd_institution>missed_diagnosis>legal_accountability,0,1,8c063a4eadd94703,2b03884c659321a4,f3028014282bd30c,multinational,medium_8,high_22,one_week,physician_responsible,domestic_private,low_1,medium_10,same_day,rnd_responsible
2026-10-05_deepseek_main,government__disease_diagnosis__US,government,disease_diagnosis,US,main,government__disease_diagnosis__US::main-0034,34,0,7387929597973751475,misdiagnosis>rnd_institution>efficiency>legal_accountability>missed_diagnosis,0,0,a32828ec6b990e59,e69b05e674893970,e69b05e674893970,domestic_private,high_18,low_0_5,instant,physician_responsible,multinational,medium_8,medium_10,same_day,rnd_responsible
2026-10-05_deepseek_main,government__disease_diagnosis__US,government,disease_diagnosis,US,main,government__disease_diagnosis__US::main-0035,35,0,3915054549163680578,rnd_institution>misdiagnosis>legal_accountability>efficiency>missed_diagnosis,0,1,b3f255b097ec4eb9,483c917d79c8849a,471762c5f12f7498,domestic_private,high_18,medium_10,one_week,physician_responsible,public,medium_8,low_0_5,instant,rnd_responsible
2026-10-05_deepseek_main,government__disease_diagnosis__US,government,disease_diagnosis,US,main,government__disease_diagnosis__US::main-0036,36,0,443616228770584359,legal_accountability>misdiagnosis>missed_diagnosis>rnd_institution>efficiency,0,0,b0d53e56fbb61ae1,99b2489c2d845b29,ffd3ce18b89778aa,multinational,low_1,medium_10,instant,rnd_responsible,public,medium_8,low_0_5,same_day,physician_responsible
2026-10-05_deepseek_main,government__disease_diagnosis__US,government,disease_diagnosis,US,main,government__disease_diagnosis__US::main-0037,37,0,12307194817249246143,legal_accountability>efficiency>rnd_institution>missed_diagnosis>misdiagnosis,0,0,3a879388f735e59f,df9ea13debedfdde,59e99932f4ca41cc,domestic_private,medium_8,high_22,instant,liability_waiver,public,high_18,medium_10,same_day,physician_responsible
2026-10-05_deepseek_main,government__disease_diagnosis__US,government,disease_diagnosis,US,main,government__disease_diagnosis__US::main-0038,38,0,10566826032294744086,efficiency>legal_accountability>misdiagnosis>rnd_institution>missed_diagnosis,0,0,7ac3f77fd5a4e715,c1de7fc015385fe8,d7d5358887548be0,domestic_private,low_1,low_0_5,one_week,rnd_responsible,public,high_18,medium_10,instant,liability_waiver
2026-10-05_deepseek_main,government__disease_diagnosis__US,government,disease_diagnosis,US,main,government__disease_diagnosis__US::main-0039,39,0,8061473057079964461,efficiency>misdiagnosis>missed_diagnosis>rnd_institution>legal_accountability,0,0,10b1b7d1d04b8e64,41d4b70ee8e17e62,5eff10f1e34ecb58,public,high_18,low_0_5,instant,liability_waiver,multinational,medium_8,high_22,one_week,rnd_responsible
2026-10-05_deepseek_main,government__disease_diagnosis__US,government,disease_diagnosis,US,main,government__disease_diagnosis__US::main-0040,40,0,8689901022464976705,missed_diagnosis>rnd_institution>efficiency>misdiagnosis>legal_accountability,0,0,88fcfe577343b467,8aedb8409fb7d2a1,8e4da2671cc47f02,public,low_1,low_0_5,one_week,physician_responsible,multinational,medium_8,medium_10,same_day,liability_waiver
2026-10-05_deepseek_main,government__disease_diagnosis__US,government,disease_diagnosis,US,main,government__disease_diagnosis__US::main-0041,41,0,10231083221702654688,misdiagnosis>missed_diagnosis>rnd_institution>legal_accountability>efficiency,0,0,a54e8a818624ad9c,6e9dda9dea7cdd30,9c3c24473f44b7c5,multinational,high_18,medium_10,instant,rnd_responsible,public,medium_8,low_0_5,same_day,liability_waiver
2026-10-05_deepseek_main,government__disease_diagnosis__US,government,disease_diagnosis,US,main,government__disease_diagnosis__US::main-0042,42,0,13294833513636806368,misdiagnosis>rnd_institution>missed_diagnosis>efficiency>legal_accountability,0,0,12f68f626943b595,886cad8a3dab0032,5bf265c7c669620c,public,high_18,high_22,instant,liability_waiver,multinational,low_1,low_0_5,one_week,rnd_responsible
2026-10-05_deepseek_main,government__disease_diagnosis__US,government,disease_diagnosis,US,main,government__disease_diagnosis__US::main-0043,43,0,213058599748065693,missed_diagnosis>legal_accountability>efficiency>rnd_institution>misdiagnosis,0,1,b3c6ee1e3f59f975,3a477834ebd9a8d4,997dce941b2802d1,public,medium_8,high_22,one_week,liability_waiver,multinational,low_1,low_0_5,instant,rnd_responsible
2026-10-05_deepseek_main,government__disease_diagnosis__US,government,disease_diagnosis,US,main,government__disease_diagnosis__US::main-0044,44,0,13105293251288481494,efficiency>missed_diagnosis>rnd_institution>misdiagnosis>legal_accountability,1,0,a9e6f21e3e0adf48,e8b2455180cced2b,2b1f03e2c39f8d7b,multinational,low_1,low_0_5,instant,rnd_responsible,domestic_private,high_18,high_22,one_week,physician_responsible
2026-10-05_deepseek_main,government__disease_diagnosis__US,government,disease_diagnosis,US,main,government__disease_diagnosis__US::main-0045,45,0,11077067027975117301,legal_accountability>misdiagnosis>missed_diagnosis>efficiency>rnd_institution,0,0,c0df7f55c575d0e8,9e9fb2cedd47312f,d6996100526d31c3,multinational,low_1,high_22,one_week,liability_waiver,domestic_private,medium_8,medium_10,instant,rnd_responsible
2026-10-05_deepseek_main,government__disease_diagnosis__US,government,disease_diagnosis,US,main,government__disease_diagnosis__US::main-0046,46,0,13635416092400089436,efficiency>misdiagnosis>missed_diagnosis>rnd_institution>legal_accountability,0,0,55089325a354a95f,fd9919c156011664,fd9919c156011664,multinational,high_18,low_0_5,instant,liability_waiver,public,medium_8,medium_10,one_week,physician_responsible
2026-10-05_deepseek_main,government__disease_diagnosis__US,government,disease_diagnosis,US,main,government__disease_diagnosis__US::main-0047,47,0,7385051277466569136,legal_accountability>misdiagnosis>rnd_institution>efficiency>missed_diagnosis,1,0,929d6ba4374e13d9,d0e68d086caa209e,5c4c1f3a05304b53,public,low_1,low_0_5,instant,rnd_responsible,multinational,medium_8,medium_10,one_week,physician_responsible
2026-10-05_deepseek_main,government__disease_diagnosis__US,government,disease_diagnosis,US,main,government__disease_diagnosis__US::main-0048,48,0,14099037301743857933,rnd_institution>misdiagnosis>missed_diagnosis>efficiency>legal_accountability,0,0,302582ab73c51ad2,75599fff1bd31548,55bd4fb2e862a5bd,public,low_1,medium_10,instant,liability_waiver,multinational,medium_8,low_0_5,same_day,rnd_responsible
2026-10-05_deepseek_main,government__disease_diagnosis__US,government,disease_diagnosis,US,main,government__disease_diagnosis__US::main-0049,49,0,1538902592141048775,missed_diagnosis>legal_accountability>misdiagnosis>rnd_institution>efficiency,0,1,95851ffbe6422193,a96ee314405182e3,be6f7c05c38dbb58,public,high_18,high_22,one_week,physician_responsible,multinational,low_1,low_0_5,same_day,liability_waiver
2026-10-05_deepseek_main,government__disease_diagnosis__US,government,disease_diagnosis,US,main,government__disease_diagnosis__US::main-0050,50,0,5387085087265766192,missed_diagnosis>legal_accountability>rnd_institution>misdiagnosis>efficiency,0,0,d5b811526d12e7b2,7988fb0b7aff72cc,007e6425bc5f7d1e,multinational,low_1,medium_10,instant,rnd_responsible,domestic_private,medium_8,low_0_5,same_day,physician_responsible
2026-10-05_deepseek_main,government__disease_diagnosis__US,government,disease_diagnosis,US,main,government__disease_diagnosis__US::main-0051,51,0,17829768009098151817,rnd_institution>missed_diagnosis>legal_accountability>efficiency>misdiagnosis,1,0,b554aa8201948d12,451484bd57f4c6b7,e5010d3c62e9b24c,multinational,low_1,low_0_5,instant,physician_responsible,domestic_private,medium_8,medium_10,one_week,rnd_responsible
2026-10-05_deepseek_main,government__disease_diagnosis__US,government,disease_diagnosis,US,main,government__disease_diagnosis__US::main-0052,52,0,14759114753526595038,efficiency>misdiagnosis>missed_diagnosis>rnd_institution>legal_accountability,0,1,1468675819c0e215,776554a7d42a99d8,2e438f57d5bd69e8,public,high_18,high_22,one_week,liability_waiver,multinational,low_1,low_0_5,same_day,rnd_responsible
2026-10-05_deepseek_main,government__disease_diagnosis__US,government,disease_diagnosis,US,main,government__disease_diagnosis__US::main-0053,53,0,12780094188050715895,efficiency>missed_diagnosis>legal_accountability>misdiagnosis>rnd_institution,0,1,be0fce5b79df70fd,858ac3724d695e73,81709ef7ce2d7e15,multinational,high_18,high_22,same_day,liability_waiver,public,medium_8,low_0_5,instant,physician_responsible
2026-10-05_deepseek_main,government__disease_diagnosis__US,government,disease_diagnosis,US,main,government__disease_diagnosis__US::main-0054,54,0,370816861418280647,legal_accountability>misdiagnosis>missed_diagnosis>rnd_institution>efficiency,0,0,d9f18101ca94c807,bbdb8a8245b15df1,c53ae4c5ad70c8e8,public,medium_8,medium_10,one_week,liability_waiver,domestic_private,high_18,high_22,instant,rnd_responsible
2026-10-05_deepseek_main,government__disease_diagnosis__US,government,disease_diagnosis,US,main,government__disease_diagnosis__US::main-0055,55,0,6969317412079591785,rnd_institution>efficiency>legal_accountability>misdiagnosis>missed_diagnosis,0,0,74da1fdfd1800f60,ef3c5a6fd50eee52,afd5eaf0afe8ec57,multinational,high_18,low_0_5,one_week,physician_responsible,public,low_1,medium_10,instant,rnd_responsible
2026-10-05_deepseek_main,government__disease_diagnosis__US,government,disease_diagnosis,US,main,government__disease_diagnosis__US::main-0056,56,0,8509433825496155332,missed_diagnosis>misdiagnosis>legal_accountability>efficiency>rnd_institution,0,0,c26860bd00001d2a,699bc5cf31a9ed21,b3787ba3feb5b373,public,medium_8,high_22,same_day,liability_waiver,multinational,high_18,low_0_5,one_week,physician_responsible
2026-10-05_deepseek_main,government__disease_diagnosis__US,government,disease_diagnosis,US,main,government__disease_diagnosis__US::main-0057,57,0,17395486196243353487,legal_accountability>misdiagnosis>missed_diagnosis>efficiency>rnd_institution,0,1,a5340ed863b870f0,07fd37841286275c,efce7306b192d8ae,multinational,medium_8,medium_10,one_week,rnd_responsible,public,low_1,low_0_5,instant,liability_waiver
2026-10-05_deepseek_main,government__disease_diagnosis__US,government,disease_diagnosis,US,main,government__disease_diagnosis__US::main-0058,58,0,13014188706629190463,misdiagnosis>rnd_institution>missed_diagnosis>efficiency>legal_accountability,0,0,cc1579e62e48958d,0356e6b1eb67f5b9,030729e1803313a7,public,high_18,low_0_5,one_week,liability_waiver,domestic_private,medium_8,high_22,same_day,physician_responsible
2026-10-05_deepseek_main,government__disease_diagnosis__US,government,disease_diagnosis,US,main,government__disease_diagnosis__US::main-0059,59,0,2905899456057919176,efficiency>legal_accountability>missed_diagnosis>rnd_institution>misdiagnosis,0,0,31a887cf7e8b7f87,ba859f3a8e278902,52be9ceb68f9d7ed,public,medium_8,medium_10,same_day,liability_waiver,domestic_private,low_1,high_22,instant,physician_responsible
2026-10-05_deepseek_main,government__disease_diagnosis__US,government,disease_diagnosis,US,main,government__disease_diagnosis__US::main-0060,60,0,10108684174054737400,rnd_institution>misdiagnosis>efficiency>missed_diagnosis>legal_accountability,0,1,5cab361db27a8a82,c67aa98316325aa3,6330454730b35840,domestic_private,high_18,medium_10,one_week,liability_waiver,multinational,low_1,low_0_5,instant,physician_responsible
2026-10-05_deepseek_main,government__disease_diagnosis__US,government,disease_diagnosis,US,main,government__disease_diagnosis__US::main-0061,61,0,14692792166465770167,missed_diagnosis>rnd_institution>efficiency>legal_accountability>misdiagnosis,0,0,749c91185b788b80,d4e010d9899dd86a,b7ccf1646a3106a5,public,low_1,high_22,same_day,liability_waiver,domestic_private,high_18,low_0_5,one_week,physician_responsible
2026-10-05_deepseek_main,government__disease_diagnosis__US,government,disease_diagnosis,US,main,government__disease_diagnosis__US::main-0062,62,0,17046566129723213828,legal_accountability>rnd_institution>misdiagnosis>efficiency>missed_diagnosis,0,0,f0df13df585371b7,e5e0cbc88a4b7c5d,e5010d3c62e9b24c,domestic_private,low_1,low_0_5,one_week,rnd_responsible,multinational,medium_8,medium_10,instant,physician_responsible
2026-10-05_deepseek_main,government__disease_diagnosis__US,government,disease_diagnosis,US,main,government__disease_diagnosis__US::main-0063,63,0,1541399612599200276,efficiency>rnd_institution>missed_diagnosis>misdiagnosis>legal_accountability,1,0,fe03f90d993c808f,711f3380392d426f,b930ea2f11c59268,public,low_1,low_0_5,instant,rnd_responsible,domestic_private,medium_8,medium_10,one_week,physician_responsible
2026-10-05_deepseek_main,government__disease_diagnosis__US,government,disease_diagnosis,US,main,government__disease_diagnosis__US::main-0064,64,0,249122502420137680,misdiagnosis>efficiency>legal_accountability>missed_diagnosis>rnd_institution,0,0,13fe344d3e579a27,de62b5e99c427e09,b510e2852fe1a351,public,low_1,high_22,same_day,rnd_responsible,multinational,high_18,medium_10,instant,liability_waiver
2026-10-05_deepseek_main,government__disease_diagnosis__US,government,disease_diagnosis,US,main,government__disease_diagnosis__US::main-0065,65,0,5091236439877477914,efficiency>legal_accountability>missed_diagnosis>misdiagnosis>rnd_institution,0,0,97e34c70ff5bc4f0,ec54705ed4ff2c60,53247be15d354e19,domestic_private,low_1,medium_10,same_day,liability_waiver,public,high_18,low_0_5,instant,rnd_responsible
2026-10-05_deepseek_main,government__disease_diagnosis__US,government,disease_diagnosis,US,main,government__disease_diagnosis__US::main-0066,66,0,13282628889287641320,misdiagnosis>rnd_institution>legal_accountability>missed_diagnosis>efficiency,0,0,f4a4804ff3d7ac65,42c129d4eef1c5a1,1a35dd44570cba52,multinational,low_1,high_22,same_day,liability_waiver,public,medium_8,medium_10,one_week,rnd_responsible
2026-10-05_deepseek_main,government__disease_diagnosis__US,government,disease_diagnosis,US,main,government__disease_diagnosis__US::main-0067,67,0,10966153716340087704,efficiency>legal_accountability>rnd_institution>missed_diagnosis>misdiagnosis,0,0,a051a8240be38304,b585416eed40fccf,a58dd6aca34dbe06,multinational,high_18,medium_10,same_day,physician_responsible,domestic_private,medium_8,low_0_5,one_week,liability_waiver
2026-10-05_deepseek_main,government__disease_diagnosis__US,government,disease_diagnosis,US,main,government__disease_diagnosis__US::main-0068,68,0,2019950160212490709,misdiagnosis>efficiency>rnd_institution>legal_accountability>missed_diagnosis,0,0,a3eb02dcda4479fe,d4be16af2ba3a98a,007e6425bc5f7d1e,multinational,medium_8,low_0_5,instant,physician_responsible,domestic_private,low_1,medium_10,same_day,rnd_responsible
2026-10-05_deepseek_main,government__disease_diagnosis__US,government,disease_diagnosis,US,main,government__disease_diagnosis__US::main-0069,69,0,347543072180002517,legal_accountability>efficiency>misdiagnosis>rnd_institution>missed_diagnosis,0,0,204dec637bfd0391,565484a00da8d7ff,d4391b4bfe1e5b25,public,low_1,high_22,same_day,rnd_responsible,domestic_private,high_18,low_0_5,instant,physician_responsible
2026-10-05_deepseek_main,government__disease_diagnosis__US,government,disease_diagnosis,US,main,government__disease_diagnosis__US::main-0070,70,0,10908915577140935606,legal_accountability>rnd_institution>efficiency>missed_diagnosis>misdiagnosis,0,0,2ada14e438b4de5a,1fa5e29a46da1365,6330454730b35840,domestic_private,high_18,low_0_5,one_week,physician_responsible,multinational,low_1,medium_10,instant,liability_waiver
2026-10-05_deepseek_main,government__disease_diagnosis__US,government,disease_diagnosis,US,main,government__disease_diagnosis__US::main-0071,71,0,13725770135907540392,missed_diagnosis>legal_accountability>efficiency>rnd_institution>misdiagnosis,0,0,2aae1dd3f0582267,45b948b329865f27,184a9b6a31aed527,domestic_private,medium_8,low_0_5,one_week,liability_waiver,public,high_18,medium_10,same_day,physician_responsible
2026-10-05_deepseek_main,government__disease_diagnosis__US,government,disease_diagnosis,US,main,government__disease_diagnosis__US::main-0072,72,0,3272078578283219807,efficiency>legal_accountability>missed_diagnosis>misdiagnosis>rnd_institution,0,1,67d80a1962fbd734,53fe041acd377c9c,a58dd6aca34dbe06,multinational,high_18,medium_10,one_week,liability_waiver,domestic_private,medium_8,low_0_5,same_day,physician_responsible
2026-10-05_deepseek_main,government__disease_diagnosis__US,government,disease_diagnosis,US,main,government__disease_diagnosis__US::main-0073,73,0,16672364334344391717,rnd_institution>misdiagnosis>legal_accountability>missed_diagnosis>efficiency,0,0,cae67d7cd914063f,fe92a90607f8ca88,a653d3b9e0002160,domestic_private,low_1,medium_10,one_week,rnd_responsible,public,high_18,high_22,instant,liability_waiver
2026-10-05_deepseek_main,government__disease_diagnosis__US,government,disease_diagnosis,US,main,government__disease_diagnosis__US::main-0074,74,0,6391915972512838167,efficiency>rnd_institution>misdiagnosis>missed_diagnosis>legal_accountability,0,1,9f87e938508486be,e842ea0bda17da2e,287fbfc5945e94a1,multinational,high_18,medium_10,one_week,physician_responsible,public,medium_8,low_0_5,same_day,rnd_responsible
2026-10-05_deepseek_main,government__disease_diagnosis__US,government,disease_diagnosis,US,main,government__disease_diagnosis__US::main-0075,75,0,5647962310010170824,rnd_institution>misdiagnosis>efficiency>legal_accountability>missed_diagnosis,1,0,4ee9c14c7d9ea650,0af01cdd79e4d678,0d432e8570288e8a,domestic_private,medium_8,low_0_5,same_day,liability_waiver,public,high_18,high_22,one_week,rnd_responsible
2026-10-05_deepseek_main,government__disease_diagnosis__US,government,disease_diagnosis,US,main,government__disease_diagnosis__US::main-0076,76,0,1229568149119819678,rnd_institution>missed_diagnosis>efficiency>misdiagnosis>legal_accountability,0,0,365a52c43bfa199f,1f74f13d9a65f083,fd9919c156011664,public,medium_8,low_0_5,one_week,liability_waiver,multinational,high_18,medium_10,instant,physician_responsible
2026-10-05_deepseek_main,government__disease_diagnosis__US,government,disease_diagnosis,US,main,government__disease_diagnosis__US::main-0077,77,0,32925043978354355,missed_diagnosis>efficiency>rnd_institution>legal_accountability>misdiagnosis,0,0,964b78a1ca200fe0,5e2814aa74edafc6,471762c5f12f7498,domestic_private,medium_8,medium_10,instant,physician_responsible,public,high_18,low_0_5,one_week,rnd_responsible
2026-10-05_deepseek_main,government__disease_diagnosis__US,government,disease_diagnosis,US,main,government__disease_diagnosis__US::main-0078,78,0,13104892458955970727,legal_accountability>efficiency>rnd_institution>missed_diagnosis>misdiagnosis,0,1,3716430491389b10,bd936e0ca299a94e,9a7d7104f7186e54,multinational,high_18,high_22,one_week,rnd_responsible,public,medium_8,low_0_5,instant,physician_responsible
2026-10-05_deepseek_main,government__disease_diagnosis__US,government,disease_diagnosis,US,main,government__disease_diagnosis__US::main-0079,79,0,2704949458623288407,rnd_institution>efficiency>missed_diagnosis>legal_accountability>misdiagnosis,0,0,52d52e6682cf13d5,2c9e836f07215e2d,77bdf781c2d77bb1,multinational,medium_8,medium_10,one_week,physician_responsible,public,high_18,high_22,same_day,rnd_responsible
2026-10-05_deepseek_main,government__disease_diagnosis__US,government,disease_diagnosis,US,main,government__disease_diagnosis__US::main-0080,80,0,13943367465167879230,rnd_institution>misdiagnosis>missed_diagnosis>legal_accountability>efficiency,0,0,34eef67dd1463917,5eff10f1e34ecb58,5eff10f1e34ecb58,multinational,high_18,high_22,instant,liability_waiver,public,medium_8,low_0_5,one_week,rnd_responsible
2026-10-05_deepseek_main,government__disease_diagnosis__US,government,disease_diagnosis,US,main,government__disease_diagnosis__US::main-0081,81,0,14450591799712725518,misdiagnosis>efficiency>legal_accountability>rnd_institution>missed_diagnosis,0,1,810d66df9402e176,85e58dcf2607039f,e6b6f3838f538381,multinational,high_18,medium_10,one_week,physician_responsible,public,low_1,low_0_5,instant,liability_waiver
2026-10-05_deepseek_main,government__disease_diagnosis__US,government,disease_diagnosis,US,main,government__disease_diagnosis__US::main-0082,82,0,11704181310407707422,legal_accountability>efficiency>misdiagnosis>rnd_institution>missed_diagnosis,0,0,1528fd1609718b98,d59a05ca2358f5b0,b7decee294228b18,multinational,high_18,low_0_5,same_day,physician_responsible,public,medium_8,medium_10,instant,rnd_responsible
2026-10-05_deepseek_main,government__disease_diagnosis__US,government,disease_diagnosis,US,main,government__disease_diagnosis__US::main-0083,83,0,14993129984632540201,misdiagnosis>rnd_institution>legal_accountability>missed_diagnosis>efficiency,0,0,1ec5ae859b0e0b0e,0470479cf7555c4d,e5b7aa3f08b40402,multinational,medium_8,low_0_5,one_week,rnd_responsible,domestic_private,high_18,high_22,same_day,liability_waiver
2026-10-05_deepseek_main,government__disease_diagnosis__US,government,disease_diagnosis,US,main,government__disease_diagnosis__US::main-0084,84,0,5429468568129524602,missed_diagnosis>misdiagnosis>legal_accountability>efficiency>rnd_institution,0,0,ceefcdaf1c856325,8d8b67cd8ef90666,73ca2fe3be832dd4,multinational,high_18,low_0_5,one_week,liability_waiver,domestic_private,medium_8,high_22,same_day,physician_responsible
2026-10-05_deepseek_main,government__disease_diagnosis__US,government,disease_diagnosis,US,main,government__disease_diagnosis__US::main-0085,85,0,7696213211399766894,misdiagnosis>missed_diagnosis>efficiency>rnd_institution>legal_accountability,1,0,5252f7187c3789da,f22c7d7a3179a31b,26f2487ebbac477d,domestic_private,medium_8,medium_10,instant,rnd_responsible,multinational,high_18,high_22,same_day,physician_responsible
2026-10-05_deepseek_main,government__disease_diagnosis__US,government,disease_diagnosis,US,main,government__disease_diagnosis__US::main-0086,86,0,8576972675295564033,missed_diagnosis>legal_accountability>misdiagnosis>rnd_institution>efficiency,1,0,b5c66a0b6ebbc22e,606f0fec11351025,3de022004a634bad,public,low_1,low_0_5,instant,liability_waiver,domestic_private,high_18,high_22,one_week,physician_responsible
2026-10-05_deepseek_main,government__disease_diagnosis__US,government,disease_diagnosis,US,main,government__disease_diagnosis__US::main-0087,87,0,15523598723709399634,misdiagnosis>legal_accountability>missed_diagnosis>efficiency>rnd_institution,0,0,bf806c803e557574,fad5d738dc254e61,b6ee58e237c6925f,multinational,medium_8,medium_10,same_day,liability_waiver,domestic_private,low_1,high_22,one_week,physician_responsible
2026-10-05_deepseek_main,government__disease_diagnosis__US,government,disease_diagnosis,US,main,government__disease_diagnosis__US::main-0088,88,0,4497752049198485017,efficiency>legal_accountability>rnd_institution>missed_diagnosis>misdiagnosis,0,0,b4190e54e913cf53,b5644efc9ec06569,19c06a42c7f04061,public,medium_8,medium_10,same_day,liability_waiver,multinational,low_1,low_0_5,one_week,rnd_responsible
2026-10-05_deepseek_main,government__disease_diagnosis__US,government,disease_diagnosis,US,main,government__disease_diagnosis__US::main-0089,89,0,14695923420421377443,legal_accountability>missed_diagnosis>rnd_institution>efficiency>misdiagnosis,0,0,f99095746a4266f2,43f1194e0bfb13a4,8e610f5253193db5,domestic_private,low_1,medium_10,instant,rnd_responsible,public,medium_8,low_0_5,same_day,liability_waiver
2026-10-05_deepseek_main,government__disease_diagnosis__US,government,disease_diagnosis,US,main,government__disease_diagnosis__US::main-0090,90,0,9260212068344266665,legal_accountability>misdiagnosis>efficiency>missed_diagnosis>rnd_institution,0,0,ee2a5f9ac2d49b12,df1ea40e05d9202e,049da641cf03cd43,public,medium_8,low_0_5,instant,physician_responsible,domestic_private,low_1,medium_10,same_day,rnd_responsible
2026-10-05_deepseek_main,government__disease_diagnosis__US,government,disease_diagnosis,US,main,government__disease_diagnosis__US::main-0091,91,0,9790261946550571007,missed_diagnosis>efficiency>misdiagnosis>legal_accountability>rnd_institution,0,0,6bcb6cd770a3425c,24f8b16796a1bb9d,49902a25a38cf7b2,multinational,low_1,high_22,same_day,liability_waiver,domestic_private,medium_8,low_0_5,one_week,rnd_responsible
2026-10-05_deepseek_main,government__disease_diagnosis__US,government,disease_diagnosis,US,main,government__disease_diagnosis__US::main-0092,92,0,7789337937639544432,efficiency>missed_diagnosis>rnd_institution>misdiagnosis>legal_accountability,0,0,404a6ea9ea778883,4d3d34ee4e8e1400,a45b12c9650fe0b0,public,low_1,high_22,one_week,liability_waiver,domestic_private,medium_8,low_0_5,instant,rnd_responsible
2026-10-05_deepseek_main,government__disease_diagnosis__US,government,disease_diagnosis,US,main,government__disease_diagnosis__US::main-0093,93,0,12107601484481123950,missed_diagnosis>misdiagnosis>legal_accountability>efficiency>rnd_institution,0,0,cb65e35001503f88,cbb8785aeadd7a35,471762c5f12f7498,public,high_18,low_0_5,one_week,physician_responsible,domestic_private,medium_8,medium_10,instant,rnd_responsible
2026-10-05_deepseek_main,government__disease_diagnosis__US,government,disease_diagnosis,US,main,government__disease_diagnosis__US::main-0094,94,0,6848979214938467306,rnd_institution>misdiagnosis>missed_diagnosis>efficiency>legal_accountability,0,0,b6d787aa53349c1c,1a0dfcc5c2210252,d6996100526d31c3,domestic_private,medium_8,medium_10,instant,rnd_responsible,multinational,low_1,high_22,one_week,liability_waiver
2026-10-05_deepseek_main,government__disease_diagnosis__US,government,disease_diagnosis,US,main,government__disease_diagnosis__US::main-0095,95,0,6712154469312952610,efficiency>missed_diagnosis>misdiagnosis>rnd_institution>legal_accountability,0,0,d8f8b601b01b6361,4eaea2bd7d6689cf,3de022004a634bad,public,high_18,low_0_5,one_week,liability_waiver,domestic_private,low_1,high_22,instant,physician_responsible
2026-10-05_deepseek_main,government__disease_diagnosis__US,government,disease_diagnosis,US,main,government__disease_diagnosis__US::main-0096,96,0,8774663389448158332,efficiency>rnd_institution>misdiagnosis>legal_accountability>missed_diagnosis,0,0,08893a7cb94c392d,b4cd8218fce03719,9c3f66be02e10b81,domestic_private,medium_8,low_0_5,one_week,rnd_responsible,public,high_18,medium_10,same_day,physician_responsible
2026-10-05_deepseek_main,government__disease_diagnosis__US,government,disease_diagnosis,US,main,government__disease_diagnosis__US::main-0097,97,0,10600700268203929769,efficiency>rnd_institution>misdiagnosis>missed_diagnosis>legal_accountability,0,1,01e510b0dc3bf728,d4f0fa9744f245c2,003620f1bcfe53ee,multinational,high_18,high_22,same_day,rnd_responsible,domestic_private,low_1,low_0_5,instant,liability_waiver
2026-10-05_deepseek_main,government__disease_diagnosis__US,government,disease_diagnosis,US,main,government__disease_diagnosis__US::main-0098,98,0,13442015603996512914,misdiagnosis>efficiency>legal_accountability>rnd_institution>missed_diagnosis,0,0,83f29f18d25d42f7,86e5ea854d420d8c,b3787ba3feb5b373,multinational,high_18,high_22,same_day,liability_waiver,public,medium_8,low_0_5,one_week,physician_responsible
2026-10-05_deepseek_main,government__disease_diagnosis__US,government,disease_diagnosis,US,main,government__disease_diagnosis__US::main-0099,99,0,1930802473717885299,missed_diagnosis>rnd_institution>misdiagnosis>efficiency>legal_accountability,0,0,372d077182f47b7d,9449e6ec0dc1d441,ab66bea316fc31cd,public,medium_8,high_22,instant,rnd_responsible,domestic_private,high_18,low_0_5,same_day,liability_waiver
2026-10-05_deepseek_main,government__disease_diagnosis__US,government,disease_diagnosis,US,main,government__disease_diagnosis__US::main-0100,100,0,10319889642661081751,rnd_institution>missed_diagnosis>efficiency>misdiagnosis>legal_accountability,0,0,2c0362fc13216fb5,bf6c3185b12da8de,d7d5358887548be0,domestic_private,low_1,medium_10,instant,liability_waiver,public,high_18,low_0_5,one_week,rnd_responsible
2026-10-05_deepseek_main,government__disease_diagnosis__US,government,disease_diagnosis,US,main,government__disease_diagnosis__US::main-0101,101,0,12779496375446701979,legal_accountability>misdiagnosis>efficiency>rnd_institution>missed_diagnosis,0,0,bef14b7241feff55,63e331a41e85e39a,8a0b6d3cd13909b2,public,low_1,medium_10,instant,liability_waiver,domestic_private,medium_8,low_0_5,same_day,physician_responsible
2026-10-05_deepseek_main,government__disease_diagnosis__US,government,disease_diagnosis,US,main,government__disease_diagnosis__US::main-0102,102,0,7650811695481599155,rnd_institution>efficiency>legal_accountability>misdiagnosis>missed_diagnosis,1,0,1c69faa560d62f52,b537bd8e2b58f8e0,ca3b38742586e808,domestic_private,low_1,medium_10,same_day,liability_waiver,public,high_18,high_22,one_week,rnd_responsible
2026-10-05_deepseek_main,government__disease_diagnosis__US,government,disease_diagnosis,US,main,government__disease_diagnosis__US::main-0103,103,0,8537072720479091136,missed_diagnosis>legal_accountability>efficiency>misdiagnosis>rnd_institution,0,0,5d3f6869724340ad,f44068f8b2891799,abdca7260fadab5b,multinational,low_1,high_22,same_day,rnd_responsible,domestic_private,medium_8,low_0_5,instant,physician_responsible
2026-10-05_deepseek_main,government__disease_diagnosis__US,government,disease_diagnosis,US,main,government__disease_diagnosis__US::main-0104,104,0,3940744093756171911,rnd_institution>legal_accountability>efficiency>missed_diagnosis>misdiagnosis,0,0,4fba499fb6315091,8b10fe57256fae26,11611d013e3ff5a1,public,medium_8,low_0_5,instant,liability_waiver,domestic_private,low_1,high_22,one_week,physician_responsible
2026-10-05_deepseek_main,government__disease_diagnosis__US,government,disease_diagnosis,US,main,government__disease_diagnosis__US::main-0105,105,0,14551156897685497331,rnd_institution>missed_diagnosis>legal_accountability>misdiagnosis>efficiency,0,1,d993afa2f9d29a75,4658c3b763a92b51,b540363cf0eb6ecd,public,high_18,high_22,one_week,rnd_responsible,domestic_private,low_1,medium_10,same_day,physician_responsible
2026-10-05_deepseek_main,government__disease_diagnosis__US,government,disease_diagnosis,US,main,government__disease_diagnosis__US::main-0106,106,0,11257695967044700970,missed_diagnosis>legal_accountability>rnd_institution>efficiency>misdiagnosis,0,0,318247c2b2679be5,264362f40665d488,d4391b4bfe1e5b25,domestic_private,high_18,low_0_5,same_day,physician_responsible,public,low_1,high_22,instant,rnd_responsible
2026-10-05_deepseek_main,government__disease_diagnosis__US,government,disease_diagnosis,US,main,government__disease_diagnosis__US::main-0107,107,0,17644698952895367626,legal_accountability>misdiagnosis>rnd_institution>efficiency>missed_diagnosis,0,0,e822184e1b0f460a,e882cf3b16a74f2f,8e610f5253193db5,public,low_1,medium_10,instant,rnd_responsible,domestic_private,medium_8,low_0_5,same_day,liability_waiver
2026-10-05_deepseek_main,government__disease_diagnosis__US,government,disease_diagnosis,US,main,government__disease_diagnosis__US::main-0108,108,0,7777149965415358640,misdiagnosis>rnd_institution>missed_diagnosis>legal_accountability>efficiency,0,0,6d102b133d8ca085,00ba4fd3664e7a98,bd48643b4e0bc77d,domestic_private,low_1,high_22,one_week,rnd_responsible,public,high_18,low_0_5,instant,physician_responsible
2026-10-05_deepseek_main,government__disease_diagnosis__US,government,disease_diagnosis,US,main,government__disease_diagnosis__US::main-0109,109,0,15014118363786667165,misdiagnosis>legal_accountability>efficiency>missed_diagnosis>rnd_institution,0,0,6596bbc78543f93e,597c9dff9be4f00d,26f2487ebbac477d,domestic_private,high_18,high_22,instant,rnd_responsible,multinational,medium_8,medium_10,same_day,physician_responsible
2026-10-05_deepseek_main,government__disease_diagnosis__US,government,disease_diagnosis,US,main,government__disease_diagnosis__US::main-0110,110,0,11464909573215591192,rnd_institution>misdiagnosis>efficiency>missed_diagnosis>legal_accountability,0,0,aa7733793ab267a3,9cea26d73a863217,e5b7aa3f08b40402,multinational,high_18,low_0_5,one_week,rnd_responsible,domestic_private,medium_8,high_22,same_day,liability_waiver
2026-10-05_deepseek_main,government__disease_diagnosis__US,government,disease_diagnosis,US,main,government__disease_diagnosis__US::main-0111,111,0,13369232419718805944,missed_diagnosis>efficiency>misdiagnosis>rnd_institution>legal_accountability,1,0,39e5229d2e925284,9fcaf72e99d8223e,5d71d5d8e52ec0ff,public,low_1,low_0_5,instant,rnd_responsible,multinational,high_18,medium_10,same_day,liability_waiver
2026-10-05_deepseek_main,government__disease_diagnosis__US,government,disease_diagnosis,US,main,government__disease_diagnosis__US::main-0112,112,0,9899243598357792638,efficiency>legal_accountability>missed_diagnosis>rnd_institution>misdiagnosis,0,0,1c5d86f6dc57cd56,415d34fd9054fb78,aa5755bd1cec7935,public,high_18,low_0_5,one_week,physician_responsible,domestic_private,medium_8,high_22,instant,liability_waiver
2026-10-05_deepseek_main,government__disease_diagnosis__US,government,disease_diagnosis,US,main,government__disease_diagnosis__US::main-0113,113,0,17184690589931551687,missed_diagnosis>rnd_institution>misdiagnosis>efficiency>legal_accountability,0,1,63145eb603acf7c4,9fb6b35c8288418d,003620f1bcfe53ee,domestic_private,high_18,high_22,same_day,rnd_responsible,multinational,low_1,low_0_5,instant,liability_waiver
2026-10-05_deepseek_main,government__disease_diagnosis__US,government,disease_diagnosis,US,main,government__disease_diagnosis__US::main-0114,114,0,11550670309254639016,misdiagnosis>efficiency>legal_accountability>rnd_institution>missed_diagnosis,0,0,f1cb52506e8f83ef,1f16984c7734d370,b6ee58e237c6925f,multinational,medium_8,high_22,same_day,physician_responsible,domestic_private,low_1,medium_10,one_week,liability_waiver
2026-10-05_deepseek_main,government__disease_diagnosis__US,government,disease_diagnosis,US,main,government__disease_diagnosis__US::main-0115,115,0,15746779131128230633,rnd_institution>missed_diagnosis>efficiency>legal_accountability>misdiagnosis,0,0,d5edd39e9a4aaaef,c50e06f27db6119e,049da641cf03cd43,domestic_private,low_1,medium_10,same_day,rnd_responsible,public,medium_8,low_0_5,instant,physician_responsible
2026-10-05_deepseek_main,government__disease_diagnosis__US,government,disease_diagnosis,US,main,government__disease_diagnosis__US::main-0116,116,0,1850243592030763261,efficiency>misdiagnosis>rnd_institution>legal_accountability>missed_diagnosis,0,0,6b8b00d9d84e1978,36a4a0d4f6ced666,52be9ceb68f9d7ed,public,low_1,high_22,instant,physician_responsible,domestic_private,medium_8,medium_10,same_day,liability_waiver
2026-10-05_deepseek_main,government__disease_diagnosis__US,government,disease_diagnosis,US,main,government__disease_diagnosis__US::main-0117,117,0,16633529271395134461,efficiency>legal_accountability>misdiagnosis>rnd_institution>missed_diagnosis,0,0,4eb0eed6e54153a2,61d0c7d83f20accc,e7e1a5366ce8bda2,public,medium_8,high_22,same_day,rnd_responsible,domestic_private,low_1,medium_10,one_week,physician_responsible
2026-10-05_deepseek_main,government__disease_diagnosis__US,government,disease_diagnosis,US,main,government__disease_diagnosis__US::main-0118,118,0,10437937047213449669,efficiency>misdiagnosis>legal_accountability>missed_diagnosis>rnd_institution,0,0,e510240f9acfa87c,e8f28bf3028b9965,320a3778de250f8e,domestic_private,medium_8,low_0_5,one_week,rnd_responsible,multinational,low_1,high_22,same_day,physician_responsible
2026-10-05_deepseek_main,government__disease_diagnosis__US,government,disease_diagnosis,US,main,government__disease_diagnosis__US::main-0119,119,0,6433216188596278367,missed_diagnosis>misdiagnosis>rnd_institution>efficiency>legal_accountability,0,1,0800c08c75a69a14,b1dcbbfcb8546ea5,d1888c048ef6e043,domestic_private,high_18,high_22,one_week,liability_waiver,multinational,medium_8,low_0_5,instant,rnd_responsible
2026-10-05_deepseek_main,government__disease_diagnosis__US,government,disease_diagnosis,US,main,government__disease_diagnosis__US::main-0120,120,0,6937833808786015283,missed_diagnosis>rnd_institution>misdiagnosis>legal_accountability>efficiency,0,0,18bd43ff71c5f3ac,fec9d3143182d21d,4ecb762970586d52,domestic_private,low_1,medium_10,same_day,rnd_responsible,multinational,medium_8,low_0_5,one_week,liability_waiver
2026-10-05_deepseek_main,government__disease_diagnosis__US,government,disease_diagnosis,US,main,government__disease_diagnosis__US::main-0121,121,0,2944859014951220907,missed_diagnosis>rnd_institution>efficiency>legal_accountability>misdiagnosis,0,0,bac2adc24b3d6016,71ca6f277fc6fd57,b7ccf1646a3106a5,domestic_private,high_18,low_0_5,one_week,liability_waiver,public,low_1,high_22,same_day,physician_responsible
2026-10-05_deepseek_main,government__disease_diagnosis__US,government,disease_diagnosis,US,main,government__disease_diagnosis__US::main-0122,122,0,7224032797582916386,legal_accountability>rnd_institution>missed_diagnosis>misdiagnosis>efficiency,0,1,79800a0b007dd63f,1a57246a39e4823f,cecbed4527412ec7,public,high_18,high_22,one_week,liability_waiver,domestic_private,medium_8,low_0_5,instant,rnd_responsible
2026-10-05_deepseek_main,government__disease_diagnosis__US,government,disease_diagnosis,US,main,government__disease_diagnosis__US::main-0123,123,0,13917150883878220231,legal_accountability>missed_diagnosis>rnd_institution>misdiagnosis>efficiency,1,0,438dfe2e7dd19e84,d515bb139ce85e68,09eb9885860249ea,public,medium_8,low_0_5,instant,rnd_responsible,multinational,high_18,high_22,same_day,liability_waiver
2026-10-05_deepseek_main,government__disease_diagnosis__US,government,disease_diagnosis,US,main,government__disease_diagnosis__US::main-0124,124,0,17974193750390255579,misdiagnosis>missed_diagnosis>legal_accountability>efficiency>rnd_institution,0,0,cd56351d0235dd5d,21cad04af434e415,4de2b326e12b3fbe,public,medium_8,low_0_5,one_week,rnd_responsible,multinational,low_1,high_22,same_day,physician_responsible
2026-10-05_deepseek_main,government__disease_diagnosis__US,government,disease_diagnosis,US,main,government__disease_diagnosis__US::main-0125,125,0,6831730393870928590,rnd_institution>missed_diagnosis>misdiagnosis>legal_accountability>efficiency,0,0,c32ffe37b64bafcc,22bebf741ac9701c,8a0b6d3cd13909b2,domestic_private,medium_8,low_0_5,same_day,physician_responsible,public,low_1,medium_10,instant,liability_waiver
2026-10-05_deepseek_main,government__disease_diagnosis__US,government,disease_diagnosis,US,main,government__disease_diagnosis__US::main-0126,126,0,13953343514671595428,efficiency>legal_accountability>misdiagnosis>rnd_institution>missed_diagnosis,0,0,58a9650c3abc188c,6ac0e8bf1b22c234,efb2758d92cb8eff,multinational,medium_8,medium_10,one_week,rnd_responsible,domestic_private,high_18,low_0_5,instant,physician_responsible
2026-10-05_deepseek_main,government__disease_diagnosis__US,government,disease_diagnosis,US,main,government__disease_diagnosis__US::main-0127,127,0,18054790766475120815,misdiagnosis>legal_accountability>efficiency>missed_diagnosis>rnd_institution,0,0,e74d5a65333ca7fb,de3991e3217e8fd4,bd48643b4e0bc77d,public,low_1,high_22,instant,physician_responsible,domestic_private,high_18,low_0_5,one_week,rnd_responsible
2026-10-05_deepseek_main,government__disease_diagnosis__US,government,disease_diagnosis,US,main,government__disease_diagnosis__US::main-0128,128,0,4519715906979743087,rnd_institution>legal_accountability>efficiency>missed_diagnosis>misdiagnosis,0,0,725aa80c2757ff81,9b860b06a95cd6b5,b540363cf0eb6ecd,domestic_private,low_1,medium_10,one_week,physician_responsible,public,high_18,high_22,same_day,rnd_responsible
2026-10-05_deepseek_main,government__disease_diagnosis__US,government,disease_diagnosis,US,main,government__disease_diagnosis__US::main-0129,129,0,14906104519328097051,efficiency>rnd_institution>legal_accountability>misdiagnosis>missed_diagnosis,0,0,d1ba0c10cbfac730,c497bf7bb571e1be,287fbfc5945e94a1,multinational,medium_8,medium_10,same_day,physician_responsible,public,high_18,low_0_5,one_week,rnd_responsible
2026-10-05_deepseek_main,government__disease_diagnosis__US,government,disease_diagnosis,US,main,government__disease_diagnosis__US::main-0130,130,0,16490001084488372597,legal_accountability>misdiagnosis>rnd_institution>efficiency>missed_diagnosis,0,0,1d8ddb285a372dbc,38725d1983d504c5,87c1c36888c85ac6,domestic_private,low_1,medium_10,one_week,rnd_responsible,multinational,medium_8,high_22,instant,physician_responsible
2026-10-05_deepseek_main,government__disease_diagnosis__US,government,disease_diagnosis,US,main,government__disease_diagnosis__US::main-0131,131,0,10803645730639391878,efficiency>missed_diagnosis>rnd_institution>legal_accountability>misdiagnosis,0,0,a24482e0cb9cb8a9,c8dd786774f537a1,f4f48d5c86500d8d,multinational,high_18,low_0_5,one_week,rnd_responsible,domestic_private,low_1,medium_10,same_day,liability_waiver
2026-10-05_deepseek_main,government__disease_diagnosis__US,government,disease_diagnosis,US,main,government__disease_diagnosis__US::main-0132,132,0,13005507428451216017,efficiency>missed_diagnosis>rnd_institution>misdiagnosis>legal_accountability,0,0,961fd1ec09b16d36,ec5907c16862412b,4de2b326e12b3fbe,public,medium_8,low_0_5,same_day,physician_responsible,multinational,low_1,high_22,one_week,rnd_responsible
2026-10-05_deepseek_main,government__disease_diagnosis__US,government,disease_diagnosis,US,main,government__disease_diagnosis__US::main-0133,133,0,17974075216898479055,legal_accountability>rnd_institution>efficiency>missed_diagnosis>misdiagnosis,0,0,5bcb84447734b967,11a5a581482d1a6b,2739188db8984997,public,medium_8,low_0_5,one_week,physician_responsible,domestic_private,low_1,high_22,same_day,rnd_responsible
2026-10-05_deepseek_main,government__disease_diagnosis__US,government,disease_diagnosis,US,main,government__disease_diagnosis__US::main-0134,134,0,12601397800901984610,efficiency>misdiagnosis>rnd_institution>missed_diagnosis>legal_accountability,0,0,c37d0d962cb5cd9d,45ace71dca013c26,45ace71dca013c26,multinational,high_18,low_0_5,one_week,physician_responsible,public,low_1,medium_10,same_day,rnd_responsible
2026-10-05_deepseek_main,government__disease_diagnosis__US,government,disease_diagnosis,US,main,government__disease_diagnosis__US::main-0135,135,0,1943571814454236939,misdiagnosis>rnd_institution>efficiency>missed_diagnosis>legal_accountability,0,0,975c0f92fa64151e,cd20802269d162f0,cdcfa286888b168f,public,low_1,high_22,instant,liability_waiver,multinational,medium_8,medium_10,one_week,rnd_responsible
2026-10-05_deepseek_main,government__disease_diagnosis__US,government,disease_diagnosis,US,main,government__disease_diagnosis__US::main-0136,136,0,10322122135894312451,misdiagnosis>missed_diagnosis>rnd_institution>legal_accountability>efficiency,0,0,1cd7c57761c086a2,fa958c461e476f13,77bdf781c2d77bb1,multinational,medium_8,high_22,one_week,physician_responsible,public,high_18,medium_10,same_day,rnd_responsible
2026-10-05_deepseek_main,government__disease_diagnosis__US,government,disease_diagnosis,US,main,government__disease_diagnosis__US::main-0137,137,0,5985698961712258473,rnd_institution>efficiency>misdiagnosis>legal_accountability>missed_diagnosis,0,0,6335e609d0b8d85f,18818f989cbfc872,afd5eaf0afe8ec57,public,high_18,medium_10,instant,physician_responsible,multinational,low_1,low_0_5,one_week,rnd_responsible
2026-10-05_deepseek_main,government__disease_diagnosis__US,government,disease_diagnosis,US,main,government__disease_diagnosis__US::main-0138,138,0,240936803214545100,legal_accountability>missed_diagnosis>efficiency>rnd_institution>misdiagnosis,0,0,437c3da9ee113e57,02be7b7e3118599b,5eff10f1e34ecb58,multinational,medium_8,high_22,one_week,rnd_responsible,public,high_18,low_0_5,instant,liability_waiver
2026-10-05_deepseek_main,government__disease_diagnosis__US,government,disease_diagnosis,US,main,government__disease_diagnosis__US::main-0139,139,0,4389466545453571204,efficiency>rnd_institution>missed_diagnosis>legal_accountability>misdiagnosis,0,0,7cd46d4f1d116384,a119ca6cdcc431d3,d92dafdb3329dc1f,public,low_1,low_0_5,one_week,rnd_responsible,domestic_private,medium_8,high_22,instant,physician_responsible
2026-10-05_deepseek_main,government__disease_diagnosis__US,government,disease_diagnosis,US,main,government__disease_diagnosis__US::main-0140,140,0,10561470739361051184,missed_diagnosis>rnd_institution>efficiency>legal_accountability>misdiagnosis,0,0,4a8c89c9fda69bac,da9b2ec22d03fe4c,52be9ceb68f9d7ed,domestic_private,medium_8,medium_10,same_day,liability_waiver,public,low_1,high_22,instant,physician_responsible
2026-10-05_deepseek_main,government__disease_diagnosis__US,government,disease_diagnosis,US,main,government__disease_diagnosis__US::main-0141,141,0,17466934858119971559,misdiagnosis>rnd_institution>missed_diagnosis>efficiency>legal_accountability,0,1,cd593ea30d37ce18,bcc7daa1fad00512,8a0b6d3cd13909b2,public,medium_8,medium_10,same_day,liability_waiver,domestic_private,low_1,low_0_5,instant,physician_responsible
2026-10-05_deepseek_main,government__disease_diagnosis__US,government,disease_diagnosis,US,main,government__disease_diagnosis__US::main-0142,142,0,6333417720219761040,misdiagnosis>missed_diagnosis>legal_accountability>efficiency>rnd_institution,0,0,651765914cdd0cf2,e25cb51b2017964e,73ca2fe3be832dd4,domestic_private,high_18,low_0_5,same_day,physician_responsible,multinational,medium_8,high_22,one_week,liability_waiver
2026-10-05_deepseek_main,government__disease_diagnosis__US,government,disease_diagnosis,US,main,government__disease_diagnosis__US::main-0143,143,0,17939732519928934691,rnd_institution>misdiagnosis>legal_accountability>efficiency>missed_diagnosis,0,0,511ff1df99a9345a,c721041ea2bbedc5,1f3af6bbe94f0a82,public,high_18,low_0_5,one_week,rnd_responsible,multinational,low_1,medium_10,instant,liability_waiver
2026-10-05_deepseek_main,government__disease_diagnosis__US,government,disease_diagnosis,US,main,government__disease_diagnosis__US::main-0144,144,0,11264076398663724470,legal_accountability>rnd_institution>missed_diagnosis>misdiagnosis>efficiency,0,0,56b7116fa26d9ce1,e781e95376602c84,64e6dd903fc443b0,domestic_private,high_18,low_0_5,same_day,rnd_responsible,public,medium_8,medium_10,one_week,liability_waiver
2026-10-05_deepseek_main,government__disease_diagnosis__US,government,disease_diagnosis,US,main,government__disease_diagnosis__US::main-0145,145,0,15138461953389731872,missed_diagnosis>legal_accountability>efficiency>misdiagnosis>rnd_institution,0,0,801d2852f88735e0,2b2876ea6d778048,2c7fc41aae620661,multinational,low_1,medium_10,one_week,liability_waiver,public,medium_8,low_0_5,instant,physician_responsible
2026-10-05_deepseek_main,government__disease_diagnosis__US,government,disease_diagnosis,US,main,government__disease_diagnosis__US::main-0146,146,0,17756110963556528026,rnd_institution>efficiency>missed_diagnosis>legal_accountability>misdiagnosis,0,0,b3968efeae61175c,529aa3dbc41a3616,091834e5e9ea7adc,domestic_private,medium_8,medium_10,one_week,liability_waiver,public,high_18,high_22,instant,physician_responsible
2026-10-05_deepseek_main,government__disease_diagnosis__US,government,disease_diagnosis,US,main,government__disease_diagnosis__US::main-0147,147,0,4340290876160768003,legal_accountability>missed_diagnosis>misdiagnosis>efficiency>rnd_institution,0,0,ac634977e7e93ab4,667e46565a0cb434,c7dc565d6fb8d3f4,multinational,low_1,high_22,one_week,rnd_responsible,domestic_private,high_18,low_0_5,instant,liability_waiver
2026-10-05_deepseek_main,government__disease_diagnosis__US,government,disease_diagnosis,US,main,government__disease_diagnosis__US::main-0148,148,0,13021417447859539828,legal_accountability>misdiagnosis>rnd_institution>efficiency>missed_diagnosis,0,0,31a4ceaff142ff30,b4835e959fb818e8,275eac1d094ecb85,domestic_private,medium_8,high_22,instant,rnd_responsible,multinational,high_18,low_0_5,one_week,physician_responsible
2026-10-05_deepseek_main,government__disease_diagnosis__US,government,disease_diagnosis,US,main,government__disease_diagnosis__US::main-0149,149,0,5006183935657836078,misdiagnosis>missed_diagnosis>legal_accountability>rnd_institution>efficiency,0,0,2c592568671a21f2,6f0f13cc2e76e8b4,49902a25a38cf7b2,multinational,low_1,high_22,same_day,rnd_responsible,domestic_private,medium_8,low_0_5,one_week,liability_waiver
2026-10-05_deepseek_main,government__disease_diagnosis__US,government,disease_diagnosis,US,main,government__disease_diagnosis__US::main-0150,150,0,726461530720285994,legal_accountability>rnd_institution>efficiency>misdiagnosis>missed_diagnosis,0,0,f98d893be131ea8f,3688a8465e3aecc4,d92dafdb3329dc1f,public,low_1,high_22,one_week,physician_responsible,domestic_private,medium_8,low_0_5,instant,rnd_responsible
2026-10-05_deepseek_main,government__disease_diagnosis__US,government,disease_diagnosis,US,main,government__disease_diagnosis__US::main-0151,151,0,985388373843425884,efficiency>legal_accountability>missed_diagnosis>misdiagnosis>rnd_institution,0,1,f602b245e3ed5186,7e0bf7916376b91d,6b4dd668623eb2fa,multinational,high_18,high_22,one_week,physician_responsible,domestic_private,medium_8,low_0_5,instant,liability_waiver
2026-10-05_deepseek_main,government__disease_diagnosis__US,government,disease_diagnosis,US,main,government__disease_diagnosis__US::main-0152,152,0,12992560589992449567,legal_accountability>missed_diagnosis>rnd_institution>efficiency>misdiagnosis,0,0,44c82b26f59af1ee,34feca7a43e45909,cd3357c2bd9690bd,domestic_private,medium_8,low_0_5,instant,physician_responsible,multinational,low_1,medium_10,same_day,liability_waiver
2026-10-05_deepseek_main,government__disease_diagnosis__US,government,disease_diagnosis,US,main,government__disease_diagnosis__US::main-0153,153,0,3953751886351645556,efficiency>legal_accountability>misdiagnosis>missed_diagnosis>rnd_institution,1,0,48c11d1276cabfde,48c11d1276cabfde,9c3f66be02e10b81,domestic_private,medium_8,low_0_5,same_day,rnd_responsible,public,high_18,medium_10,one_week,physician_responsible
2026-10-05_deepseek_main,government__disease_diagnosis__US,government,disease_diagnosis,US,main,government__disease_diagnosis__US::main-0154,154,0,3491192066794658250,efficiency>legal_accountability>misdiagnosis>missed_diagnosis>rnd_institution,0,0,6feb1f230a255660,6feb1f230a255660,b84f6fbb401af51e,domestic_private,medium_8,low_0_5,instant,physician_responsible,multinational,low_1,high_22,same_day,liability_waiver
2026-10-05_deepseek_main,government__disease_diagnosis__US,government,disease_diagnosis,US,main,government__disease_diagnosis__US::main-0155,155,0,13456780259341686497,efficiency>rnd_institution>misdiagnosis>missed_diagnosis>legal_accountability,0,0,37cffcec88df5731,24e1b16c8080cc6e,24e1b16c8080cc6e,domestic_private,high_18,high_22,instant,liability_waiver,multinational,medium_8,medium_10,same_day,physician_responsible
2026-10-05_deepseek_main,government__disease_diagnosis__US,government,disease_diagnosis,US,main,government__disease_diagnosis__US::main-0156,156,0,8286119291690109388,missed_diagnosis>legal_accountability>misdiagnosis>efficiency>rnd_institution,0,0,0ec70e0727875721,6cbd4bdb9c13a8c1,b1729d2cff3181cb,public,high_18,low_0_5,one_week,rnd_responsible,multinational,low_1,high_22,instant,physician_responsible
2026-10-05_deepseek_main,government__disease_diagnosis__US,government,disease_diagnosis,US,main,government__disease_diagnosis__US::main-0157,157,0,1346869093778250884,rnd_institution>misdiagnosis>legal_accountability>missed_diagnosis>efficiency,0,0,85014d0e7e626c1c,abb561930a7c413a,39a34dadc60b83e2,public,medium_8,high_22,instant,liability_waiver,multinational,low_1,medium_10,one_week,physician_responsible
2026-10-05_deepseek_main,government__disease_diagnosis__US,government,disease_diagnosis,US,main,government__disease_diagnosis__US::main-0158,158,0,12757987397401440286,legal_accountability>missed_diagnosis>misdiagnosis>rnd_institution>efficiency,0,0,68396c4b2616bc8e,58f07025276a6723,007e6425bc5f7d1e,domestic_private,low_1,medium_10,same_day,physician_responsible,multinational,medium_8,low_0_5,instant,rnd_responsible
2026-10-05_deepseek_main,government__disease_diagnosis__US,government,disease_diagnosis,US,main,government__disease_diagnosis__US::main-0159,159,0,10568112790065838387,efficiency>missed_diagnosis>rnd_institution>misdiagnosis>legal_accountability,0,0,765a3730321001e8,040fe5d3881528e3,c025e36fbde737e6,domestic_private,medium_8,high_22,instant,rnd_responsible,multinational,low_1,low_0_5,one_week,physician_responsible
2026-10-05_deepseek_main,government__disease_diagnosis__US,government,disease_diagnosis,US,main,government__disease_diagnosis__US::main-0160,160,0,990381174137252448,misdiagnosis>efficiency>rnd_institution>missed_diagnosis>legal_accountability,0,0,43f31119b24c93b5,3bc4783b6480b276,6330454730b35840,domestic_private,high_18,medium_10,instant,physician_responsible,multinational,low_1,low_0_5,one_week,liability_waiver
2026-10-05_deepseek_main,government__disease_diagnosis__US,government,disease_diagnosis,US,main,government__disease_diagnosis__US::main-0161,161,0,1233614934540287657,efficiency>rnd_institution>missed_diagnosis>misdiagnosis>legal_accountability,0,0,a8dd043d6a925520,47a8a2aba641679d,8d445cb44d170abb,multinational,low_1,low_0_5,one_week,physician_responsible,public,medium_8,high_22,instant,liability_waiver
2026-10-05_deepseek_main,government__disease_diagnosis__US,government,disease_diagnosis,US,main,government__disease_diagnosis__US::main-0162,162,0,13859941986174116342,misdiagnosis>efficiency>legal_accountability>rnd_institution>missed_diagnosis,0,0,a663b63551d51a97,09a8e18e245f37a3,bce5c9fc1c08d0f3,domestic_private,medium_8,low_0_5,one_week,liability_waiver,multinational,low_1,high_22,same_day,physician_responsible
2026-10-05_deepseek_main,government__disease_diagnosis__US,government,disease_diagnosis,US,main,government__disease_diagnosis__US::main-0163,163,0,746659798246089575,efficiency>missed_diagnosis>rnd_institution>misdiagnosis>legal_accountability,0,0,08a891ff9f04a9de,44cef468759d5509,d81a764a8f047f29,multinational,medium_8,medium_10,instant,rnd_responsible,domestic_private,low_1,high_22,same_day,physician_responsible
2026-10-05_deepseek_main,government__disease_diagnosis__US,government,disease_diagnosis,US,main,government__disease_diagnosis__US::main-0164,164,0,12728487028013084322,legal_accountability>rnd_institution>missed_diagnosis>efficiency>misdiagnosis,0,0,393cfd68192269df,b4835e959fb818e8,275eac1d094ecb85,domestic_private,medium_8,high_22,instant,rnd_responsible,multinational,high_18,low_0_5,one_week,physician_responsible
2026-10-05_deepseek_main,government__disease_diagnosis__US,government,disease_diagnosis,US,main,government__disease_diagnosis__US::main-0165,165,0,15218292351347970168,rnd_institution>legal_accountability>misdiagnosis>efficiency>missed_diagnosis,0,1,d75a11d076c29fa1,385303bd8d1ca799,d7730e9b33b9a5e7,domestic_private,high_18,high_22,same_day,physician_responsible,public,medium_8,low_0_5,instant,liability_waiver
2026-10-05_deepseek_main,government__disease_diagnosis__US,government,disease_diagnosis,US,main,government__disease_diagnosis__US::main-0166,166,0,11794232760360301197,rnd_institution>efficiency>misdiagnosis>legal_accountability>missed_diagnosis,0,0,fb53b8c8ce5929a0,36446d4a14591666,70c3b1efb3ca6329,public,low_1,medium_10,one_week,liability_waiver,multinational,high_18,high_22,same_day,physician_responsible
2026-10-05_deepseek_main,government__disease_diagnosis__US,government,disease_diagnosis,US,main,government__disease_diagnosis__US::main-0167,167,0,9572095958336687673,rnd_institution>missed_diagnosis>efficiency>misdiagnosis>legal_accountability,0,1,c35208060dd34489,14d0d179f80b5c7d,31f91fd6e0219897,multinational,high_18,high_22,one_week,liability_waiver,public,medium_8,medium_10,instant,physician_responsible
2026-10-05_deepseek_main,government__disease_diagnosis__US,government,disease_diagnosis,US,main,government__disease_diagnosis__US::main-0168,168,0,410404910991954564,legal_accountability>efficiency>missed_diagnosis>misdiagnosis>rnd_institution,0,0,72ce44bc0a376fdc,55ffdfee00473128,b292e1a033682d10,multinational,medium_8,medium_10,one_week,liability_waiver,domestic_private,high_18,low_0_5,same_day,rnd_responsible
2026-10-05_deepseek_main,government__disease_diagnosis__US,government,disease_diagnosis,US,main,government__disease_diagnosis__US::main-0169,169,0,5553561228402001047,efficiency>legal_accountability>rnd_institution>misdiagnosis>missed_diagnosis,0,1,8702b45c27e57ce4,bbf9ac678c34d030,2f9f18cce15ed4cf,public,high_18,medium_10,one_week,rnd_responsible,domestic_private,low_1,low_0_5,same_day,liability_waiver
2026-10-05_deepseek_main,government__disease_diagnosis__US,government,disease_diagnosis,US,main,government__disease_diagnosis__US::main-0170,170,0,10264210496125416950,misdiagnosis>legal_accountability>missed_diagnosis>efficiency>rnd_institution,0,0,95c04ff5c36da278,13262ae66cd8ff81,c4a3749313c36f77,public,medium_8,low_0_5,same_day,liability_waiver,domestic_private,low_1,high_22,one_week,rnd_responsible
2026-10-05_deepseek_main,government__disease_diagnosis__US,government,disease_diagnosis,US,main,government__disease_diagnosis__US::main-0171,171,0,2957176483200039773,efficiency>rnd_institution>legal_accountability>missed_diagnosis>misdiagnosis,0,0,6450069f2e03f755,33145b0e4d0c30a5,2ac53565fd40750d,domestic_private,high_18,low_0_5,instant,physician_responsible,public,low_1,medium_10,one_week,liability_waiver
2026-10-05_deepseek_main,government__disease_diagnosis__US,government,disease_diagnosis,US,main,government__disease_diagnosis__US::main-0172,172,0,2280644515715088982,missed_diagnosis>rnd_institution>efficiency>legal_accountability>misdiagnosis,0,0,791ae8733d6166fa,eac6bdca5efb11d1,911f732491f80b4c,domestic_private,high_18,low_0_5,same_day,rnd_responsible,public,low_1,medium_10,instant,physician_responsible
2026-10-05_deepseek_main,government__disease_diagnosis__US,government,disease_diagnosis,US,main,government__disease_diagnosis__US::main-0173,173,0,4463235484329865774,missed_diagnosis>legal_accountability>rnd_institution>efficiency>misdiagnosis,0,0,1cc9194d656982a6,d8a8d3d06668082b,19c06a42c7f04061,public,low_1,medium_10,one_week,liability_waiver,multinational,medium_8,low_0_5,same_day,rnd_responsible
2026-10-05_deepseek_main,government__disease_diagnosis__US,government,disease_diagnosis,US,main,government__disease_diagnosis__US::main-0174,174,0,7448520642679775567,missed_diagnosis>misdiagnosis>efficiency>legal_accountability>rnd_institution,0,0,a155dea3b061d8d5,7e0e617b9d8614a4,d92dafdb3329dc1f,public,low_1,high_22,instant,rnd_responsible,domestic_private,medium_8,low_0_5,one_week,physician_responsible
2026-10-05_deepseek_main,government__disease_diagnosis__US,government,disease_diagnosis,US,main,government__disease_diagnosis__US::main-0175,175,0,4460698638960169079,efficiency>rnd_institution>misdiagnosis>legal_accountability>missed_diagnosis,0,0,d34937196807bec7,32e39aff3834c679,d92dafdb3329dc1f,domestic_private,low_1,low_0_5,one_week,rnd_responsible,public,medium_8,high_22,instant,physician_responsible
2026-10-05_deepseek_main,government__disease_diagnosis__US,government,disease_diagnosis,US,main,government__disease_diagnosis__US::main-0176,176,0,3454458982457357758,misdiagnosis>rnd_institution>legal_accountability>missed_diagnosis>efficiency,0,0,9102ea7b248b1a8b,0d0fa85cbc4dd449,1a02773c963793c7,domestic_private,medium_8,high_22,one_week,physician_responsible,multinational,high_18,medium_10,same_day,liability_waiver
2026-10-05_deepseek_main,government__disease_diagnosis__US,government,disease_diagnosis,US,main,government__disease_diagnosis__US::main-0177,177,0,11304437342976868653,efficiency>legal_accountability>misdiagnosis>rnd_institution>missed_diagnosis,0,0,ad41c40ec2c8f00f,4fff09c66a2810cc,f2c753ed24ede509,domestic_private,low_1,medium_10,one_week,physician_responsible,public,high_18,low_0_5,instant,rnd_responsible
2026-10-05_deepseek_main,government__disease_diagnosis__US,government,disease_diagnosis,US,main,government__disease_diagnosis__US::main-0178,178,0,1561162702517597400,misdiagnosis>missed_diagnosis>legal_accountability>rnd_institution>efficiency,1,0,8a0a7cc3983660b1,b847cea19b460cdf,d92dafdb3329dc1f,public,low_1,low_0_5,instant,rnd_responsible,domestic_private,medium_8,high_22,one_week,physician_responsible
2026-10-05_deepseek_main,government__disease_diagnosis__US,government,disease_diagnosis,US,main,government__disease_diagnosis__US::main-0179,179,0,7916748581281290708,missed_diagnosis>rnd_institution>misdiagnosis>legal_accountability>efficiency,0,1,6b57974ccaa3a267,c592e581c1958310,2739188db8984997,public,medium_8,high_22,one_week,physician_responsible,domestic_private,low_1,low_0_5,same_day,rnd_responsible
2026-10-05_deepseek_main,government__disease_diagnosis__US,government,disease_diagnosis,US,main,government__disease_diagnosis__US::main-0180,180,0,3253212952715265774,legal_accountability>efficiency>rnd_institution>missed_diagnosis>misdiagnosis,1,0,c541c49e8cde8d25,4798cd4ee27987e2,4de2b326e12b3fbe,public,low_1,low_0_5,same_day,rnd_responsible,multinational,medium_8,high_22,one_week,physician_responsible
2026-10-05_deepseek_main,government__disease_diagnosis__US,government,disease_diagnosis,US,main,government__disease_diagnosis__US::main-0181,181,0,12634747200067450950,misdiagnosis>missed_diagnosis>efficiency>legal_accountability>rnd_institution,1,0,517b27f04ad161d3,302df2c955554517,fa4c69ce819c4428,multinational,low_1,low_0_5,instant,liability_waiver,public,high_18,medium_10,same_day,physician_responsible
2026-10-05_deepseek_main,government__disease_diagnosis__US,government,disease_diagnosis,US,main,government__disease_diagnosis__US::main-0182,182,0,16768034580434742623,rnd_institution>missed_diagnosis>efficiency>misdiagnosis>legal_accountability,0,0,33089e61520c8325,40cf69f28dc0c2fd,4603ebaf27b618b5,domestic_private,medium_8,medium_10,one_week,physician_responsible,public,high_18,high_22,instant,rnd_responsible
2026-10-05_deepseek_main,government__disease_diagnosis__US,government,disease_diagnosis,US,main,government__disease_diagnosis__US::main-0183,183,0,154266111885016977,missed_diagnosis>efficiency>rnd_institution>misdiagnosis>legal_accountability,0,0,ae5cccfe801a0295,5382ba6348d4e0d7,d6996100526d31c3,multinational,low_1,high_22,one_week,rnd_responsible,domestic_private,medium_8,medium_10,instant,liability_waiver
2026-10-05_deepseek_main,government__disease_diagnosis__US,government,disease_diagnosis,US,main,government__disease_diagnosis__US::main-0184,184,0,15724254571312237425,misdiagnosis>legal_accountability>missed_diagnosis>rnd_institution>efficiency,0,0,4aad5ddf4eba1dce,02b9e655f1603ebe,2c7fc41aae620661,public,medium_8,low_0_5,one_week,liability_waiver,multinational,low_1,medium_10,instant,physician_responsible
2026-10-05_deepseek_main,government__disease_diagnosis__US,government,disease_diagnosis,US,main,government__disease_diagnosis__US::main-0185,185,0,3742272824390166392,legal_accountability>misdiagnosis>rnd_institution>efficiency>missed_diagnosis,0,0,ee8cda8ec446c45f,ec5907c16862412b,4de2b326e12b3fbe,public,medium_8,low_0_5,same_day,physician_responsible,multinational,low_1,high_22,one_week,rnd_responsible
2026-10-05_deepseek_main,government__disease_diagnosis__US,government,disease_diagnosis,US,main,government__disease_diagnosis__US::main-0186,186,0,7376595538367732360,legal_accountability>misdiagnosis>missed_diagnosis>rnd_institution>efficiency,0,0,d379bb12ca37986d,3837835f3e627777,02d22f75dd5602e4,domestic_private,low_1,medium_10,same_day,physician_responsible,multinational,high_18,high_22,instant,liability_waiver
2026-10-05_deepseek_main,government__disease_diagnosis__US,government,disease_diagnosis,US,main,government__disease_diagnosis__US::main-0187,187,0,7626367938030119654,efficiency>rnd_institution>missed_diagnosis>legal_accountability>misdiagnosis,0,0,93a1236cc76c0aa3,c091ab34a80d8de3,4ecb762970586d52,domestic_private,low_1,medium_10,one_week,rnd_responsible,multinational,medium_8,low_0_5,same_day,liability_waiver
2026-10-05_deepseek_main,government__disease_diagnosis__US,government,disease_diagnosis,US,main,government__disease_diagnosis__US::main-0188,188,0,1606852379907388730,efficiency>rnd_institution>misdiagnosis>legal_accountability>missed_diagnosis,0,0,41a05417689d3f23,2570179ee10081ea,6330454730b35840,multinational,high_18,low_0_5,instant,physician_responsible,domestic_private,low_1,medium_10,one_week,liability_waiver
2026-10-05_deepseek_main,government__disease_diagnosis__US,government,disease_diagnosis,US,main,government__disease_diagnosis__US::main-0189,189,0,12216360780445801456,rnd_institution>missed_diagnosis>efficiency>legal_accountability>misdiagnosis,0,0,9bc4a54b9fc8bbd9,741aa748a417c2ff,cdcfa286888b168f,multinational,medium_8,medium_10,one_week,liability_waiver,public,low_1,high_22,instant,rnd_responsible
2026-10-05_deepseek_main,government__disease_diagnosis__US,government,disease_diagnosis,US,main,government__disease_diagnosis__US::main-0190,190,0,14661628603859005616,efficiency>misdiagnosis>missed_diagnosis>rnd_institution>legal_accountability,0,0,46815a3029f828fa,1d7c932763aeada2,f2c753ed24ede509,domestic_private,low_1,low_0_5,one_week,physician_responsible,public,high_18,medium_10,instant,rnd_responsible
2026-10-05_deepseek_main,government__disease_diagnosis__US,government,disease_diagnosis,US,main,government__disease_diagnosis__US::main-0191,191,0,5640464524967812253,efficiency>missed_diagnosis>misdiagnosis>rnd_institution>legal_accountability,0,0,6c8a88242f41eced,3f9e4ee9f671e5a7,31f91fd6e0219897,public,medium_8,high_22,instant,physician_responsible,multinational,high_18,medium_10,one_week,liability_waiver
2026-10-05_deepseek_main,government__disease_diagnosis__US,government,disease_diagnosis,US,main,government__disease_diagnosis__US::main-0192,192,0,16903579777365735630,missed_diagnosis>misdiagnosis>rnd_institution>legal_accountability>efficiency,0,1,f2a85934bb2e5cda,415a28e17af88ad5,2e438f57d5bd69e8,public,high_18,high_22,one_week,rnd_responsible,multinational,low_1,low_0_5,same_day,liability_waiver
2026-10-05_deepseek_main,government__disease_diagnosis__US,government,disease_diagnosis,US,main,government__disease_diagnosis__US::main-0193,193,0,11699633802740970464,legal_accountability>missed_diagnosis>rnd_institution>efficiency>misdiagnosis,0,0,6f0f5e6848cece86,b19d758939af8dae,8e4da2671cc47f02,multinational,low_1,medium_10,same_day,liability_waiver,public,medium_8,low_0_5,one_week,physician_responsible
2026-10-05_deepseek_main,government__disease_diagnosis__US,government,disease_diagnosis,US,main,government__disease_diagnosis__US::main-0194,194,0,8791698317333361863,efficiency>rnd_institution>legal_accountability>misdiagnosis>missed_diagnosis,0,0,d06f446fc44e2566,0491313bda5aa47b,5aed908eb9ecc10d,public,low_1,medium_10,one_week,physician_responsible,domestic_private,medium_8,high_22,same_day,liability_waiver
2026-10-05_deepseek_main,government__disease_diagnosis__US,government,disease_diagnosis,US,main,government__disease_diagnosis__US::main-0195,195,0,7718640417643924576,misdiagnosis>legal_accountability>efficiency>missed_diagnosis>rnd_institution,1,0,f1665f7e88b3d693,6b0652f1d58371a8,3e32515a3ba9d097,public,medium_8,low_0_5,instant,physician_responsible,domestic_private,high_18,medium_10,one_week,liability_waiver
2026-10-05_deepseek_main,government__disease_diagnosis__US,government,disease_diagnosis,US,main,government__disease_diagnosis__US::main-0196,196,0,464067287700212388,rnd_institution>legal_accountability>misdiagnosis>missed_diagnosis>efficiency,0,1,bf9bf495a0e267c8,234fe3b7b12a94ab,d7a020db171d71ba,multinational,high_18,high_22,one_week,rnd_responsible,public,low_1,medium_10,same_day,liability_waiver
2026-10-05_deepseek_main,government__disease_diagnosis__US,government,disease_diagnosis,US,main,government__disease_diagnosis__US::main-0197,197,0,18287937391808038412,efficiency>misdiagnosis>legal_accountability>missed_diagnosis>rnd_institution,1,0,a23628083ddd9e5e,d13304a3fd7c2d6e,5d0623fc38a61329,domestic_private,medium_8,low_0_5,instant,physician_responsible,public,high_18,medium_10,same_day,liability_waiver
2026-10-05_deepseek_main,government__disease_diagnosis__US,government,disease_diagnosis,US,main,government__disease_diagnosis__US::main-0198,198,0,11556723484876931691,efficiency>misdiagnosis>legal_accountability>missed_diagnosis>rnd_institution,0,0,d1eee7acb59bc414,f6a82bb82bb4a99b,2f9f18cce15ed4cf,public,low_1,medium_10,same_day,rnd_responsible,domestic_private,high_18,low_0_5,one_week,liability_waiver
2026-10-05_deepseek_main,government__disease_diagnosis__US,government,disease_diagnosis,US,main,government__disease_diagnosis__US::main-0199,199,0,14326459985285746058,efficiency>rnd_institution>missed_diagnosis>misdiagnosis>legal_accountability,0,0,b537923583871d95,32613ff9cf811b8a,c025e36fbde737e6,multinational,medium_8,low_0_5,instant,physician_responsible,domestic_private,low_1,high_22,one_week,rnd_responsible
2026-10-05_deepseek_main,government__disease_diagnosis__US,government,disease_diagnosis,US,main,government__disease_diagnosis__US::main-0200,200,0,6002119830273820065,missed_diagnosis>legal_accountability>efficiency>misdiagnosis>rnd_institution,0,0,e360033768c2d79c,25be9ab1cdcffdb9,b3787ba3feb5b373,public,medium_8,high_22,one_week,physician_responsible,multinational,high_18,low_0_5,same_day,liability_waiver
2026-10-05_deepseek_main,government__disease_diagnosis__US,government,disease_diagnosis,US,main,government__disease_diagnosis__US::main-0201,201,0,8931429339739105659,misdiagnosis>legal_accountability>efficiency>rnd_institution>missed_diagnosis,1,0,a1b024499761fb50,e08bb1e7c382a07e,1a02773c963793c7,multinational,medium_8,medium_10,same_day,liability_waiver,domestic_private,high_18,high_22,one_week,physician_responsible
2026-10-05_deepseek_main,government__disease_diagnosis__US,government,disease_diagnosis,US,main,government__disease_diagnosis__US::main-0202,202,0,15433410990858825214,misdiagnosis>efficiency>legal_accountability>rnd_institution>missed_diagnosis,1,0,b54c0ba9ead74f65,d3bc706413efffbc,3f66db13d4091ad8,domestic_private,low_1,low_0_5,same_day,physician_responsible,multinational,high_18,high_22,one_week,rnd_responsible
2026-10-05_deepseek_main,government__disease_diagnosis__US,government,disease_diagnosis,US,main,government__disease_diagnosis__US::main-0203,203,0,5542078348620004465,legal_accountability>rnd_institution>efficiency>missed_diagnosis>misdiagnosis,1,0,8a067f9bab444de6,85071a213ffadc69,53247be15d354e19,domestic_private,low_1,low_0_5,instant,liability_waiver,public,high_18,medium_10,same_day,rnd_responsible
2026-10-05_deepseek_main,government__disease_diagnosis__US,government,disease_diagnosis,US,main,government__disease_diagnosis__US::main-0204,204,0,11893747312614561408,missed_diagnosis>efficiency>legal_accountability>rnd_institution>misdiagnosis,0,0,6241b231e4d8c048,0451ad45c0662a4e,6d0f7825fc1d5bd2,domestic_private,low_1,low_0_5,same_day,physician_responsible,public,medium_8,high_22,instant,liability_waiver
2026-10-05_deepseek_main,government__disease_diagnosis__US,government,disease_diagnosis,US,main,government__disease_diagnosis__US::main-0205,205,0,861387608297355959,efficiency>missed_diagnosis>legal_accountability>misdiagnosis>rnd_institution,0,0,984e36914a4ffc91,ab7fe1786d32d13b,efce7306b192d8ae,public,medium_8,medium_10,instant,rnd_responsible,multinational,low_1,low_0_5,one_week,liability_waiver
2026-10-05_deepseek_main,government__disease_diagnosis__US,government,disease_diagnosis,US,main,government__disease_diagnosis__US::main-0206,206,0,6863821699335113829,missed_diagnosis>efficiency>rnd_institution>legal_accountability>misdiagnosis,0,0,e63fc54b7d247d01,44410e9bf497fb73,a45b12c9650fe0b0,domestic_private,medium_8,low_0_5,one_week,rnd_responsible,public,low_1,high_22,instant,liability_waiver
2026-10-05_deepseek_main,government__disease_diagnosis__US,government,disease_diagnosis,US,main,government__disease_diagnosis__US::main-0207,207,0,18004604059940681974,misdiagnosis>efficiency>legal_accountability>rnd_institution>missed_diagnosis,0,0,f857c61d68840bac,f446c1b9c2d40897,2c7fc41aae620661,multinational,low_1,medium_10,instant,liability_waiver,public,medium_8,low_0_5,one_week,physician_responsible
2026-10-05_deepseek_main,government__disease_diagnosis__US,government,disease_diagnosis,US,main,government__disease_diagnosis__US::main-0208,208,0,13305851382776366329,misdiagnosis>missed_diagnosis>efficiency>rnd_institution>legal_accountability,0,0,db0884131e76405b,461c2f53f30fc3c2,98700c426790b9c1,domestic_private,high_18,medium_10,instant,physician_responsible,multinational,low_1,high_22,one_week,liability_waiver
2026-10-05_deepseek_main,government__disease_diagnosis__US,government,disease_diagnosis,US,main,government__disease_diagnosis__US::main-0209,209,0,8405656777035064477,misdiagnosis>legal_accountability>efficiency>rnd_institution>missed_diagnosis,1,0,4ad6d89800cf96fb,15d704e36a9244d9,19529d1d21a5eef3,domestic_private,low_1,low_0_5,instant,liability_waiver,public,high_18,high_22,same_day,rnd_responsible
2026-10-05_deepseek_main,government__disease_diagnosis__US,government,disease_diagnosis,US,main,government__disease_diagnosis__US::main-0210,210,0,11626254571036751390,efficiency>missed_diagnosis>misdiagnosis>rnd_institution>legal_accountability,0,0,bd31ac502f133899,a646f272f425e989,73ca2fe3be832dd4,multinational,medium_8,high_22,one_week,physician_responsible,domestic_private,high_18,low_0_5,same_day,liability_waiver
2026-10-05_deepseek_main,government__disease_diagnosis__US,government,disease_diagnosis,US,main,government__disease_diagnosis__US::main-0211,211,0,4673730954805125416,missed_diagnosis>misdiagnosis>rnd_institution>legal_accountability>efficiency,0,0,7c7aa3e596d143c1,dbcb9112970bcc85,cdcfa286888b168f,multinational,medium_8,medium_10,instant,liability_waiver,public,low_1,high_22,one_week,rnd_responsible
2026-10-05_deepseek_main,government__disease_diagnosis__US,government,disease_diagnosis,US,main,government__disease_diagnosis__US::main-0212,212,0,1481128596478199295,efficiency>missed_diagnosis>legal_accountability>misdiagnosis>rnd_institution,0,1,d7a0f01999d2dbb8,01e3874396d3a0c9,afb79250cb33e739,multinational,medium_8,high_22,same_day,physician_responsible,domestic_private,low_1,medium_10,instant,liability_waiver
2026-10-05_deepseek_main,government__disease_diagnosis__US,government,disease_diagnosis,US,main,government__disease_diagnosis__US::main-0213,213,0,8585935373429711980,misdiagnosis>legal_accountability>missed_diagnosis>rnd_institution>efficiency,0,0,fcc097a86084f2f8,6330454730b35840,6330454730b35840,domestic_private,high_18,low_0_5,instant,liability_waiver,multinational,low_1,medium_10,one_week,physician_responsible
2026-10-05_deepseek_main,government__disease_diagnosis__US,government,disease_diagnosis,US,main,government__disease_diagnosis__US::main-0214,214,0,12297788098883464476,rnd_institution>legal_accountability>efficiency>missed_diagnosis>misdiagnosis,0,0,db5503221fbc781f,da0bdf684f6ceeae,e5b7aa3f08b40402,domestic_private,high_18,high_22,same_day,rnd_responsible,multinational,medium_8,low_0_5,one_week,liability_waiver
2026-10-05_deepseek_main,government__disease_diagnosis__US,government,disease_diagnosis,US,main,government__disease_diagnosis__US::main-0215,215,0,16967514607463775383,misdiagnosis>efficiency>rnd_institution>legal_accountability>missed_diagnosis,0,0,7c2e916e4f6bdbdf,cc52192332e4ff45,64e6dd903fc443b0,domestic_private,high_18,medium_10,same_day,rnd_responsible,public,medium_8,low_0_5,one_week,liability_waiver
2026-10-05_deepseek_main,government__disease_diagnosis__US,government,disease_diagnosis,US,main,government__disease_diagnosis__US::main-0216,216,0,15186935298694075158,misdiagnosis>legal_accountability>efficiency>missed_diagnosis>rnd_institution,0,0,9c94715cda2995ee,5603901e19704b17,c3d856a8c2aadf6a,multinational,high_18,medium_10,one_week,liability_waiver,domestic_private,medium_8,high_22,instant,rnd_responsible
2026-10-05_deepseek_main,government__disease_diagnosis__US,government,disease_diagnosis,US,main,government__disease_diagnosis__US::main-0217,217,0,6797922196706669170,missed_diagnosis>efficiency>legal_accountability>misdiagnosis>rnd_institution,0,0,ee2c61c140fbb17b,457364352f269267,471762c5f12f7498,public,medium_8,low_0_5,one_week,rnd_responsible,domestic_private,high_18,medium_10,instant,physician_responsible
2026-10-05_deepseek_main,government__disease_diagnosis__US,government,disease_diagnosis,US,main,government__disease_diagnosis__US::main-0218,218,0,13460689434680578217,misdiagnosis>missed_diagnosis>rnd_institution>efficiency>legal_accountability,0,0,7f343f8d73c503ce,bf67acd7cbe1e7d2,184a9b6a31aed527,domestic_private,high_18,low_0_5,same_day,physician_responsible,public,medium_8,medium_10,one_week,liability_waiver
2026-10-05_deepseek_main,government__disease_diagnosis__US,government,disease_diagnosis,US,main,government__disease_diagnosis__US::main-0219,219,0,14792254231041768904,missed_diagnosis>rnd_institution>legal_accountability>efficiency>misdiagnosis,0,0,58e108ce17397061,f93bf1ce87c7145d,c5f861433c86b493,domestic_private,low_1,high_22,one_week,liability_waiver,multinational,high_18,medium_10,same_day,rnd_responsible
2026-10-05_deepseek_main,government__disease_diagnosis__US,government,disease_diagnosis,US,main,government__disease_diagnosis__US::main-0220,220,0,4548074962777200136,efficiency>rnd_institution>legal_accountability>misdiagnosis>missed_diagnosis,0,0,c26b0c1606883a30,6328d4cecfdd2bd8,10d66d37625e5fb0,domestic_private,low_1,medium_10,one_week,rnd_responsible,multinational,medium_8,low_0_5,instant,liability_waiver
2026-10-05_deepseek_main,government__disease_diagnosis__US,government,disease_diagnosis,US,main,government__disease_diagnosis__US::main-0221,221,0,3999224620762837710,efficiency>missed_diagnosis>misdiagnosis>legal_accountability>rnd_institution,0,0,b6c9bef4ef1c56a2,fc1119d1d7490e67,899b0c2de6f56bf0,public,medium_8,high_22,same_day,liability_waiver,multinational,low_1,low_0_5,one_week,physician_responsible
2026-10-05_deepseek_main,government__disease_diagnosis__US,government,disease_diagnosis,US,main,government__disease_diagnosis__US::main-0222,222,0,9613601634378723871,missed_diagnosis>legal_accountability>misdiagnosis>rnd_institution>efficiency,0,0,04525f5568a1cba3,cef59b660a8ac1a2,8b9734fb1c61313a,multinational,low_1,high_22,one_week,physician_responsible,domestic_private,high_18,medium_10,instant,rnd_responsible
2026-10-05_deepseek_main,government__disease_diagnosis__US,government,disease_diagnosis,US,main,government__disease_diagnosis__US::main-0223,223,0,2610608689802448040,missed_diagnosis>legal_accountability>misdiagnosis>rnd_institution>efficiency,0,0,cf8d221e3f4e3de0,dd6aa4e72c24b42c,39a34dadc60b83e2,multinational,low_1,high_22,one_week,liability_waiver,public,medium_8,medium_10,instant,physician_responsible
2026-10-05_deepseek_main,government__disease_diagnosis__US,government,disease_diagnosis,US,main,government__disease_diagnosis__US::main-0224,224,0,15100441232443103277,efficiency>legal_accountability>rnd_institution>misdiagnosis>missed_diagnosis,0,0,0b1fbda99b3f06c4,ea36698f4c60cf12,e5b7aa3f08b40402,multinational,high_18,low_0_5,one_week,liability_waiver,domestic_private,medium_8,high_22,same_day,rnd_responsible
2026-10-05_deepseek_main,government__disease_diagnosis__US,government,disease_diagnosis,US,main,government__disease_diagnosis__US::main-0225,225,0,5722784669193487208,legal_accountability>rnd_institution>efficiency>misdiagnosis>missed_diagnosis,0,0,aa9c89f7b2f994c5,cb2a43446a633343,e69b05e674893970,multinational,high_18,low_0_5,instant,physician_responsible,domestic_private,medium_8,medium_10,same_day,rnd_responsible
2026-10-05_deepseek_main,government__disease_diagnosis__US,government,disease_diagnosis,US,main,government__disease_diagnosis__US::main-0226,226,0,14901589097466585883,missed_diagnosis>legal_accountability>misdiagnosis>efficiency>rnd_institution,1,0,7b8858ed4c75b579,e07afc242cdfd3bf,2406543c4e4dbc77,domestic_private,medium_8,low_0_5,instant,rnd_responsible,public,high_18,medium_10,same_day,physician_responsible
2026-10-05_deepseek_main,government__disease_diagnosis__US,government,disease_diagnosis,US,main,government__disease_diagnosis__US::main-0227,227,0,15170897259961325579,efficiency>missed_diagnosis>misdiagnosis>rnd_institution>legal_accountability,0,0,d0390c980183b0b6,41defd023db490e3,e69b05e674893970,domestic_private,medium_8,medium_10,instant,physician_responsible,multinational,high_18,low_0_5,same_day,rnd_responsible
2026-10-05_deepseek_main,government__disease_diagnosis__US,government,disease_diagnosis,US,main,government__disease_diagnosis__US::main-0228,228,0,5809265781342152964,missed_diagnosis>misdiagnosis>efficiency>legal_accountability>rnd_institution,0,1,dffad7a7d71221f9,7a22828b919a24c3,24c9c57ec91ff606,multinational,high_18,medium_10,same_day,liability_waiver,public,medium_8,low_0_5,instant,physician_responsible
2026-10-05_deepseek_main,government__disease_diagnosis__US,government,disease_diagnosis,US,main,government__disease_diagnosis__US::main-0229,229,0,1367456309105585122,misdiagnosis>rnd_institution>legal_accountability>efficiency>missed_diagnosis,0,0,6bdf104ca71e0ed3,aeb89c78c17718d7,9e6525aab62adb98,public,medium_8,high_22,one_week,rnd_responsible,domestic_private,high_18,low_0_5,instant,physician_responsible
2026-10-05_deepseek_main,government__disease_diagnosis__US,government,disease_diagnosis,US,main,government__disease_diagnosis__US::main-0230,230,0,4234318670853575601,efficiency>missed_diagnosis>legal_accountability>misdiagnosis>rnd_institution,0,0,ef37a2129cff7f8e,38e14ad564dff43b,594956f6731c3575,multinational,low_1,high_22,instant,physician_responsible,domestic_private,medium_8,low_0_5,one_week,liability_waiver
2026-10-05_deepseek_main,government__disease_diagnosis__US,government,disease_diagnosis,US,main,government__disease_diagnosis__US::main-0231,231,0,17369562041499870697,rnd_institution>misdiagnosis>efficiency>legal_accountability>missed_diagnosis,0,0,43b797f6b11c1975,a88f0afc904c9d21,d7730e9b33b9a5e7,public,medium_8,high_22,same_day,liability_waiver,domestic_private,high_18,low_0_5,instant,physician_responsible
2026-10-05_deepseek_main,government__disease_diagnosis__US,government,disease_diagnosis,US,main,government__disease_diagnosis__US::main-0232,232,0,11339023910600733728,legal_accountability>rnd_institution>efficiency>misdiagnosis>missed_diagnosis,0,0,a39434108dfde332,a5f2ffe50332eb95,02d22f75dd5602e4,multinational,low_1,medium_10,same_day,physician_responsible,domestic_private,high_18,high_22,instant,liability_waiver
2026-10-05_deepseek_main,government__disease_diagnosis__US,government,disease_diagnosis,US,main,government__disease_diagnosis__US::main-0233,233,0,5583091187582791652,missed_diagnosis>legal_accountability>efficiency>rnd_institution>misdiagnosis,0,1,7320b24588ac1d69,e63cd0e31264a182,b84f6fbb401af51e,multinational,medium_8,high_22,same_day,physician_responsible,domestic_private,low_1,low_0_5,instant,liability_waiver
2026-10-05_deepseek_main,government__disease_diagnosis__US,government,disease_diagnosis,US,main,government__disease_diagnosis__US::main-0234,234,0,11220991724374973966,rnd_institution>legal_accountability>misdiagnosis>efficiency>missed_diagnosis,0,1,f2f0a8af11782cdb,04ae4ba226f245d7,e46be8791cbc804b,domestic_private,high_18,high_22,same_day,rnd_responsible,multinational,low_1,medium_10,instant,liability_waiver
2026-10-05_deepseek_main,government__disease_diagnosis__US,government,disease_diagnosis,US,main,government__disease_diagnosis__US::main-0235,235,0,2322778537223528523,efficiency>misdiagnosis>rnd_institution>missed_diagnosis>legal_accountability,0,0,bc57caafc682aad2,6e577ed8c94a233e,b510e2852fe1a351,public,high_18,medium_10,instant,rnd_responsible,multinational,low_1,high_22,same_day,liability_waiver
2026-10-05_deepseek_main,government__disease_diagnosis__US,government,disease_diagnosis,US,main,government__disease_diagnosis__US::main-0236,236,0,17000093500292887686,missed_diagnosis>misdiagnosis>legal_accountability>rnd_institution>efficiency,0,0,3e67e087d1f7e35e,86b1f664058e64fb,e519fe96a92101a9,domestic_private,medium_8,medium_10,one_week,liability_waiver,public,high_18,low_0_5,instant,rnd_responsible
2026-10-05_deepseek_main,government__disease_diagnosis__US,government,disease_diagnosis,US,main,government__disease_diagnosis__US::main-0237,237,0,12351592987922321514,efficiency>misdiagnosis>rnd_institution>legal_accountability>missed_diagnosis,0,0,7a328063e802b582,7aaca7b2a7062994,b540363cf0eb6ecd,public,low_1,medium_10,one_week,physician_responsible,domestic_private,high_18,high_22,same_day,rnd_responsible
2026-10-05_deepseek_main,government__disease_diagnosis__US,government,disease_diagnosis,US,main,government__disease_diagnosis__US::main-0238,238,0,8466017971567415558,missed_diagnosis>legal_accountability>misdiagnosis>rnd_institution>efficiency,0,0,13f5942e6fad625e,6690d214e771d75a,065170894f0f12e6,domestic_private,medium_8,high_22,same_day,liability_waiver,multinational,high_18,medium_10,one_week,rnd_responsible
2026-10-05_deepseek_main,government__disease_diagnosis__US,government,disease_diagnosis,US,main,government__disease_diagnosis__US::main-0239,239,0,14260567450384819373,legal_accountability>rnd_institution>missed_diagnosis>efficiency>misdiagnosis,0,0,712fb3b64d129350,82b29c1f65ab7288,2f7b29414f139e3c,domestic_private,medium_8,low_0_5,one_week,rnd_responsible,public,low_1,medium_10,same_day,physician_responsible
2026-10-05_deepseek_main,government__disease_diagnosis__US,government,disease_diagnosis,US,main,government__disease_diagnosis__US::main-0240,240,0,1638832119212499714,missed_diagnosis>efficiency>legal_accountability>rnd_institution>misdiagnosis,0,0,b9ecea618e99bc9e,f166ca14eea41895,4aed13764bf55903,public,low_1,low_0_5,one_week,liability_waiver,multinational,high_18,medium_10,same_day,physician_responsible
2026-10-05_deepseek_main,government__disease_diagnosis__US,government,disease_diagnosis,US,main,government__disease_diagnosis__US::main-0241,241,0,9300567391329827036,efficiency>misdiagnosis>missed_diagnosis>legal_accountability>rnd_institution,0,0,7dc84f0d33faebda,39c89ce8b8c39e58,57a2c00cc22103d1,public,low_1,medium_10,same_day,rnd_responsible,domestic_private,high_18,high_22,instant,physician_responsible
2026-10-05_deepseek_main,government__disease_diagnosis__US,government,disease_diagnosis,US,main,government__disease_diagnosis__US::main-0242,242,0,7087471641928448825,missed_diagnosis>efficiency>legal_accountability>misdiagnosis>rnd_institution,0,0,45fe6f851169764d,5967ad6546e810c1,8a0b6d3cd13909b2,domestic_private,medium_8,low_0_5,instant,physician_responsible,public,low_1,medium_10,same_day,liability_waiver
2026-10-05_deepseek_main,government__disease_diagnosis__US,government,disease_diagnosis,US,main,government__disease_diagnosis__US::main-0243,243,0,1517327597416878723,rnd_institution>misdiagnosis>legal_accountability>missed_diagnosis>efficiency,0,0,b7b7bed5de838fe2,f16521cb81228093,f559706580937721,domestic_private,high_18,medium_10,same_day,physician_responsible,multinational,medium_8,high_22,one_week,rnd_responsible
2026-10-05_deepseek_main,government__disease_diagnosis__US,government,disease_diagnosis,US,main,government__disease_diagnosis__US::main-0244,244,0,18413132491612243018,missed_diagnosis>rnd_institution>efficiency>misdiagnosis>legal_accountability,1,0,f502fc4f1c24d80d,2ac957b53320b3f9,11611d013e3ff5a1,domestic_private,low_1,low_0_5,instant,physician_responsible,public,medium_8,high_22,one_week,liability_waiver
2026-10-05_deepseek_main,government__disease_diagnosis__US,government,disease_diagnosis,US,main,government__disease_diagnosis__US::main-0245,245,0,16308668178521850124,legal_accountability>efficiency>misdiagnosis>missed_diagnosis>rnd_institution,0,0,60126760a04bca3f,570c5d7c0e77914e,e901ca79bb6809d2,domestic_private,medium_8,low_0_5,instant,physician_responsible,public,low_1,medium_10,one_week,liability_waiver
2026-10-05_deepseek_main,government__disease_diagnosis__US,government,disease_diagnosis,US,main,government__disease_diagnosis__US::main-0246,246,0,7048611227257811703,missed_diagnosis>efficiency>misdiagnosis>rnd_institution>legal_accountability,1,0,73f00904a947b4d5,44080e9ac414d01e,2e438f57d5bd69e8,multinational,low_1,low_0_5,same_day,rnd_responsible,public,high_18,high_22,one_week,liability_waiver
2026-10-05_deepseek_main,government__disease_diagnosis__US,government,disease_diagnosis,US,main,government__disease_diagnosis__US::main-0247,247,0,12233850605583345874,efficiency>missed_diagnosis>rnd_institution>misdiagnosis>legal_accountability,0,0,76fa1dc25d9862db,1d1177fb4d359e3d,f97110bdfb43beb0,multinational,medium_8,high_22,same_day,liability_waiver,domestic_private,high_18,low_0_5,instant,rnd_responsible
2026-10-05_deepseek_main,government__disease_diagnosis__US,government,disease_diagnosis,US,main,government__disease_diagnosis__US::main-0248,248,0,10166866285663592801,misdiagnosis>rnd_institution>missed_diagnosis>efficiency>legal_accountability,0,0,286755d0e27e452b,c454f8848fe32a60,e519fe96a92101a9,public,medium_8,low_0_5,one_week,rnd_responsible,domestic_private,high_18,medium_10,instant,liability_waiver
2026-10-05_deepseek_main,government__disease_diagnosis__US,government,disease_diagnosis,US,main,government__disease_diagnosis__US::main-0249,249,0,3809597291634416117,missed_diagnosis>rnd_institution>legal_accountability>efficiency>misdiagnosis,0,0,02ca0fd6adc99b60,f42cc7e6323e4884,24e1b16c8080cc6e,multinational,medium_8,high_22,instant,liability_waiver,domestic_private,high_18,medium_10,same_day,physician_responsible
2026-10-05_deepseek_main,government__disease_diagnosis__US,government,disease_diagnosis,US,main,government__disease_diagnosis__US::main-0250,250,0,1059985432576587349,rnd_institution>missed_diagnosis>misdiagnosis>efficiency>legal_accountability,0,0,31cb7409aad6207b,0725956764ccbc5b,9c3f66be02e10b81,public,high_18,low_0_5,one_week,rnd_responsible,domestic_private,medium_8,medium_10,same_day,physician_responsible
2026-10-05_deepseek_main,government__disease_diagnosis__US,government,disease_diagnosis,US,main,government__disease_diagnosis__US::main-0251,251,0,8938286188385272589,missed_diagnosis>rnd_institution>misdiagnosis>efficiency>legal_accountability,1,0,d93d4b5935360b20,97b6221840cf5a0d,ffd3ce18b89778aa,public,low_1,low_0_5,instant,rnd_responsible,multinational,medium_8,medium_10,same_day,physician_responsible
2026-10-05_deepseek_main,government__disease_diagnosis__US,government,disease_diagnosis,US,main,government__disease_diagnosis__US::main-0252,252,0,7182370874539972218,efficiency>legal_accountability>misdiagnosis>rnd_institution>missed_diagnosis,0,0,474206fe83c50ff2,58f07025276a6723,007e6425bc5f7d1e,domestic_private,low_1,medium_10,same_day,physician_responsible,multinational,medium_8,low_0_5,instant,rnd_responsible
2026-10-05_deepseek_main,government__disease_diagnosis__US,government,disease_diagnosis,US,main,government__disease_diagnosis__US::main-0253,253,0,4867761261592975046,rnd_institution>missed_diagnosis>efficiency>legal_accountability>misdiagnosis,0,0,1da2e9de5fcb6e41,9f4444495e3287c0,e901ca79bb6809d2,domestic_private,low_1,medium_10,one_week,physician_responsible,public,medium_8,low_0_5,instant,liability_waiver
2026-10-05_deepseek_main,government__disease_diagnosis__US,government,disease_diagnosis,US,main,government__disease_diagnosis__US::main-0254,254,0,12486040124452701083,misdiagnosis>efficiency>rnd_institution>missed_diagnosis>legal_accountability,0,1,0031249fed118fe4,9176f7e908770008,9403257fd0380b35,domestic_private,medium_8,high_22,one_week,liability_waiver,public,low_1,medium_10,instant,physician_responsible
2026-10-05_deepseek_main,government__disease_diagnosis__US,government,disease_diagnosis,US,main,government__disease_diagnosis__US::main-0255,255,0,11821117572554738698,efficiency>missed_diagnosis>rnd_institution>misdiagnosis>legal_accountability,1,0,50acc9fd417fb358,7a351da504a47d42,b7decee294228b18,public,medium_8,low_0_5,instant,rnd_responsible,multinational,high_18,medium_10,same_day,physician_responsible
2026-10-05_deepseek_main,government__disease_diagnosis__US,government,disease_diagnosis,US,main,government__disease_diagnosis__US::main-0256,256,0,4842861180105079450,misdiagnosis>rnd_institution>missed_diagnosis>legal_accountability>efficiency,0,1,8a45d02283abe481,4d6f0fab19b234cd,017793d89f5e029a,public,high_18,high_22,one_week,physician_responsible,multinational,medium_8,low_0_5,same_day,rnd_responsible
2026-10-05_deepseek_main,government__disease_diagnosis__US,government,disease_diagnosis,US,main,government__disease_diagnosis__US::main-0257,257,0,11781543402783326368,rnd_institution>missed_diagnosis>efficiency>misdiagnosis>legal_accountability,0,0,d24190b0e83c1b41,41ae25317f31de21,68ab577327bd0322,domestic_private,high_18,high_22,same_day,rnd_responsible,public,low_1,low_0_5,one_week,liability_waiver
2026-10-05_deepseek_main,government__disease_diagnosis__US,government,disease_diagnosis,US,main,government__disease_diagnosis__US::main-0258,258,0,900906120153894264,efficiency>rnd_institution>missed_diagnosis>misdiagnosis>legal_accountability,0,0,e972055055427ad8,1910d483cab9d7da,091834e5e9ea7adc,domestic_private,high_18,medium_10,one_week,physician_responsible,public,medium_8,high_22,instant,liability_waiver
2026-10-05_deepseek_main,government__disease_diagnosis__US,government,disease_diagnosis,US,main,government__disease_diagnosis__US::main-0259,259,0,10361057405013758389,efficiency>rnd_institution>missed_diagnosis>legal_accountability>misdiagnosis,0,0,b9837a9cccc7c310,0a567ab5b22646be,3de022004a634bad,domestic_private,high_18,low_0_5,one_week,physician_responsible,public,low_1,high_22,instant,liability_waiver
2026-10-05_deepseek_main,government__disease_diagnosis__US,government,disease_diagnosis,US,main,government__disease_diagnosis__US::main-0260,260,0,4596598814780682950,missed_diagnosis>legal_accountability>rnd_institution>efficiency>misdiagnosis,0,0,3d4c29a84c296404,63465829374f1543,f140f77d54613897,public,medium_8,low_0_5,same_day,rnd_responsible,domestic_private,low_1,high_22,instant,physician_responsible
2026-10-05_deepseek_main,government__disease_diagnosis__US,government,disease_diagnosis,US,main,government__disease_diagnosis__US::main-0261,261,0,10294653217932254129,efficiency>missed_diagnosis>legal_accountability>rnd_institution>misdiagnosis,1,0,780716fab37654ec,e3f99781fdc6555a,9a7d7104f7186e54,multinational,medium_8,low_0_5,instant,rnd_responsible,public,high_18,high_22,one_week,physician_responsible
2026-10-05_deepseek_main,government__disease_diagnosis__US,government,disease_diagnosis,US,main,government__disease_diagnosis__US::main-0262,262,0,2344377202379999280,legal_accountability>rnd_institution>missed_diagnosis>efficiency>misdiagnosis,0,0,cd6878e4a1f1be50,98c6d2f39acceb29,5c4c1f3a05304b53,multinational,low_1,low_0_5,one_week,physician_responsible,public,medium_8,medium_10,instant,rnd_responsible
2026-10-05_deepseek_main,government__disease_diagnosis__US,government,disease_diagnosis,US,main,government__disease_diagnosis__US::main-0263,263,0,5083856916315527379,rnd_institution>missed_diagnosis>legal_accountability>misdiagnosis>efficiency,0,0,a87e7304ac899674,788d1001a139428e,3a1c2a6f2eeeeaa8,multinational,high_18,high_22,instant,rnd_responsible,public,low_1,medium_10,same_day,physician_responsible
2026-10-05_deepseek_main,government__disease_diagnosis__US,government,disease_diagnosis,US,main,government__disease_diagnosis__US::main-0264,264,0,3011007240507816294,rnd_institution>missed_diagnosis>misdiagnosis>legal_accountability>efficiency,0,0,843a0e8777055cbd,90384eb47ad03ae1,6a9333da68106a13,public,medium_8,medium_10,instant,liability_waiver,domestic_private,low_1,high_22,same_day,rnd_responsible
2026-10-05_deepseek_main,government__disease_diagnosis__US,government,disease_diagnosis,US,main,government__disease_diagnosis__US::main-0265,265,0,4785746752426732193,rnd_institution>misdiagnosis>efficiency>legal_accountability>missed_diagnosis,0,0,38772a41c72a8938,96b7310d92755a0f,c4a3749313c36f77,public,low_1,low_0_5,one_week,liability_waiver,domestic_private,medium_8,high_22,same_day,rnd_responsible
2026-10-05_deepseek_main,government__disease_diagnosis__US,government,disease_diagnosis,US,main,government__disease_diagnosis__US::main-0266,266,0,11635531522626677990,rnd_institution>missed_diagnosis>efficiency>misdiagnosis>legal_accountability,0,0,c0f588690c680e3b,36c21cbc2505a2ad,aee7dd5187145a26,multinational,low_1,high_22,same_day,physician_responsible,public,medium_8,medium_10,instant,rnd_responsible
2026-10-05_deepseek_main,government__disease_diagnosis__US,government,disease_diagnosis,US,main,government__disease_diagnosis__US::main-0267,267,0,3711690302263772344,legal_accountability>misdiagnosis>efficiency>missed_diagnosis>rnd_institution,0,1,2e2bdec46bf8a8dd,d6526cdf459c4aaf,f248c5779eee5260,multinational,high_18,high_22,same_day,physician_responsible,domestic_private,low_1,low_0_5,instant,liability_waiver
2026-10-05_deepseek_main,government__disease_diagnosis__US,government,disease_diagnosis,US,main,government__disease_diagnosis__US::main-0268,268,0,7845803974173832297,rnd_institution>efficiency>legal_accountability>missed_diagnosis>misdiagnosis,0,0,287e67780a5f7fe0,34d25df482fb8284,99b83d6c2d16f0cd,multinational,low_1,medium_10,one_week,liability_waiver,domestic_private,medium_8,high_22,same_day,rnd_responsible
2026-10-05_deepseek_main,government__disease_diagnosis__US,government,disease_diagnosis,US,main,government__disease_diagnosis__US::main-0269,269,0,16499066946637000737,misdiagnosis>missed_diagnosis>efficiency>rnd_institution>legal_accountability,0,0,4e8bde4212011b6c,cd017fee27272ef5,a653d3b9e0002160,domestic_private,high_18,medium_10,instant,liability_waiver,public,low_1,high_22,one_week,rnd_responsible
2026-10-05_deepseek_main,government__disease_diagnosis__US,government,disease_diagnosis,US,main,government__disease_diagnosis__US::main-0270,270,0,17901593799195423786,efficiency>missed_diagnosis>rnd_institution>misdiagnosis>legal_accountability,0,0,36ee2df1225b17fb,a2e3353b6928e150,24c9c57ec91ff606,multinational,high_18,low_0_5,instant,physician_responsible,public,medium_8,medium_10,same_day,liability_waiver
2026-10-05_deepseek_main,government__disease_diagnosis__US,government,disease_diagnosis,US,main,government__disease_diagnosis__US::main-0271,271,0,9193903345026559472,misdiagnosis>rnd_institution>legal_accountability>efficiency>missed_diagnosis,0,0,f2c5b1aa32614d2d,b71abcc96be8a276,87644e2815760391,domestic_private,low_1,high_22,same_day,physician_responsible,public,medium_8,low_0_5,one_week,liability_waiver
2026-10-05_deepseek_main,government__disease_diagnosis__US,government,disease_diagnosis,US,main,government__disease_diagnosis__US::main-0272,272,0,9226563577895615122,legal_accountability>missed_diagnosis>efficiency>rnd_institution>misdiagnosis,0,0,1f0e60e7d3ee0662,2eeab051a39436ec,9e5cad82f8d1f044,multinational,medium_8,high_22,one_week,liability_waiver,public,high_18,low_0_5,instant,physician_responsible
2026-10-05_deepseek_main,government__disease_diagnosis__US,government,disease_diagnosis,US,main,government__disease_diagnosis__US::main-0273,273,0,6583701228514926353,missed_diagnosis>misdiagnosis>legal_accountability>efficiency>rnd_institution,0,0,aacb5aef7ff76d02,cade057b7bec2eff,0bf62d691d88390e,public,low_1,medium_10,same_day,rnd_responsible,multinational,high_18,low_0_5,one_week,liability_waiver
2026-10-05_deepseek_main,government__disease_diagnosis__US,government,disease_diagnosis,US,main,government__disease_diagnosis__US::main-0274,274,0,651808809515095324,misdiagnosis>rnd_institution>legal_accountability>efficiency>missed_diagnosis,0,0,16a765400dfde529,4aa3bf266a0cfe88,c025e36fbde737e6,domestic_private,medium_8,high_22,instant,physician_responsible,multinational,low_1,low_0_5,one_week,rnd_responsible
2026-10-05_deepseek_main,government__disease_diagnosis__US,government,disease_diagnosis,US,main,government__disease_diagnosis__US::main-0275,275,0,10397400636258302251,misdiagnosis>rnd_institution>efficiency>missed_diagnosis>legal_accountability,0,0,8bcd79ac08b91025,5d8d391adea65282,9e4425f937aa607e,multinational,low_1,high_22,one_week,rnd_responsible,public,high_18,medium_10,instant,liability_waiver
2026-10-05_deepseek_main,government__disease_diagnosis__US,government,disease_diagnosis,US,main,government__disease_diagnosis__US::main-0276,276,0,17083319985987044605,missed_diagnosis>legal_accountability>efficiency>rnd_institution>misdiagnosis,0,0,65cdcc264c530fb9,0bc41ac02462f903,0bc41ac02462f903,multinational,high_18,high_22,instant,physician_responsible,public,medium_8,medium_10,same_day,rnd_responsible
2026-10-05_deepseek_main,government__disease_diagnosis__US,government,disease_diagnosis,US,main,government__disease_diagnosis__US::main-0277,277,0,10708356001906037973,legal_accountability>missed_diagnosis>efficiency>rnd_institution>misdiagnosis,0,0,001c4feec666883c,6bfe41180c1ad174,3a6d90fdd1649f7e,multinational,high_18,low_0_5,instant,liability_waiver,domestic_private,low_1,high_22,one_week,physician_responsible
2026-10-05_deepseek_main,government__disease_diagnosis__US,government,disease_diagnosis,US,main,government__disease_diagnosis__US::main-0278,278,0,2503573097997932991,rnd_institution>misdiagnosis>efficiency>missed_diagnosis>legal_accountability,0,0,12c5cc0d54ad5fa0,e882cf3b16a74f2f,8e610f5253193db5,public,low_1,medium_10,instant,rnd_responsible,domestic_private,medium_8,low_0_5,same_day,liability_waiver
2026-10-05_deepseek_main,government__disease_diagnosis__US,government,disease_diagnosis,US,main,government__disease_diagnosis__US::main-0279,279,0,3242050704916930234,efficiency>misdiagnosis>rnd_institution>missed_diagnosis>legal_accountability,0,0,91319c9785fe3209,2581cc95cf55cabb,525889d9d82eb041,domestic_private,high_18,medium_10,instant,rnd_responsible,public,medium_8,low_0_5,same_day,liability_waiver
2026-10-05_deepseek_main,government__disease_diagnosis__US,government,disease_diagnosis,US,main,government__disease_diagnosis__US::main-0280,280,0,18384113555299049904,missed_diagnosis>rnd_institution>efficiency>misdiagnosis>legal_accountability,0,0,d97d865cb25a723f,14e911b1f926b3a1,7bb4edfeb3c70246,multinational,low_1,high_22,one_week,physician_responsible,domestic_private,medium_8,medium_10,instant,liability_waiver
2026-10-05_deepseek_main,government__disease_diagnosis__US,government,disease_diagnosis,US,main,government__disease_diagnosis__US::main-0281,281,0,9852844026552059003,efficiency>missed_diagnosis>misdiagnosis>legal_accountability>rnd_institution,0,0,f8c35c7a9e5bfd88,a174785d1e666702,065170894f0f12e6,multinational,high_18,medium_10,same_day,liability_waiver,domestic_private,medium_8,high_22,one_week,rnd_responsible
2026-10-05_deepseek_main,government__disease_diagnosis__US,government,disease_diagnosis,US,main,government__disease_diagnosis__US::main-0282,282,0,11854514604084408846,efficiency>legal_accountability>missed_diagnosis>misdiagnosis>rnd_institution,0,0,42e8d31bbf7c61cf,5969b4888629dfe2,5969b4888629dfe2,domestic_private,high_18,low_0_5,one_week,liability_waiver,multinational,low_1,medium_10,same_day,physician_responsible
2026-10-05_deepseek_main,government__disease_diagnosis__US,government,disease_diagnosis,US,main,government__disease_diagnosis__US::main-0283,283,0,17010867906852118044,missed_diagnosis>misdiagnosis>efficiency>rnd_institution>legal_accountability,0,1,5af54f4fba8c660e,68f97dab1b72f634,bce5c9fc1c08d0f3,multinational,medium_8,high_22,one_week,physician_responsible,domestic_private,low_1,low_0_5,same_day,liability_waiver
2026-10-05_deepseek_main,government__disease_diagnosis__US,government,disease_diagnosis,US,main,government__disease_diagnosis__US::main-0284,284,0,2151223609816406944,rnd_institution>missed_diagnosis>efficiency>misdiagnosis>legal_accountability,0,0,2846e915b036b8b7,e561b5516640939b,8e4da2671cc47f02,public,medium_8,low_0_5,same_day,liability_waiver,multinational,low_1,medium_10,one_week,physician_responsible
2026-10-05_deepseek_main,government__disease_diagnosis__US,government,disease_diagnosis,US,main,government__disease_diagnosis__US::main-0285,285,0,10675377641826910718,legal_accountability>efficiency>rnd_institution>missed_diagnosis>misdiagnosis,0,0,f8e8331fe0ea5398,2dc8290efb75b639,bce5c9fc1c08d0f3,multinational,low_1,high_22,one_week,physician_responsible,domestic_private,medium_8,low_0_5,same_day,liability_waiver
2026-10-05_deepseek_main,government__disease_diagnosis__US,government,disease_diagnosis,US,main,government__disease_diagnosis__US::main-0286,286,0,2250226227299194129,legal_accountability>rnd_institution>missed_diagnosis>misdiagnosis>efficiency,0,0,45cdb7efa93c8179,d3824496d197e5dc,d7730e9b33b9a5e7,public,medium_8,low_0_5,same_day,liability_waiver,domestic_private,high_18,high_22,instant,physician_responsible
2026-10-05_deepseek_main,government__disease_diagnosis__US,government,disease_diagnosis,US,main,government__disease_diagnosis__US::main-0287,287,0,16980212750963424053,misdiagnosis>legal_accountability>missed_diagnosis>rnd_institution>efficiency,0,0,6ea23b66ab2d7247,81754f284d8fc435,11611d013e3ff5a1,public,low_1,high_22,one_week,liability_waiver,domestic_private,medium_8,low_0_5,instant,physician_responsible
2026-10-05_deepseek_main,government__disease_diagnosis__US,government,disease_diagnosis,US,main,government__disease_diagnosis__US::main-0288,288,0,9024810614633843737,rnd_institution>missed_diagnosis>efficiency>legal_accountability>misdiagnosis,0,0,d01ce209cc0e0b15,7acf86188a883253,aee7dd5187145a26,public,low_1,high_22,instant,rnd_responsible,multinational,medium_8,medium_10,same_day,physician_responsible
2026-10-05_deepseek_main,government__disease_diagnosis__US,government,disease_diagnosis,US,main,government__disease_diagnosis__US::main-0289,289,0,8124928925413541249,rnd_institution>efficiency>missed_diagnosis>legal_accountability>misdiagnosis,0,0,cd109e14a98abad3,49ff572919e6e8f1,0bc41ac02462f903,public,high_18,high_22,instant,rnd_responsible,multinational,medium_8,medium_10,same_day,physician_responsible
2026-10-05_deepseek_main,government__disease_diagnosis__US,government,disease_diagnosis,US,main,government__disease_diagnosis__US::main-0290,290,0,16218731919183006095,legal_accountability>rnd_institution>missed_diagnosis>efficiency>misdiagnosis,1,0,450b9713840e4d9d,44630cff92af75c7,2ef6880c8178239f,public,low_1,medium_10,instant,physician_responsible,multinational,medium_8,high_22,one_week,rnd_responsible
2026-10-05_deepseek_main,government__disease_diagnosis__US,government,disease_diagnosis,US,main,government__disease_diagnosis__US::main-0291,291,0,2481396875024404488,legal_accountability>efficiency>rnd_institution>misdiagnosis>missed_diagnosis,0,0,cc19dfaa39cabd28,3935396800c1bae5,45ace71dca013c26,multinational,low_1,low_0_5,one_week,rnd_responsible,public,high_18,medium_10,same_day,physician_responsible
2026-10-05_deepseek_main,government__disease_diagnosis__US,government,disease_diagnosis,US,main,government__disease_diagnosis__US::main-0292,292,0,854494525350937410,misdiagnosis>missed_diagnosis>rnd_institution>legal_accountability>efficiency,1,0,ca75bac6b02fb0b9,56fc6bf70712aa95,0d67184383832eab,domestic_private,low_1,low_0_5,same_day,rnd_responsible,public,medium_8,medium_10,one_week,liability_waiver
2026-10-05_deepseek_main,government__disease_diagnosis__US,government,disease_diagnosis,US,main,government__disease_diagnosis__US::main-0293,293,0,10133242443931471623,efficiency>missed_diagnosis>misdiagnosis>legal_accountability>rnd_institution,0,0,4b1ba0f5f9547dd9,7d78909e45c14afd,c025e36fbde737e6,domestic_private,medium_8,low_0_5,instant,rnd_responsible,multinational,low_1,high_22,one_week,physician_responsible
2026-10-05_deepseek_main,government__disease_diagnosis__US,government,disease_diagnosis,US,main,government__disease_diagnosis__US::main-0294,294,0,816254804498192561,efficiency>missed_diagnosis>legal_accountability>misdiagnosis>rnd_institution,1,0,4a6e3e31019f2b36,6bacfb959ef363ab,8b9650ee7b8e688d,public,low_1,low_0_5,instant,physician_responsible,multinational,medium_8,high_22,one_week,rnd_responsible
2026-10-05_deepseek_main,government__disease_diagnosis__US,government,disease_diagnosis,US,main,government__disease_diagnosis__US::main-0295,295,0,12949175423711905463,rnd_institution>misdiagnosis>legal_accountability>efficiency>missed_diagnosis,0,0,3056e446ba42bc9b,8a3cab588cb7b1bc,b510e2852fe1a351,multinational,high_18,medium_10,instant,rnd_responsible,public,low_1,high_22,same_day,liability_waiver
2026-10-05_deepseek_main,government__disease_diagnosis__US,government,disease_diagnosis,US,main,government__disease_diagnosis__US::main-0296,296,0,13524636526892263981,legal_accountability>misdiagnosis>missed_diagnosis>efficiency>rnd_institution,0,1,10ad56771018d3d4,182cf9b5c240e8d3,2b1f03e2c39f8d7b,domestic_private,high_18,high_22,one_week,rnd_responsible,multinational,low_1,low_0_5,instant,physician_responsible
2026-10-05_deepseek_main,government__disease_diagnosis__US,government,disease_diagnosis,US,main,government__disease_diagnosis__US::main-0297,297,0,2948234473679671109,missed_diagnosis>rnd_institution>efficiency>legal_accountability>misdiagnosis,0,0,5fcdf43993153bfc,cbe22ddbb003c203,8b9734fb1c61313a,domestic_private,low_1,medium_10,one_week,rnd_responsible,multinational,high_18,high_22,instant,physician_responsible
2026-10-05_deepseek_main,government__disease_diagnosis__US,government,disease_diagnosis,US,main,government__disease_diagnosis__US::main-0298,298,0,6782011783122225828,rnd_institution>legal_accountability>missed_diagnosis>misdiagnosis>efficiency,0,0,6dd1ce22b9f8171e,500dc35789ae11a8,64e6dd903fc443b0,domestic_private,high_18,low_0_5,same_day,liability_waiver,public,medium_8,medium_10,one_week,rnd_responsible
2026-10-05_deepseek_main,government__disease_diagnosis__US,government,disease_diagnosis,US,main,government__disease_diagnosis__US::main-0299,299,0,6341153721451304369,legal_accountability>misdiagnosis>efficiency>missed_diagnosis>rnd_institution,0,0,5a4656912d05be6e,efa9f7fc1cfb78a4,4fa321d3e2a95aa3,domestic_private,low_1,high_22,same_day,rnd_responsible,public,high_18,low_0_5,one_week,physician_responsible
2026-10-05_deepseek_main,government__disease_diagnosis__US,government,disease_diagnosis,US,main,government__disease_diagnosis__US::main-0300,300,0,15219021295547609769,legal_accountability>efficiency>missed_diagnosis>misdiagnosis>rnd_institution,0,1,55be93b3850a8b2f,ce43a526b7e1ca4f,70c3b1efb3ca6329,multinational,high_18,high_22,one_week,physician_responsible,public,low_1,medium_10,same_day,liability_waiver
2026-10-05_deepseek_main,government__disease_diagnosis__US,government,disease_diagnosis,US,main,government__disease_diagnosis__US::main-0301,301,0,8934172281413320807,legal_accountability>misdiagnosis>efficiency>missed_diagnosis>rnd_institution,0,0,346875764dd6fdb1,ce00bb4f6607f985,5fab6e9090e65b95,public,low_1,high_22,one_week,liability_waiver,multinational,medium_8,low_0_5,same_day,rnd_responsible
2026-10-05_deepseek_main,government__disease_diagnosis__US,government,disease_diagnosis,US,main,government__disease_diagnosis__US::main-0302,302,0,7989182473143043103,rnd_institution>legal_accountability>misdiagnosis>missed_diagnosis>efficiency,0,0,df0a7ef8640ebb05,b93ee326dedcef35,bd48643b4e0bc77d,public,high_18,low_0_5,instant,physician_responsible,domestic_private,low_1,high_22,one_week,rnd_responsible
2026-10-05_deepseek_main,government__disease_diagnosis__US,government,disease_diagnosis,US,main,government__disease_diagnosis__US::main-0303,303,0,770464945379720876,missed_diagnosis>efficiency>rnd_institution>legal_accountability>misdiagnosis,0,0,57008e048dc26bb7,72f9019883f6e3a3,1a35dd44570cba52,public,low_1,high_22,same_day,rnd_responsible,multinational,medium_8,medium_10,one_week,liability_waiver
2026-10-05_deepseek_main,government__disease_diagnosis__US,government,disease_diagnosis,US,main,government__disease_diagnosis__US::main-0304,304,0,8925969705011380623,missed_diagnosis>misdiagnosis>efficiency>legal_accountability>rnd_institution,0,0,64f113ac21ae7e3b,e4391ee600f8a9b6,8e610f5253193db5,public,low_1,low_0_5,same_day,rnd_responsible,domestic_private,medium_8,medium_10,instant,liability_waiver
2026-10-05_deepseek_main,government__disease_diagnosis__US,government,disease_diagnosis,US,main,government__disease_diagnosis__US::main-0305,305,0,8452673943494622577,efficiency>misdiagnosis>rnd_institution>missed_diagnosis>legal_accountability,0,0,142c09fdc55657fc,b1d3c507ff03f9bb,d7d5358887548be0,domestic_private,high_18,medium_10,instant,rnd_responsible,public,low_1,low_0_5,one_week,liability_waiver
2026-10-05_deepseek_main,government__disease_diagnosis__US,government,disease_diagnosis,US,main,government__disease_diagnosis__US::main-0306,306,0,5391236452616749212,efficiency>misdiagnosis>rnd_institution>missed_diagnosis>legal_accountability,0,1,f165596b93b182b8,66560b5148a5f370,cdcfa286888b168f,multinational,medium_8,high_22,one_week,liability_waiver,public,low_1,medium_10,instant,rnd_responsible
2026-10-05_deepseek_main,government__disease_diagnosis__US,government,disease_diagnosis,US,main,government__disease_diagnosis__US::main-0307,307,0,15614781150888642107,legal_accountability>efficiency>rnd_institution>missed_diagnosis>misdiagnosis,1,0,1cb50cd8380a5c39,e3f99781fdc6555a,9a7d7104f7186e54,multinational,medium_8,low_0_5,instant,rnd_responsible,public,high_18,high_22,one_week,physician_responsible
2026-10-05_deepseek_main,government__disease_diagnosis__US,government,disease_diagnosis,US,main,government__disease_diagnosis__US::main-0308,308,0,8834667448417650029,misdiagnosis>rnd_institution>missed_diagnosis>legal_accountability>efficiency,0,0,812b345bfa3307ea,be62f05d51a06ebc,091834e5e9ea7adc,public,high_18,high_22,instant,physician_responsible,domestic_private,medium_8,medium_10,one_week,liability_waiver
2026-10-05_deepseek_main,government__disease_diagnosis__US,government,disease_diagnosis,US,main,government__disease_diagnosis__US::main-0309,309,0,13598945919587367262,rnd_institution>efficiency>missed_diagnosis>misdiagnosis>legal_accountability,0,0,a4b84e0f60a0b57e,a69663dad4ca09e3,61608101d5606f5c,public,high_18,medium_10,same_day,liability_waiver,multinational,medium_8,high_22,instant,physician_responsible
2026-10-05_deepseek_main,government__disease_diagnosis__US,government,disease_diagnosis,US,main,government__disease_diagnosis__US::main-0310,310,0,9061640980300824377,efficiency>legal_accountability>missed_diagnosis>misdiagnosis>rnd_institution,1,0,a7f0397c1b213378,4bd1f53e80f1d29c,e901ca79bb6809d2,domestic_private,low_1,low_0_5,instant,physician_responsible,public,medium_8,medium_10,one_week,liability_waiver
2026-10-05_deepseek_main,government__disease_diagnosis__US,government,disease_diagnosis,US,main,government__disease_diagnosis__US::main-0311,311,0,11065534005460698513,rnd_institution>missed_diagnosis>efficiency>legal_accountability>misdiagnosis,0,0,52603a60dfb40990,287fbfc5945e94a1,287fbfc5945e94a1,multinational,high_18,low_0_5,one_week,physician_responsible,public,medium_8,medium_10,same_day,rnd_responsible
2026-10-05_deepseek_main,government__disease_diagnosis__US,government,disease_diagnosis,US,main,government__disease_diagnosis__US::main-0312,312,0,10247682847247213143,missed_diagnosis>legal_accountability>efficiency>rnd_institution>misdiagnosis,0,0,34e4908a1b2948c3,a6409ede4f20cbbe,2f9f18cce15ed4cf,domestic_private,low_1,low_0_5,one_week,liability_waiver,public,high_18,medium_10,same_day,rnd_responsible
2026-10-05_deepseek_main,government__disease_diagnosis__US,government,disease_diagnosis,US,main,government__disease_diagnosis__US::main-0313,313,0,14001158581254524056,missed_diagnosis>misdiagnosis>legal_accountability>rnd_institution>efficiency,0,1,b13848a08f0f2644,1c04c1cf2f5bd78c,55bd4fb2e862a5bd,public,medium_8,medium_10,same_day,rnd_responsible,multinational,low_1,low_0_5,instant,liability_waiver
2026-10-05_deepseek_main,government__disease_diagnosis__US,government,disease_diagnosis,US,main,government__disease_diagnosis__US::main-0314,314,0,5032938970409712215,misdiagnosis>missed_diagnosis>efficiency>rnd_institution>legal_accountability,0,0,bb901c8b53ccf20b,398a2b0f6f526f6a,a9b97d2a264042aa,domestic_private,medium_8,medium_10,one_week,liability_waiver,public,high_18,high_22,same_day,rnd_responsible
2026-10-05_deepseek_main,government__disease_diagnosis__US,government,disease_diagnosis,US,main,government__disease_diagnosis__US::main-0315,315,0,1907848833344129157,legal_accountability>efficiency>misdiagnosis>rnd_institution>missed_diagnosis,0,0,4a9858e3f89d9a2e,f35c34d5fb460335,275eac1d094ecb85,multinational,high_18,low_0_5,instant,physician_responsible,domestic_private,medium_8,high_22,one_week,rnd_responsible
2026-10-05_deepseek_main,government__disease_diagnosis__US,government,disease_diagnosis,US,main,government__disease_diagnosis__US::main-0316,316,0,12453335169986011252,rnd_institution>legal_accountability>misdiagnosis>missed_diagnosis>efficiency,0,0,c76145608b25b930,1bb78cd78fcffd4a,f1a6f1d0f6dfdd35,domestic_private,medium_8,high_22,same_day,rnd_responsible,multinational,high_18,low_0_5,one_week,physician_responsible
2026-10-05_deepseek_main,government__disease_diagnosis__US,government,disease_diagnosis,US,main,government__disease_diagnosis__US::main-0317,317,0,12725960421110333470,rnd_institution>misdiagnosis>missed_diagnosis>efficiency>legal_accountability,0,0,7f2a351a4a117d70,c454f8848fe32a60,e519fe96a92101a9,public,medium_8,low_0_5,one_week,rnd_responsible,domestic_private,high_18,medium_10,instant,liability_waiver
2026-10-05_deepseek_main,government__disease_diagnosis__US,government,disease_diagnosis,US,main,government__disease_diagnosis__US::main-0318,318,0,8446715887115670560,legal_accountability>missed_diagnosis>misdiagnosis>rnd_institution>efficiency,0,0,a4af2d1ee6c87068,58e95fc7f38d1332,92c571b97707de18,domestic_private,medium_8,medium_10,instant,liability_waiver,multinational,low_1,low_0_5,same_day,rnd_responsible
2026-10-05_deepseek_main,government__disease_diagnosis__US,government,disease_diagnosis,US,main,government__disease_diagnosis__US::main-0319,319,0,90894664439243356,missed_diagnosis>rnd_institution>misdiagnosis>legal_accountability>efficiency,0,0,50da61b4f0293415,494a057c8a368fb2,4de2b326e12b3fbe,public,medium_8,high_22,same_day,physician_responsible,multinational,low_1,low_0_5,one_week,rnd_responsible
2026-10-05_deepseek_main,government__disease_diagnosis__US,government,disease_diagnosis,US,main,government__disease_diagnosis__US::main-0320,320,0,13641243184080622109,legal_accountability>misdiagnosis>rnd_institution>efficiency>missed_diagnosis,0,0,952a5d91d98519cd,b00d5ebb604614b0,287fbfc5945e94a1,multinational,high_18,medium_10,same_day,physician_responsible,public,medium_8,low_0_5,one_week,rnd_responsible
2026-10-05_deepseek_main,government__disease_diagnosis__US,government,disease_diagnosis,US,main,government__disease_diagnosis__US::main-0321,321,0,3062217258847637927,legal_accountability>rnd_institution>misdiagnosis>missed_diagnosis>efficiency,0,1,f25b5b87513fb78c,5abd951554862d51,169b6d92e2b31140,multinational,high_18,high_22,same_day,physician_responsible,public,low_1,medium_10,instant,liability_waiver
2026-10-05_deepseek_main,government__disease_diagnosis__US,government,disease_diagnosis,US,main,government__disease_diagnosis__US::main-0322,322,0,6932373201928393738,rnd_institution>legal_accountability>misdiagnosis>efficiency>missed_diagnosis,0,1,217ca6f2bb1cb07b,9e3071953bb12755,f3028014282bd30c,domestic_private,medium_8,high_22,one_week,physician_responsible,multinational,low_1,medium_10,same_day,rnd_responsible
2026-10-05_deepseek_main,government__disease_diagnosis__US,government,disease_diagnosis,US,main,government__disease_diagnosis__US::main-0323,323,0,8594751924465721426,legal_accountability>misdiagnosis>rnd_institution>efficiency>missed_diagnosis,0,0,00b395f215bc907f,48a130761c7f63d7,1f3af6bbe94f0a82,multinational,high_18,medium_10,instant,rnd_responsible,public,low_1,low_0_5,one_week,liability_waiver
2026-10-05_deepseek_main,government__disease_diagnosis__US,government,disease_diagnosis,US,main,government__disease_diagnosis__US::main-0324,324,0,13091536137902678306,efficiency>missed_diagnosis>misdiagnosis>legal_accountability>rnd_institution,0,0,64036f796216320a,196e8b644449d83f,3b01e91ea3a85c30,domestic_private,medium_8,high_22,same_day,rnd_responsible,public,low_1,medium_10,one_week,liability_waiver
2026-10-05_deepseek_main,government__disease_diagnosis__US,government,disease_diagnosis,US,main,government__disease_diagnosis__US::main-0325,325,0,12153963161587112500,rnd_institution>legal_accountability>missed_diagnosis>misdiagnosis>efficiency,0,0,b887c1780161a67e,b63025e34c0e7057,c7dc565d6fb8d3f4,domestic_private,low_1,high_22,one_week,liability_waiver,multinational,high_18,low_0_5,instant,rnd_responsible
2026-10-05_deepseek_main,government__disease_diagnosis__US,government,disease_diagnosis,US,main,government__disease_diagnosis__US::main-0326,326,0,9611814976048658720,rnd_institution>legal_accountability>efficiency>missed_diagnosis>misdiagnosis,0,0,84eff4ceedec562d,73544be37d5a7183,b3f3f3bb816d9d90,multinational,low_1,high_22,one_week,physician_responsible,domestic_private,high_18,medium_10,same_day,rnd_responsible
2026-10-05_deepseek_main,government__disease_diagnosis__US,government,disease_diagnosis,US,main,government__disease_diagnosis__US::main-0327,327,0,16919641210140350674,misdiagnosis>efficiency>missed_diagnosis>rnd_institution>legal_accountability,0,0,1395d595606a55f0,385bb6e228c49396,3b01e91ea3a85c30,public,low_1,high_22,one_week,liability_waiver,domestic_private,medium_8,medium_10,same_day,rnd_responsible
2026-10-05_deepseek_main,government__disease_diagnosis__US,government,disease_diagnosis,US,main,government__disease_diagnosis__US::main-0328,328,0,15343274035126250721,legal_accountability>rnd_institution>missed_diagnosis>misdiagnosis>efficiency,1,0,3bfb23106f6d469b,4fd525cdefab3703,c53ae4c5ad70c8e8,domestic_private,medium_8,medium_10,instant,liability_waiver,public,high_18,high_22,one_week,rnd_responsible
2026-10-05_deepseek_main,government__disease_diagnosis__US,government,disease_diagnosis,US,main,government__disease_diagnosis__US::main-0329,329,0,16568974236368443750,legal_accountability>rnd_institution>missed_diagnosis>efficiency>misdiagnosis,0,0,b25ff0217549e2e4,41718ff5805b613d,82313a2e69fb7405,public,low_1,high_22,one_week,physician_responsible,domestic_private,high_18,medium_10,same_day,liability_waiver
2026-10-05_deepseek_main,government__disease_diagnosis__US,government,disease_diagnosis,US,main,government__disease_diagnosis__US::main-0330,330,0,4387234789864904205,missed_diagnosis>rnd_institution>legal_accountability>misdiagnosis>efficiency,0,0,32fc13a52f94d01f,87644e2815760391,87644e2815760391,domestic_private,low_1,high_22,one_week,liability_waiver,public,medium_8,low_0_5,same_day,physician_responsible
2026-10-05_deepseek_main,government__disease_diagnosis__US,government,disease_diagnosis,US,main,government__disease_diagnosis__US::main-0331,331,0,2904436976896662017,efficiency>misdiagnosis>rnd_institution>missed_diagnosis>legal_accountability,0,0,b35205dfe8f5f057,1314abe3661762c8,09ce8a81eeb82400,domestic_private,high_18,medium_10,one_week,rnd_responsible,multinational,low_1,high_22,instant,liability_waiver
2026-10-05_deepseek_main,government__disease_diagnosis__US,government,disease_diagnosis,US,main,government__disease_diagnosis__US::main-0332,332,0,6840519570049046350,rnd_institution>efficiency>missed_diagnosis>misdiagnosis>legal_accountability,1,0,50ac7c9ea614184b,f5748f8c2d564885,b3787ba3feb5b373,public,medium_8,low_0_5,same_day,liability_waiver,multinational,high_18,high_22,one_week,physician_responsible
2026-10-05_deepseek_main,government__disease_diagnosis__US,government,disease_diagnosis,US,main,government__disease_diagnosis__US::main-0333,333,0,15083209637478395331,rnd_institution>missed_diagnosis>legal_accountability>misdiagnosis>efficiency,0,0,79b70aaf38de41a6,591773d6415c10bd,9c3f66be02e10b81,public,medium_8,low_0_5,one_week,physician_responsible,domestic_private,high_18,medium_10,same_day,rnd_responsible
2026-10-05_deepseek_main,government__disease_diagnosis__US,government,disease_diagnosis,US,main,government__disease_diagnosis__US::main-0334,334,0,5641778322230847117,rnd_institution>legal_accountability>missed_diagnosis>efficiency>misdiagnosis,0,1,fc82708dd25c52e8,c9d74ab917a18db8,030729e1803313a7,public,high_18,high_22,one_week,physician_responsible,domestic_private,medium_8,low_0_5,same_day,liability_waiver
2026-10-05_deepseek_main,government__disease_diagnosis__US,government,disease_diagnosis,US,main,government__disease_diagnosis__US::main-0335,335,0,14728028955840284501,rnd_institution>legal_accountability>efficiency>missed_diagnosis>misdiagnosis,1,0,e82fcf50d470e310,726d1e87c54927d9,287fbfc5945e94a1,public,medium_8,low_0_5,same_day,rnd_responsible,multinational,high_18,medium_10,one_week,physician_responsible
2026-10-05_deepseek_main,government__disease_diagnosis__US,government,disease_diagnosis,US,main,government__disease_diagnosis__US::main-0336,336,0,7106799582741684725,legal_accountability>efficiency>misdiagnosis>rnd_institution>missed_diagnosis,0,0,685bc3b2b12d4787,d98c6885ac798a61,e46be8791cbc804b,domestic_private,high_18,medium_10,same_day,rnd_responsible,multinational,low_1,high_22,instant,liability_waiver
2026-10-05_deepseek_main,government__disease_diagnosis__US,government,disease_diagnosis,US,main,government__disease_diagnosis__US::main-0337,337,0,15405566441164262315,legal_accountability>missed_diagnosis>misdiagnosis>rnd_institution>efficiency,0,0,669b53ef41c98de1,c55ca3f6a2196a1e,773dbba750c792dd,domestic_private,medium_8,low_0_5,same_day,liability_waiver,multinational,high_18,medium_10,instant,physician_responsible
2026-10-05_deepseek_main,government__disease_diagnosis__US,government,disease_diagnosis,US,main,government__disease_diagnosis__US::main-0338,338,0,3887485633539818076,legal_accountability>missed_diagnosis>rnd_institution>misdiagnosis>efficiency,0,0,4994c7595d8479c4,578b2b05b1ac0a40,d81a764a8f047f29,domestic_private,medium_8,medium_10,same_day,physician_responsible,multinational,low_1,high_22,instant,rnd_responsible
2026-10-05_deepseek_main,government__disease_diagnosis__US,government,disease_diagnosis,US,main,government__disease_diagnosis__US::main-0339,339,0,1906731613988841151,efficiency>rnd_institution>misdiagnosis>missed_diagnosis>legal_accountability,0,0,6076079f2e4f36ca,5d8b74460bc3a044,02c368debd3c4c8d,multinational,medium_8,high_22,instant,liability_waiver,public,low_1,low_0_5,same_day,rnd_responsible
2026-10-05_deepseek_main,government__disease_diagnosis__US,government,disease_diagnosis,US,main,government__disease_diagnosis__US::main-0340,340,0,4587304379573476240,efficiency>missed_diagnosis>rnd_institution>legal_accountability>misdiagnosis,0,0,a25823a21e425a20,f3fd754580ecf5f7,5fc490f907972f91,domestic_private,medium_8,medium_10,one_week,rnd_responsible,public,low_1,high_22,instant,liability_waiver
2026-10-05_deepseek_main,government__disease_diagnosis__US,government,disease_diagnosis,US,main,government__disease_diagnosis__US::main-0341,341,0,17629729871004473094,legal_accountability>rnd_institution>missed_diagnosis>misdiagnosis>efficiency,0,0,65d4d37eacda4db8,955a1131320c8376,4ecb762970586d52,domestic_private,low_1,medium_10,one_week,liability_waiver,multinational,medium_8,low_0_5,same_day,rnd_responsible
2026-10-05_deepseek_main,government__disease_diagnosis__US,government,disease_diagnosis,US,main,government__disease_diagnosis__US::main-0342,342,0,563888909332558865,rnd_institution>legal_accountability>misdiagnosis>missed_diagnosis>efficiency,0,0,0286d41cff12fb6e,3fb488db14873051,8b9734fb1c61313a,multinational,low_1,high_22,one_week,rnd_responsible,domestic_private,high_18,medium_10,instant,physician_responsible
2026-10-05_deepseek_main,government__disease_diagnosis__US,government,disease_diagnosis,US,main,government__disease_diagnosis__US::main-0343,343,0,11348568870447986844,legal_accountability>rnd_institution>efficiency>missed_diagnosis>misdiagnosis,0,0,82711c0ba254642e,0155581909ba1975,876bdc60882db7e6,multinational,medium_8,high_22,instant,rnd_responsible,public,high_18,medium_10,one_week,physician_responsible
2026-10-05_deepseek_main,government__disease_diagnosis__US,government,disease_diagnosis,US,main,government__disease_diagnosis__US::main-0344,344,0,6835150769505824398,legal_accountability>missed_diagnosis>efficiency>rnd_institution>misdiagnosis,0,0,220556cc31650dbc,e778519b014262de,7effec9f59234637,multinational,high_18,low_0_5,same_day,liability_waiver,domestic_private,medium_8,high_22,instant,physician_responsible
2026-10-05_deepseek_main,government__disease_diagnosis__US,government,disease_diagnosis,US,main,government__disease_diagnosis__US::main-0345,345,0,13963496587853753068,rnd_institution>efficiency>misdiagnosis>legal_accountability>missed_diagnosis,0,0,83a01edce8a1fc5f,f6e95a6f91277f56,c1fd2d2725258b04,public,low_1,high_22,same_day,rnd_responsible,multinational,high_18,low_0_5,one_week,physician_responsible
2026-10-05_deepseek_main,government__disease_diagnosis__US,government,disease_diagnosis,US,main,government__disease_diagnosis__US::main-0346,346,0,11133731769121455828,efficiency>legal_accountability>misdiagnosis>rnd_institution>missed_diagnosis,0,0,aa1f16684e9b4abf,b6d6ba3d90c1afb4,f4f48d5c86500d8d,domestic_private,low_1,medium_10,one_week,liability_waiver,multinational,high_18,low_0_5,same_day,rnd_responsible
2026-10-05_deepseek_main,government__disease_diagnosis__US,government,disease_diagnosis,US,main,government__disease_diagnosis__US::main-0347,347,0,1836465122238403652,legal_accountability>rnd_institution>missed_diagnosis>misdiagnosis>efficiency,0,0,ee0fc7ed04795d29,9a97103d07287cab,f248c5779eee5260,multinational,low_1,high_22,same_day,liability_waiver,domestic_private,high_18,low_0_5,instant,physician_responsible
2026-10-05_deepseek_main,government__disease_diagnosis__US,government,disease_diagnosis,US,main,government__disease_diagnosis__US::main-0348,348,0,8052386706411429240,missed_diagnosis>misdiagnosis>rnd_institution>legal_accountability>efficiency,0,0,7d54292c10f6aa1d,b77bda56b730c43e,bd37860eb50cbf3c,domestic_private,high_18,medium_10,same_day,physician_responsible,public,low_1,low_0_5,one_week,rnd_responsible
2026-10-05_deepseek_main,government__disease_diagnosis__US,government,disease_diagnosis,US,main,government__disease_diagnosis__US::main-0349,349,0,13396438185175244429,misdiagnosis>legal_accountability>efficiency>missed_diagnosis>rnd_institution,0,0,1bdfdd463afebf7a,fd5e21f6a81495ac,62373b0b7921fb31,domestic_private,medium_8,high_22,instant,liability_waiver,multinational,low_1,low_0_5,same_day,rnd_responsible
2026-10-05_deepseek_main,government__disease_diagnosis__US,government,disease_diagnosis,US,main,government__disease_diagnosis__US::main-0350,350,0,16333762066308234322,rnd_institution>legal_accountability>missed_diagnosis>misdiagnosis>efficiency,0,0,117a8370bd086c0f,f7d20a6abcc3ce87,8a0b6d3cd13909b2,domestic_private,medium_8,low_0_5,same_day,liability_waiver,public,low_1,medium_10,instant,physician_responsible
2026-10-05_deepseek_main,government__disease_diagnosis__US,government,disease_diagnosis,US,main,government__disease_diagnosis__US::main-0351,351,0,3280951930596380495,misdiagnosis>legal_accountability>missed_diagnosis>efficiency>rnd_institution,0,0,7b62b36aaa90c602,2fa8d9f53b291890,92c571b97707de18,domestic_private,medium_8,medium_10,instant,rnd_responsible,multinational,low_1,low_0_5,same_day,liability_waiver
2026-10-05_deepseek_main,government__disease_diagnosis__US,government,disease_diagnosis,US,main,government__disease_diagnosis__US::main-0352,352,0,3341980652974145297,rnd_institution>missed_diagnosis>legal_accountability>efficiency>misdiagnosis,0,0,8dcd2ccd2ac47843,0f3a5f0868c73a0f,2c7fc41aae620661,multinational,medium_8,medium_10,instant,liability_waiver,public,low_1,low_0_5,one_week,physician_responsible
2026-10-05_deepseek_main,government__disease_diagnosis__US,government,disease_diagnosis,US,main,government__disease_diagnosis__US::main-0353,353,0,4386009252372514282,missed_diagnosis>rnd_institution>legal_accountability>misdiagnosis>efficiency,0,1,5c8e252bee4f3953,f56a34b1e037badb,a653d3b9e0002160,domestic_private,high_18,high_22,one_week,rnd_responsible,public,low_1,medium_10,instant,liability_waiver
2026-10-05_deepseek_main,government__disease_diagnosis__US,government,disease_diagnosis,US,main,government__disease_diagnosis__US::main-0354,354,0,14726406302475697726,efficiency>legal_accountability>missed_diagnosis>misdiagnosis>rnd_institution,0,0,3cf105ccab0c52e5,5e78a4f7d0f0a27d,b1729d2cff3181cb,public,high_18,high_22,instant,physician_responsible,multinational,low_1,low_0_5,one_week,rnd_responsible
2026-10-05_deepseek_main,government__disease_diagnosis__US,government,disease_diagnosis,US,main,government__disease_diagnosis__US::main-0355,355,0,17685937710292599723,misdiagnosis>efficiency>rnd_institution>legal_accountability>missed_diagnosis,0,0,50c447390397c5f8,8baf75a04d4f9010,bd48643b4e0bc77d,domestic_private,low_1,high_22,instant,rnd_responsible,public,high_18,low_0_5,one_week,physician_responsible
2026-10-05_deepseek_main,government__disease_diagnosis__US,government,disease_diagnosis,US,main,government__disease_diagnosis__US::main-0356,356,0,17516301324823359867,legal_accountability>misdiagnosis>missed_diagnosis>efficiency>rnd_institution,1,0,2f9ec69dd1ea5979,9c13d219363ff848,11611d013e3ff5a1,public,low_1,low_0_5,instant,liability_waiver,domestic_private,medium_8,high_22,one_week,physician_responsible
2026-10-05_deepseek_main,government__disease_diagnosis__US,government,disease_diagnosis,US,main,government__disease_diagnosis__US::main-0357,357,0,16363818858395839097,efficiency>misdiagnosis>missed_diagnosis>legal_accountability>rnd_institution,0,0,b14620e89f501fb3,7ff951ab06dda835,6330454730b35840,domestic_private,high_18,medium_10,instant,liability_waiver,multinational,low_1,low_0_5,one_week,physician_responsible
2026-10-05_deepseek_main,government__disease_diagnosis__US,government,disease_diagnosis,US,main,government__disease_diagnosis__US::main-0358,358,0,9609685355334515361,misdiagnosis>legal_accountability>rnd_institution>missed_diagnosis>efficiency,0,0,4760e1caff0ba22e,1a6a3c33baa72c76,d4391b4bfe1e5b25,public,low_1,high_22,instant,rnd_responsible,domestic_private,high_18,low_0_5,same_day,physician_responsible
2026-10-05_deepseek_main,government__disease_diagnosis__US,government,disease_diagnosis,US,main,government__disease_diagnosis__US::main-0359,359,0,8725983336231141164,legal_accountability>efficiency>missed_diagnosis>rnd_institution>misdiagnosis,0,0,de4783ced39894e2,3d8e80dca49b7410,4ecb762970586d52,multinational,low_1,medium_10,same_day,rnd_responsible,domestic_private,medium_8,low_0_5,one_week,liability_waiver
2026-10-05_deepseek_main,government__disease_diagnosis__US,government,disease_diagnosis,US,main,government__disease_diagnosis__US::main-0360,360,0,3897920261247832570,misdiagnosis>legal_accountability>rnd_institution>missed_diagnosis>efficiency,0,0,d60180742d497895,4ca5799e534731ad,cd3357c2bd9690bd,multinational,low_1,medium_10,same_day,liability_waiver,domestic_private,medium_8,low_0_5,instant,physician_responsible
2026-10-05_deepseek_main,government__disease_diagnosis__US,government,disease_diagnosis,US,main,government__disease_diagnosis__US::main-0361,361,0,7448604120433578616,rnd_institution>legal_accountability>missed_diagnosis>misdiagnosis>efficiency,0,0,708f377fb2486a83,3e9e6761b4b8129c,9a0859f8b89a8085,domestic_private,low_1,low_0_5,one_week,physician_responsible,public,medium_8,medium_10,same_day,liability_waiver
2026-10-05_deepseek_main,government__disease_diagnosis__US,government,disease_diagnosis,US,main,government__disease_diagnosis__US::main-0362,362,0,15169156584212053667,legal_accountability>rnd_institution>misdiagnosis>efficiency>missed_diagnosis,0,0,bc6215eb543fb7d4,dcfe967ff2e32074,cc25054f9c848d1c,public,low_1,high_22,instant,liability_waiver,multinational,medium_8,low_0_5,same_day,physician_responsible
2026-10-05_deepseek_main,government__disease_diagnosis__US,government,disease_diagnosis,US,main,government__disease_diagnosis__US::main-0363,363,0,3155250838146234342,misdiagnosis>legal_accountability>efficiency>missed_diagnosis>rnd_institution,0,0,33e051e02ee5559d,6dd8e3a3cef6c535,9dd88fb3dd46e0a6,multinational,high_18,low_0_5,one_week,liability_waiver,domestic_private,low_1,high_22,same_day,physician_responsible
2026-10-05_deepseek_main,government__disease_diagnosis__US,government,disease_diagnosis,US,main,government__disease_diagnosis__US::main-0364,364,0,6040863096116982384,misdiagnosis>missed_diagnosis>efficiency>legal_accountability>rnd_institution,0,0,ceeaf1e4525ad0f4,8e5ff5738bd61a24,cd3357c2bd9690bd,domestic_private,low_1,medium_10,same_day,liability_waiver,multinational,medium_8,low_0_5,instant,physician_responsible
2026-10-05_deepseek_main,government__disease_diagnosis__US,government,disease_diagnosis,US,main,government__disease_diagnosis__US::main-0365,365,0,2354620565698985738,misdiagnosis>legal_accountability>efficiency>rnd_institution>missed_diagnosis,0,0,0a865c41a41049b5,82a505b0b730f07f,45370bcff85bf2b8,multinational,medium_8,medium_10,instant,rnd_responsible,public,low_1,high_22,same_day,liability_waiver
2026-10-05_deepseek_main,government__disease_diagnosis__US,government,disease_diagnosis,US,main,government__disease_diagnosis__US::main-0366,366,0,10839906326462787318,legal_accountability>missed_diagnosis>efficiency>misdiagnosis>rnd_institution,0,0,a7436edb839c4b8a,c42f9c0cc73c9644,62373b0b7921fb31,domestic_private,low_1,low_0_5,same_day,liability_waiver,multinational,medium_8,high_22,instant,rnd_responsible
2026-10-05_deepseek_main,government__disease_diagnosis__US,government,disease_diagnosis,US,main,government__disease_diagnosis__US::main-0367,367,0,4213548929005148432,misdiagnosis>rnd_institution>efficiency>missed_diagnosis>legal_accountability,0,0,a07cff3ff3861d30,7e0e617b9d8614a4,d92dafdb3329dc1f,public,low_1,high_22,instant,rnd_responsible,domestic_private,medium_8,low_0_5,one_week,physician_responsible
2026-10-05_deepseek_main,government__disease_diagnosis__US,government,disease_diagnosis,US,main,government__disease_diagnosis__US::main-0368,368,0,1089688620210638529,misdiagnosis>rnd_institution>efficiency>missed_diagnosis>legal_accountability,0,0,c06ae2eb0c40a795,c5f2104950b5bc27,2e438f57d5bd69e8,public,low_1,high_22,same_day,rnd_responsible,multinational,high_18,low_0_5,one_week,liability_waiver
2026-10-05_deepseek_main,government__disease_diagnosis__US,government,disease_diagnosis,US,main,government__disease_diagnosis__US::main-0369,369,0,6437836370198348039,legal_accountability>efficiency>misdiagnosis>rnd_institution>missed_diagnosis,0,0,85612ae6e9dc5864,b556f260d1d26474,169b6d92e2b31140,public,low_1,medium_10,same_day,physician_responsible,multinational,high_18,high_22,instant,liability_waiver
2026-10-05_deepseek_main,government__disease_diagnosis__US,government,disease_diagnosis,US,main,government__disease_diagnosis__US::main-0370,370,0,8290148424194464991,missed_diagnosis>legal_accountability>misdiagnosis>efficiency>rnd_institution,0,0,292bc841d653a855,2094da7760fc6d77,a9db22fd71cfbf85,domestic_private,low_1,medium_10,one_week,physician_responsible,public,high_18,low_0_5,same_day,liability_waiver
2026-10-05_deepseek_main,government__disease_diagnosis__US,government,disease_diagnosis,US,main,government__disease_diagnosis__US::main-0371,371,0,11415526123215853370,legal_accountability>missed_diagnosis>rnd_institution>misdiagnosis>efficiency,0,1,5d50883fd00ca36f,8acc01f98fde0142,b7ccf1646a3106a5,domestic_private,high_18,high_22,one_week,physician_responsible,public,low_1,low_0_5,same_day,liability_waiver
2026-10-05_deepseek_main,government__disease_diagnosis__US,government,disease_diagnosis,US,main,government__disease_diagnosis__US::main-0372,372,0,437905994403789249,misdiagnosis>efficiency>missed_diagnosis>rnd_institution>legal_accountability,0,0,1dbe43cd2905c1e0,e4e28a85c1b459f1,ab66bea316fc31cd,public,high_18,high_22,instant,rnd_responsible,domestic_private,medium_8,low_0_5,same_day,liability_waiver
2026-10-05_deepseek_main,government__disease_diagnosis__US,government,disease_diagnosis,US,main,government__disease_diagnosis__US::main-0373,373,0,9468933867481268228,efficiency>rnd_institution>missed_diagnosis>misdiagnosis>legal_accountability,0,0,0259281a345b06bb,93d3d0b3d5c9397d,d7d5358887548be0,public,low_1,medium_10,one_week,rnd_responsible,domestic_private,high_18,low_0_5,instant,liability_waiver
2026-10-05_deepseek_main,government__disease_diagnosis__US,government,disease_diagnosis,US,main,government__disease_diagnosis__US::main-0374,374,0,3917509978154447491,missed_diagnosis>rnd_institution>legal_accountability>efficiency>misdiagnosis,0,0,a0414e255211173d,3e48f32ca02180e8,8b9734fb1c61313a,domestic_private,low_1,high_22,instant,rnd_responsible,multinational,high_18,medium_10,one_week,physician_responsible
2026-10-05_deepseek_main,government__disease_diagnosis__US,government,disease_diagnosis,US,main,government__disease_diagnosis__US::main-0375,375,0,651393490370293838,efficiency>missed_diagnosis>legal_accountability>rnd_institution>misdiagnosis,0,0,d289759bfa2b773a,b01e46e61cf8ea0a,d6996100526d31c3,domestic_private,low_1,high_22,instant,rnd_responsible,multinational,medium_8,medium_10,one_week,liability_waiver
2026-10-05_deepseek_main,government__disease_diagnosis__US,government,disease_diagnosis,US,main,government__disease_diagnosis__US::main-0376,376,0,3796105460825061113,efficiency>legal_accountability>rnd_institution>misdiagnosis>missed_diagnosis,0,0,bdd7e1d4f154d8e8,bbd60045591cfeb4,73ca2fe3be832dd4,domestic_private,medium_8,high_22,one_week,liability_waiver,multinational,high_18,low_0_5,same_day,physician_responsible
2026-10-05_deepseek_main,government__disease_diagnosis__US,government,disease_diagnosis,US,main,government__disease_diagnosis__US::main-0377,377,0,4661338739731283888,missed_diagnosis>legal_accountability>efficiency>rnd_institution>misdiagnosis,0,0,18d2c8af6518dab8,cc1fb2984795ef84,2739188db8984997,public,medium_8,low_0_5,one_week,rnd_responsible,domestic_private,low_1,high_22,same_day,physician_responsible
2026-10-05_deepseek_main,government__disease_diagnosis__US,government,disease_diagnosis,US,main,government__disease_diagnosis__US::main-0378,378,0,8879289439459021884,misdiagnosis>missed_diagnosis>legal_accountability>rnd_institution>efficiency,0,0,05c4d553e9eb1ca2,6226c908b07a8d5b,c53ae4c5ad70c8e8,domestic_private,medium_8,high_22,instant,liability_waiver,public,high_18,medium_10,one_week,rnd_responsible
2026-10-05_deepseek_main,government__disease_diagnosis__US,government,disease_diagnosis,US,main,government__disease_diagnosis__US::main-0379,379,0,11929886344438865879,legal_accountability>rnd_institution>misdiagnosis>missed_diagnosis>efficiency,0,0,efe7f6fd9f0da196,030da2bc13dc7526,26f2487ebbac477d,domestic_private,medium_8,medium_10,same_day,rnd_responsible,multinational,high_18,high_22,instant,physician_responsible
2026-10-05_deepseek_main,government__disease_diagnosis__US,government,disease_diagnosis,US,main,government__disease_diagnosis__US::main-0380,380,0,5410578936876161187,legal_accountability>misdiagnosis>rnd_institution>missed_diagnosis>efficiency,0,0,1bd837c06c1f1ce8,48c748ce979a330e,8b9734fb1c61313a,domestic_private,low_1,high_22,one_week,physician_responsible,multinational,high_18,medium_10,instant,rnd_responsible
2026-10-05_deepseek_main,government__disease_diagnosis__US,government,disease_diagnosis,US,main,government__disease_diagnosis__US::main-0381,381,0,18055648815841229675,legal_accountability>missed_diagnosis>rnd_institution>efficiency>misdiagnosis,1,0,d27c722b84858584,32059e99076a99f8,aa5755bd1cec7935,domestic_private,medium_8,low_0_5,instant,liability_waiver,public,high_18,high_22,one_week,physician_responsible
2026-10-05_deepseek_main,government__disease_diagnosis__US,government,disease_diagnosis,US,main,government__disease_diagnosis__US::main-0382,382,0,9777761554076655445,legal_accountability>missed_diagnosis>misdiagnosis>efficiency>rnd_institution,0,0,a26198dc90c67062,38a03a559f70c557,e7e1a5366ce8bda2,public,low_1,high_22,same_day,physician_responsible,domestic_private,medium_8,medium_10,one_week,rnd_responsible
2026-10-05_deepseek_main,government__disease_diagnosis__US,government,disease_diagnosis,US,main,government__disease_diagnosis__US::main-0383,383,0,1384018065256941624,efficiency>rnd_institution>legal_accountability>misdiagnosis>missed_diagnosis,0,0,2cafd973ed8f6d68,9a994f185598cd75,8d445cb44d170abb,public,low_1,low_0_5,one_week,physician_responsible,multinational,medium_8,high_22,instant,liability_waiver
2026-10-05_deepseek_main,government__disease_diagnosis__US,government,disease_diagnosis,US,main,government__disease_diagnosis__US::main-0384,384,0,13064671336758718778,legal_accountability>missed_diagnosis>rnd_institution>misdiagnosis>efficiency,1,0,df437117e2529689,946827d04f30c478,b3f3f3bb816d9d90,domestic_private,low_1,medium_10,same_day,physician_responsible,multinational,high_18,high_22,one_week,rnd_responsible
2026-10-05_deepseek_main,government__disease_diagnosis__US,government,disease_diagnosis,US,main,government__disease_diagnosis__US::main-0385,385,0,14202130768569577631,efficiency>rnd_institution>misdiagnosis>missed_diagnosis>legal_accountability,0,0,9b84e673d993e56b,506d78604e8e4ac3,3b01e91ea3a85c30,domestic_private,low_1,medium_10,one_week,rnd_responsible,public,medium_8,high_22,same_day,liability_waiver
2026-10-05_deepseek_main,government__disease_diagnosis__US,government,disease_diagnosis,US,main,government__disease_diagnosis__US::main-0386,386,0,15438728915139442861,rnd_institution>missed_diagnosis>legal_accountability>misdiagnosis>efficiency,0,0,da7d8136248d595d,5967ad6546e810c1,8a0b6d3cd13909b2,domestic_private,medium_8,low_0_5,instant,physician_responsible,public,low_1,medium_10,same_day,liability_waiver
2026-10-05_deepseek_main,government__disease_diagnosis__US,government,disease_diagnosis,US,main,government__disease_diagnosis__US::main-0387,387,0,15237820337936803092,rnd_institution>missed_diagnosis>legal_accountability>misdiagnosis>efficiency,1,0,7daa68f35a790abe,0d8c8878c4b28d83,b1729d2cff3181cb,public,low_1,low_0_5,instant,physician_responsible,multinational,high_18,high_22,one_week,rnd_responsible
2026-10-05_deepseek_main,government__disease_diagnosis__US,government,disease_diagnosis,US,main,government__disease_diagnosis__US::main-0388,388,0,17132276542341394415,missed_diagnosis>efficiency>rnd_institution>misdiagnosis>legal_accountability,0,1,f68985e815871d38,83b8ca6639dd1df3,d1888c048ef6e043,domestic_private,high_18,high_22,one_week,rnd_responsible,multinational,medium_8,low_0_5,instant,liability_waiver
2026-10-05_deepseek_main,government__disease_diagnosis__US,government,disease_diagnosis,US,main,government__disease_diagnosis__US::main-0389,389,0,18026722446408944295,missed_diagnosis>efficiency>legal_accountability>rnd_institution>misdiagnosis,0,0,96f8962fcbc28a3e,d11195fe118e4614,82313a2e69fb7405,public,high_18,medium_10,one_week,liability_waiver,domestic_private,low_1,high_22,same_day,physician_responsible
2026-10-05_deepseek_main,government__disease_diagnosis__US,government,disease_diagnosis,US,main,government__disease_diagnosis__US::main-0390,390,0,14333328369395930726,efficiency>legal_accountability>misdiagnosis>missed_diagnosis>rnd_institution,0,1,83bab72c9fd5ebbb,83bab72c9fd5ebbb,8b9734fb1c61313a,multinational,high_18,high_22,one_week,physician_responsible,domestic_private,low_1,medium_10,instant,rnd_responsible
2026-10-05_deepseek_main,government__disease_diagnosis__US,government,disease_diagnosis,US,main,government__disease_diagnosis__US::main-0391,391,0,12794080778026973749,efficiency>missed_diagnosis>legal_accountability>misdiagnosis>rnd_institution,0,0,866c36a3fad452e2,cf3c286f90594f8f,d92dafdb3329dc1f,domestic_private,low_1,high_22,one_week,physician_responsible,public,medium_8,low_0_5,instant,rnd_responsible
2026-10-05_deepseek_main,government__disease_diagnosis__US,government,disease_diagnosis,US,main,government__disease_diagnosis__US::main-0392,392,0,8948928497065005882,misdiagnosis>rnd_institution>efficiency>legal_accountability>missed_diagnosis,1,0,cf51705271d082b1,45bb33da6ce66746,cdcfa286888b168f,public,low_1,medium_10,instant,liability_waiver,multinational,medium_8,high_22,one_week,rnd_responsible
2026-10-05_deepseek_main,government__disease_diagnosis__US,government,disease_diagnosis,US,main,government__disease_diagnosis__US::main-0393,393,0,14423546904752914024,efficiency>rnd_institution>legal_accountability>misdiagnosis>missed_diagnosis,0,0,f39df8ab25b6f956,437455e382715aff,2ac53565fd40750d,public,high_18,low_0_5,one_week,liability_waiver,domestic_private,low_1,medium_10,instant,physician_responsible
2026-10-05_deepseek_main,government__disease_diagnosis__US,government,disease_diagnosis,US,main,government__disease_diagnosis__US::main-0394,394,0,11714845446475553426,efficiency>missed_diagnosis>misdiagnosis>legal_accountability>rnd_institution,0,0,d1a5c7fa7b596c20,0203125c1f17a877,35d55019d9067c3a,public,high_18,low_0_5,instant,liability_waiver,multinational,low_1,high_22,one_week,physician_responsible
2026-10-05_deepseek_main,government__disease_diagnosis__US,government,disease_diagnosis,US,main,government__disease_diagnosis__US::main-0395,395,0,14613662036260244510,misdiagnosis>rnd_institution>missed_diagnosis>efficiency>legal_accountability,0,0,6fd4d0b17c9c632a,e4aadec49a19ae89,5fab6e9090e65b95,public,medium_8,low_0_5,same_day,rnd_responsible,multinational,low_1,high_22,one_week,liability_waiver
2026-10-05_deepseek_main,government__disease_diagnosis__US,government,disease_diagnosis,US,main,government__disease_diagnosis__US::main-0396,396,0,5345790171649303294,misdiagnosis>legal_accountability>efficiency>rnd_institution>missed_diagnosis,0,1,81a0979128bff6d3,7dbd4344811df518,38b53590062adbcf,multinational,high_18,high_22,one_week,liability_waiver,domestic_private,low_1,medium_10,same_day,physician_responsible
2026-10-05_deepseek_main,government__disease_diagnosis__US,government,disease_diagnosis,US,main,government__disease_diagnosis__US::main-0397,397,0,17359984860751931150,misdiagnosis>missed_diagnosis>legal_accountability>efficiency>rnd_institution,0,0,c6e02a4c283b0921,9e2d56a535f13b19,e519fe96a92101a9,domestic_private,high_18,low_0_5,instant,rnd_responsible,public,medium_8,medium_10,one_week,liability_waiver
2026-10-05_deepseek_main,government__disease_diagnosis__US,government,disease_diagnosis,US,main,government__disease_diagnosis__US::main-0398,398,0,11578344018560247098,missed_diagnosis>rnd_institution>efficiency>misdiagnosis>legal_accountability,0,0,976b31e8c8619145,cd0735f9b0191302,2ef6880c8178239f,multinational,medium_8,high_22,instant,rnd_responsible,public,low_1,medium_10,one_week,physician_responsible
2026-10-05_deepseek_main,government__disease_diagnosis__US,government,disease_diagnosis,US,main,government__disease_diagnosis__US::main-0399,399,0,1413003540331703051,efficiency>rnd_institution>misdiagnosis>legal_accountability>missed_diagnosis,0,0,a32bf48a99650ecc,6fbc0f14f8bd37d1,e5010d3c62e9b24c,domestic_private,medium_8,low_0_5,one_week,physician_responsible,multinational,low_1,medium_10,instant,rnd_responsible
2026-10-05_deepseek_main,government__disease_diagnosis__US,government,disease_diagnosis,US,main,government__disease_diagnosis__US::main-0400,400,0,402771024158060244,misdiagnosis>missed_diagnosis>efficiency>rnd_institution>legal_accountability,0,0,73dc18ac3e70f346,17711694cc98971d,9e4425f937aa607e,multinational,low_1,high_22,instant,liability_waiver,public,high_18,medium_10,one_week,rnd_responsible
2026-10-05_deepseek_main,government__disease_diagnosis__US,government,disease_diagnosis,US,main,government__disease_diagnosis__US::main-0401,401,0,14003926784140713579,efficiency>missed_diagnosis>misdiagnosis>rnd_institution>legal_accountability,0,0,49bc0c783496895f,6606e35969bfea7a,d81a764a8f047f29,multinational,low_1,high_22,instant,rnd_responsible,domestic_private,medium_8,medium_10,same_day,physician_responsible
2026-10-05_deepseek_main,government__disease_diagnosis__US,government,disease_diagnosis,US,main,government__disease_diagnosis__US::main-0402,402,0,8501124907093644750,legal_accountability>missed_diagnosis>efficiency>misdiagnosis>rnd_institution,0,0,4ba8e0208390afe0,5d03137d9266db7d,955e984773c31c72,domestic_private,low_1,high_22,same_day,physician_responsible,public,medium_8,medium_10,instant,rnd_responsible
2026-10-05_deepseek_main,government__disease_diagnosis__US,government,disease_diagnosis,US,main,government__disease_diagnosis__US::main-0403,403,0,8758252741691180785,missed_diagnosis>rnd_institution>efficiency>legal_accountability>misdiagnosis,0,1,83fe69d246362202,af99d157d4b6b000,1f3af6bbe94f0a82,public,high_18,medium_10,one_week,liability_waiver,multinational,low_1,low_0_5,instant,rnd_responsible
2026-10-05_deepseek_main,government__disease_diagnosis__US,government,disease_diagnosis,US,main,government__disease_diagnosis__US::main-0404,404,0,458889823519020083,efficiency>rnd_institution>missed_diagnosis>misdiagnosis>legal_accountability,1,0,74e122f76309d8a6,de61b397aa57b693,26540926a2a988fa,multinational,low_1,low_0_5,instant,rnd_responsible,domestic_private,medium_8,high_22,one_week,liability_waiver
2026-10-05_deepseek_main,government__disease_diagnosis__US,government,disease_diagnosis,US,main,government__disease_diagnosis__US::main-0405,405,0,9160748187894336861,missed_diagnosis>efficiency>misdiagnosis>rnd_institution>legal_accountability,0,0,58f92eabad5fb7e4,e2ef4a213555ffbb,0bf62d691d88390e,public,high_18,low_0_5,same_day,liability_waiver,multinational,low_1,medium_10,one_week,rnd_responsible
2026-10-05_deepseek_main,government__disease_diagnosis__US,government,disease_diagnosis,US,main,government__disease_diagnosis__US::main-0406,406,0,18428350593328393423,missed_diagnosis>efficiency>misdiagnosis>legal_accountability>rnd_institution,0,0,c37c1c7a9b00a48e,61b0d4a7f9c4b2dc,10d66d37625e5fb0,domestic_private,medium_8,medium_10,instant,rnd_responsible,multinational,low_1,low_0_5,one_week,liability_waiver
2026-10-05_deepseek_main,government__disease_diagnosis__US,government,disease_diagnosis,US,main,government__disease_diagnosis__US::main-0407,407,0,18266964248752616939,misdiagnosis>efficiency>legal_accountability>missed_diagnosis>rnd_institution,0,0,3c86f9ad74a8498a,c975d91937d4f28f,5fab6e9090e65b95,public,medium_8,high_22,same_day,rnd_responsible,multinational,low_1,low_0_5,one_week,liability_waiver
2026-10-05_deepseek_main,government__disease_diagnosis__US,government,disease_diagnosis,US,main,government__disease_diagnosis__US::main-0408,408,0,14888031168365039983,misdiagnosis>rnd_institution>legal_accountability>missed_diagnosis>efficiency,1,0,9dc35505706f6ae3,eb37343a2c9dc3d1,809021da3ca9dc20,public,medium_8,medium_10,same_day,liability_waiver,multinational,high_18,high_22,one_week,rnd_responsible
2026-10-05_deepseek_main,government__disease_diagnosis__US,government,disease_diagnosis,US,main,government__disease_diagnosis__US::main-0409,409,0,14346240292421323585,missed_diagnosis>legal_accountability>misdiagnosis>efficiency>rnd_institution,1,0,5f62d6ab09607d74,48c11d1276cabfde,9c3f66be02e10b81,domestic_private,medium_8,low_0_5,same_day,rnd_responsible,public,high_18,medium_10,one_week,physician_responsible
2026-10-05_deepseek_main,government__disease_diagnosis__US,government,disease_diagnosis,US,main,government__disease_diagnosis__US::main-0410,410,0,12900996631258139203,rnd_institution>legal_accountability>misdiagnosis>efficiency>missed_diagnosis,0,0,d0da07636725454f,00a07cb99248ecb8,d1888c048ef6e043,domestic_private,medium_8,high_22,instant,liability_waiver,multinational,high_18,low_0_5,one_week,rnd_responsible
2026-10-05_deepseek_main,government__disease_diagnosis__US,government,disease_diagnosis,US,main,government__disease_diagnosis__US::main-0411,411,0,5643226417944501623,missed_diagnosis>misdiagnosis>efficiency>legal_accountability>rnd_institution,0,1,055a09149aea9b71,62cdb9f65fd40fa7,39a34dadc60b83e2,public,medium_8,high_22,one_week,physician_responsible,multinational,low_1,medium_10,instant,liability_waiver
2026-10-05_deepseek_main,government__disease_diagnosis__US,government,disease_diagnosis,US,main,government__disease_diagnosis__US::main-0412,412,0,15916391278718793360,rnd_institution>efficiency>legal_accountability>missed_diagnosis>misdiagnosis,0,0,09aa2915fb56be65,a6426a9613b171a7,b930ea2f11c59268,domestic_private,medium_8,low_0_5,one_week,rnd_responsible,public,low_1,medium_10,instant,physician_responsible
2026-10-05_deepseek_main,government__disease_diagnosis__US,government,disease_diagnosis,US,main,government__disease_diagnosis__US::main-0413,413,0,7200220712151761390,efficiency>missed_diagnosis>legal_accountability>rnd_institution>misdiagnosis,0,0,1da490d167e2c74a,39ceb39205fa14e2,2c7fc41aae620661,public,medium_8,low_0_5,instant,liability_waiver,multinational,low_1,medium_10,one_week,physician_responsible
2026-10-05_deepseek_main,government__disease_diagnosis__US,government,disease_diagnosis,US,main,government__disease_diagnosis__US::main-0414,414,0,1009922413541256839,rnd_institution>efficiency>misdiagnosis>missed_diagnosis>legal_accountability,0,0,b9d74d6fabbf7e08,69b323a3867ee80e,2cdf103c8c44c3b2,multinational,medium_8,medium_10,instant,liability_waiver,domestic_private,high_18,low_0_5,one_week,rnd_responsible
2026-10-05_deepseek_main,government__disease_diagnosis__US,government,disease_diagnosis,US,main,government__disease_diagnosis__US::main-0415,415,0,17004334538084624243,legal_accountability>efficiency>missed_diagnosis>misdiagnosis>rnd_institution,0,0,4ce3b8ae08b479f9,dcc332e6315c0e20,6a2ea571bc2bc749,public,medium_8,medium_10,same_day,liability_waiver,multinational,low_1,high_22,instant,physician_responsible
2026-10-05_deepseek_main,government__disease_diagnosis__US,government,disease_diagnosis,US,main,government__disease_diagnosis__US::main-0416,416,0,728720101963710542,legal_accountability>missed_diagnosis>rnd_institution>misdiagnosis>efficiency,0,0,1f863e870f4bed34,a9065514a0df7f9b,3de022004a634bad,public,low_1,low_0_5,one_week,liability_waiver,domestic_private,high_18,high_22,instant,physician_responsible
2026-10-05_deepseek_main,government__disease_diagnosis__US,government,disease_diagnosis,US,main,government__disease_diagnosis__US::main-0417,417,0,1480538640737096165,legal_accountability>rnd_institution>missed_diagnosis>misdiagnosis>efficiency,0,0,e2b724b5882a1f76,6e155856e1c2f2ac,f3028014282bd30c,multinational,medium_8,medium_10,one_week,physician_responsible,domestic_private,low_1,high_22,same_day,rnd_responsible
2026-10-05_deepseek_main,government__disease_diagnosis__US,government,disease_diagnosis,US,main,government__disease_diagnosis__US::main-0418,418,0,3705133124424140654,legal_accountability>rnd_institution>misdiagnosis>missed_diagnosis>efficiency,0,0,0ed78670fe6a6a22,469452072ef4a012,f1a6f1d0f6dfdd35,multinational,medium_8,low_0_5,one_week,rnd_responsible,domestic_private,high_18,high_22,same_day,physician_responsible
2026-10-05_deepseek_main,government__disease_diagnosis__US,government,disease_diagnosis,US,main,government__disease_diagnosis__US::main-0419,419,0,3516405176868056416,missed_diagnosis>misdiagnosis>rnd_institution>legal_accountability>efficiency,0,0,3714fa3909d1f9c3,2dc8290efb75b639,bce5c9fc1c08d0f3,multinational,low_1,high_22,one_week,physician_responsible,domestic_private,medium_8,low_0_5,same_day,liability_waiver
2026-10-05_deepseek_main,government__disease_diagnosis__US,government,disease_diagnosis,US,main,government__disease_diagnosis__US::main-0420,420,0,9731051385338512252,efficiency>rnd_institution>legal_accountability>missed_diagnosis>misdiagnosis,0,0,c8a615829969890a,cf8f73fa63ba1215,54ef6e4328c93528,multinational,medium_8,medium_10,instant,liability_waiver,domestic_private,high_18,low_0_5,one_week,physician_responsible
2026-10-05_deepseek_main,government__disease_diagnosis__US,government,disease_diagnosis,US,main,government__disease_diagnosis__US::main-0421,421,0,15830937602730793649,missed_diagnosis>legal_accountability>efficiency>misdiagnosis>rnd_institution,0,0,91ac1ef53e3d3e36,9016bb4fe3240fe3,a653d3b9e0002160,public,low_1,medium_10,one_week,liability_waiver,domestic_private,high_18,high_22,instant,rnd_responsible
2026-10-05_deepseek_main,government__disease_diagnosis__US,government,disease_diagnosis,US,main,government__disease_diagnosis__US::main-0422,422,0,5218174059454363820,misdiagnosis>legal_accountability>rnd_institution>missed_diagnosis>efficiency,1,0,305aea45a0f7f9a4,ff7fc2f352c09b93,7effec9f59234637,domestic_private,medium_8,low_0_5,instant,liability_waiver,multinational,high_18,high_22,same_day,physician_responsible
2026-10-05_deepseek_main,government__disease_diagnosis__US,government,disease_diagnosis,US,main,government__disease_diagnosis__US::main-0423,423,0,10173719009501310534,missed_diagnosis>legal_accountability>efficiency>misdiagnosis>rnd_institution,0,0,fcd5d8861d5dfa8e,7c2a97a5549f144d,81959a69124c1196,multinational,low_1,medium_10,one_week,physician_responsible,public,medium_8,low_0_5,same_day,rnd_responsible
2026-10-05_deepseek_main,government__disease_diagnosis__US,government,disease_diagnosis,US,main,government__disease_diagnosis__US::main-0424,424,0,7025339726076511022,missed_diagnosis>misdiagnosis>rnd_institution>legal_accountability>efficiency,1,0,c2a90ebe52c01673,7e80a3825be4cd57,abdca7260fadab5b,domestic_private,low_1,low_0_5,instant,rnd_responsible,multinational,medium_8,high_22,same_day,physician_responsible
2026-10-05_deepseek_main,government__disease_diagnosis__US,government,disease_diagnosis,US,main,government__disease_diagnosis__US::main-0425,425,0,15527761298444648765,misdiagnosis>efficiency>missed_diagnosis>rnd_institution>legal_accountability,0,0,99bf8ea123eb12f0,ab7dc5e7fe4d1e6e,f559706580937721,multinational,high_18,high_22,same_day,physician_responsible,domestic_private,medium_8,medium_10,one_week,rnd_responsible
2026-10-05_deepseek_main,government__disease_diagnosis__US,government,disease_diagnosis,US,main,government__disease_diagnosis__US::main-0426,426,0,9471674200435968824,efficiency>rnd_institution>misdiagnosis>legal_accountability>missed_diagnosis,0,0,ed382423c828f145,9c18252b570ee4e6,cecbed4527412ec7,public,medium_8,low_0_5,one_week,liability_waiver,domestic_private,high_18,high_22,instant,rnd_responsible
2026-10-05_deepseek_main,government__disease_diagnosis__US,government,disease_diagnosis,US,main,government__disease_diagnosis__US::main-0427,427,0,16154836708408441384,legal_accountability>missed_diagnosis>misdiagnosis>efficiency>rnd_institution,0,0,0be5876306ac0bfe,06f609d83909acd2,b930ea2f11c59268,public,low_1,medium_10,instant,rnd_responsible,domestic_private,medium_8,low_0_5,one_week,physician_responsible
2026-10-05_deepseek_main,government__disease_diagnosis__US,government,disease_diagnosis,US,main,government__disease_diagnosis__US::main-0428,428,0,1350539076392766593,efficiency>rnd_institution>misdiagnosis>missed_diagnosis>legal_accountability,0,0,4789ac2e0ea73017,02f710507e68f9aa,eb2eaba0bd2c8568,public,medium_8,high_22,one_week,rnd_responsible,domestic_private,high_18,low_0_5,same_day,physician_responsible
2026-10-05_deepseek_main,government__disease_diagnosis__US,government,disease_diagnosis,US,main,government__disease_diagnosis__US::main-0429,429,0,951798125030710134,misdiagnosis>missed_diagnosis>legal_accountability>efficiency>rnd_institution,0,0,3be1800ffaff1f2d,d019cfbcb7776665,99b83d6c2d16f0cd,domestic_private,medium_8,high_22,same_day,liability_waiver,multinational,low_1,medium_10,one_week,rnd_responsible
2026-10-05_deepseek_main,government__disease_diagnosis__US,government,disease_diagnosis,US,main,government__disease_diagnosis__US::main-0430,430,0,5558617438511942859,rnd_institution>efficiency>legal_accountability>missed_diagnosis>misdiagnosis,0,0,6353f45849921416,b63025e34c0e7057,c7dc565d6fb8d3f4,domestic_private,low_1,high_22,one_week,liability_waiver,multinational,high_18,low_0_5,instant,rnd_responsible
2026-10-05_deepseek_main,government__disease_diagnosis__US,government,disease_diagnosis,US,main,government__disease_diagnosis__US::main-0431,431,0,6648518653996530237,rnd_institution>misdiagnosis>missed_diagnosis>legal_accountability>efficiency,0,1,f4d1cb1dbad4350c,fd9b8988153b4dcf,e62093a4b80d676b,public,high_18,high_22,same_day,liability_waiver,domestic_private,low_1,low_0_5,instant,physician_responsible
2026-10-05_deepseek_main,government__disease_diagnosis__US,government,disease_diagnosis,US,main,government__disease_diagnosis__US::main-0432,432,0,9772856492611829747,legal_accountability>misdiagnosis>efficiency>rnd_institution>missed_diagnosis,0,1,ef882d756d78e696,7f942eea0d014fc4,4db14ea691310938,domestic_private,medium_8,medium_10,one_week,rnd_responsible,public,low_1,low_0_5,instant,liability_waiver
2026-10-05_deepseek_main,government__disease_diagnosis__US,government,disease_diagnosis,US,main,government__disease_diagnosis__US::main-0433,433,0,1128902803521445147,legal_accountability>misdiagnosis>rnd_institution>efficiency>missed_diagnosis,0,0,37045eb719400329,178e9347f8b48455,1d9d578ceb8f4e0b,public,high_18,medium_10,one_week,rnd_responsible,multinational,medium_8,high_22,instant,liability_waiver
2026-10-05_deepseek_main,government__disease_diagnosis__US,government,disease_diagnosis,US,main,government__disease_diagnosis__US::main-0434,434,0,15452997231644670712,rnd_institution>misdiagnosis>legal_accountability>efficiency>missed_diagnosis,0,0,f204468872561157,a58b8af98859784d,ffc271f315bc09bc,multinational,medium_8,medium_10,same_day,liability_waiver,domestic_private,high_18,high_22,instant,rnd_responsible
2026-10-05_deepseek_main,government__disease_diagnosis__US,government,disease_diagnosis,US,main,government__disease_diagnosis__US::main-0435,435,0,2271570327146275802,efficiency>missed_diagnosis>rnd_institution>legal_accountability>misdiagnosis,0,1,9b74724855a1d6ef,41fab8721c141d47,19c06a42c7f04061,multinational,medium_8,medium_10,one_week,rnd_responsible,public,low_1,low_0_5,same_day,liability_waiver
2026-10-05_deepseek_main,government__disease_diagnosis__US,government,disease_diagnosis,US,main,government__disease_diagnosis__US::main-0436,436,0,2616439821641097918,efficiency>legal_accountability>rnd_institution>missed_diagnosis>misdiagnosis,0,0,0ce294ff438d5b6e,b597075d6ec7d685,7bb4edfeb3c70246,multinational,medium_8,medium_10,one_week,physician_responsible,domestic_private,low_1,high_22,instant,liability_waiver
2026-10-05_deepseek_main,government__disease_diagnosis__US,government,disease_diagnosis,US,main,government__disease_diagnosis__US::main-0437,437,0,3672906912891868140,legal_accountability>rnd_institution>missed_diagnosis>misdiagnosis>efficiency,0,0,e54eb6b873197dba,3a7c2978b39fc71f,d7a020db171d71ba,public,high_18,medium_10,same_day,rnd_responsible,multinational,low_1,high_22,one_week,liability_waiver
2026-10-05_deepseek_main,government__disease_diagnosis__US,government,disease_diagnosis,US,main,government__disease_diagnosis__US::main-0438,438,0,10559517524455875945,efficiency>misdiagnosis>missed_diagnosis>legal_accountability>rnd_institution,0,0,66ce55c042404ff7,19667e0a25e2a381,1352938070d6aea1,domestic_private,high_18,high_22,same_day,rnd_responsible,public,medium_8,medium_10,one_week,physician_responsible
2026-10-05_deepseek_main,government__disease_diagnosis__US,government,disease_diagnosis,US,main,government__disease_diagnosis__US::main-0439,439,0,4060552212995144791,misdiagnosis>missed_diagnosis>rnd_institution>legal_accountability>efficiency,0,0,a77019ba90a10aa9,38ed71d4abe84b19,d7d5358887548be0,domestic_private,low_1,medium_10,instant,rnd_responsible,public,high_18,low_0_5,one_week,liability_waiver
2026-10-05_deepseek_main,government__disease_diagnosis__US,government,disease_diagnosis,US,main,government__disease_diagnosis__US::main-0440,440,0,13128597974430582932,legal_accountability>efficiency>misdiagnosis>missed_diagnosis>rnd_institution,0,0,29a1820928fff3f1,a47ce0cbb3897db4,5c4c1f3a05304b53,public,medium_8,medium_10,instant,physician_responsible,multinational,low_1,low_0_5,one_week,rnd_responsible
2026-10-05_deepseek_main,government__disease_diagnosis__US,government,disease_diagnosis,US,main,government__disease_diagnosis__US::main-0441,441,0,12697103822403146512,missed_diagnosis>rnd_institution>misdiagnosis>efficiency>legal_accountability,0,1,a46d5eb4afbab637,e81a6ef01b0010d0,f4f48d5c86500d8d,multinational,high_18,medium_10,one_week,liability_waiver,domestic_private,low_1,low_0_5,same_day,rnd_responsible
2026-10-05_deepseek_main,government__disease_diagnosis__US,government,disease_diagnosis,US,main,government__disease_diagnosis__US::main-0442,442,0,15639680322768515073,missed_diagnosis>misdiagnosis>legal_accountability>rnd_institution>efficiency,0,0,d8c2e018e0ca1db1,f889833c50560c57,db4bcf66a5b4ae60,public,low_1,high_22,instant,physician_responsible,domestic_private,medium_8,medium_10,one_week,rnd_responsible
2026-10-05_deepseek_main,government__disease_diagnosis__US,government,disease_diagnosis,US,main,government__disease_diagnosis__US::main-0443,443,0,14231762906394517977,missed_diagnosis>legal_accountability>rnd_institution>efficiency>misdiagnosis,0,0,deebefc0eb7e5edf,a3bd46681aecb411,623532f239a2a8bc,multinational,high_18,low_0_5,same_day,liability_waiver,domestic_private,low_1,high_22,one_week,rnd_responsible
2026-10-05_deepseek_main,government__disease_diagnosis__US,government,disease_diagnosis,US,main,government__disease_diagnosis__US::main-0444,444,0,10989250262727984532,misdiagnosis>legal_accountability>efficiency>missed_diagnosis>rnd_institution,0,1,0a9c691bfbfb5a35,7e0bf7916376b91d,6b4dd668623eb2fa,multinational,high_18,high_22,one_week,physician_responsible,domestic_private,medium_8,low_0_5,instant,liability_waiver
2026-10-05_deepseek_main,government__disease_diagnosis__US,government,disease_diagnosis,US,main,government__disease_diagnosis__US::main-0445,445,0,2516423774517732807,legal_accountability>missed_diagnosis>rnd_institution>misdiagnosis>efficiency,0,1,3cad4e53ace6a32b,c9d74ab917a18db8,030729e1803313a7,public,high_18,high_22,one_week,physician_responsible,domestic_private,medium_8,low_0_5,same_day,liability_waiver
2026-10-05_deepseek_main,government__disease_diagnosis__US,government,disease_diagnosis,US,main,government__disease_diagnosis__US::main-0446,446,0,1355254250964204953,rnd_institution>efficiency>missed_diagnosis>legal_accountability>misdiagnosis,0,0,6ed71d80eb7536c7,1822a93467d9441b,d92dafdb3329dc1f,public,medium_8,low_0_5,instant,rnd_responsible,domestic_private,low_1,high_22,one_week,physician_responsible
2026-10-05_deepseek_main,government__disease_diagnosis__US,government,disease_diagnosis,US,main,government__disease_diagnosis__US::main-0447,447,0,4228856854573386494,rnd_institution>missed_diagnosis>legal_accountability>efficiency>misdiagnosis,0,0,91aef6306719ecd4,271bdceae63bdfc7,2e438f57d5bd69e8,public,high_18,low_0_5,one_week,rnd_responsible,multinational,low_1,high_22,same_day,liability_waiver
2026-10-05_deepseek_main,government__disease_diagnosis__US,government,disease_diagnosis,US,main,government__disease_diagnosis__US::main-0448,448,0,9511798635011749419,misdiagnosis>legal_accountability>missed_diagnosis>rnd_institution>efficiency,0,1,51317ec440ce67b1,ac35fd01acf20bd4,88fc2ce81af7ce7a,domestic_private,medium_8,medium_10,one_week,physician_responsible,multinational,low_1,low_0_5,instant,liability_waiver
2026-10-05_deepseek_main,government__disease_diagnosis__US,government,disease_diagnosis,US,main,government__disease_diagnosis__US::main-0449,449,0,1875312871357744784,missed_diagnosis>rnd_institution>efficiency>misdiagnosis>legal_accountability,0,0,e2f906452095330b,d4a977e0f4e3e070,c28346ccf054061a,multinational,low_1,low_0_5,same_day,physician_responsible,domestic_private,high_18,medium_10,instant,liability_waiver
2026-10-05_deepseek_main,government__disease_diagnosis__US,government,disease_diagnosis,US,main,government__disease_diagnosis__US::main-0450,450,0,14777209214288976504,misdiagnosis>legal_accountability>efficiency>missed_diagnosis>rnd_institution,0,0,c2ca11f2d8c98101,42c129d4eef1c5a1,1a35dd44570cba52,multinational,low_1,high_22,same_day,liability_waiver,public,medium_8,medium_10,one_week,rnd_responsible
2026-10-05_deepseek_main,government__disease_diagnosis__US,government,disease_diagnosis,US,main,government__disease_diagnosis__US::main-0451,451,0,18299434603561677608,misdiagnosis>missed_diagnosis>efficiency>legal_accountability>rnd_institution,0,1,d2906d7fe0f34692,664538701dcfc903,809021da3ca9dc20,public,high_18,high_22,one_week,liability_waiver,multinational,medium_8,medium_10,same_day,rnd_responsible
2026-10-05_deepseek_main,government__disease_diagnosis__US,government,disease_diagnosis,US,main,government__disease_diagnosis__US::main-0452,452,0,14354809450530074391,misdiagnosis>efficiency>missed_diagnosis>legal_accountability>rnd_institution,0,0,9d08dff8fb585a8d,b259a318e14c6ef8,75a05f7389b35d2e,public,high_18,medium_10,same_day,rnd_responsible,multinational,medium_8,high_22,instant,liability_waiver
2026-10-05_deepseek_main,government__disease_diagnosis__US,government,disease_diagnosis,US,main,government__disease_diagnosis__US::main-0453,453,0,13089512302926836470,misdiagnosis>missed_diagnosis>efficiency>rnd_institution>legal_accountability,0,0,9a3cd97a74282ade,24b036a389b83cad,f140f77d54613897,domestic_private,medium_8,low_0_5,instant,rnd_responsible,public,low_1,high_22,same_day,physician_responsible
2026-10-05_deepseek_main,government__disease_diagnosis__US,government,disease_diagnosis,US,main,government__disease_diagnosis__US::main-0454,454,0,17211290853634141054,efficiency>missed_diagnosis>misdiagnosis>legal_accountability>rnd_institution,0,0,62487c132751e83a,d499a4d1943d145e,4e8223a950c6f9a4,public,high_18,medium_10,instant,liability_waiver,multinational,medium_8,low_0_5,one_week,rnd_responsible
2026-10-05_deepseek_main,government__disease_diagnosis__US,government,disease_diagnosis,US,main,government__disease_diagnosis__US::main-0455,455,0,3024095367192880659,missed_diagnosis>misdiagnosis>rnd_institution>efficiency>legal_accountability,1,0,103c84d570ce8192,4163ab5d307dfe1f,955e984773c31c72,public,low_1,medium_10,instant,rnd_responsible,domestic_private,medium_8,high_22,same_day,physician_responsible
2026-10-05_deepseek_main,government__disease_diagnosis__US,government,disease_diagnosis,US,main,government__disease_diagnosis__US::main-0456,456,0,3634836459918296338,rnd_institution>legal_accountability>misdiagnosis>missed_diagnosis>efficiency,0,0,183b2739817f4aef,cbc0dcd1cdb5adab,02c368debd3c4c8d,public,low_1,low_0_5,same_day,rnd_responsible,multinational,medium_8,high_22,instant,liability_waiver
2026-10-05_deepseek_main,government__disease_diagnosis__US,government,disease_diagnosis,US,main,government__disease_diagnosis__US::main-0457,457,0,17328442072804049539,missed_diagnosis>efficiency>rnd_institution>legal_accountability>misdiagnosis,0,1,7ded57a337106ad3,38c7e48457cf6477,b4ff6bf38412e002,domestic_private,high_18,high_22,same_day,physician_responsible,multinational,low_1,low_0_5,instant,rnd_responsible
2026-10-05_deepseek_main,government__disease_diagnosis__US,government,disease_diagnosis,US,main,government__disease_diagnosis__US::main-0458,458,0,10236895216112634304,rnd_institution>efficiency>misdiagnosis>legal_accountability>missed_diagnosis,0,0,85a73d588e037e73,cb8169e379a87ba4,773dbba750c792dd,domestic_private,high_18,low_0_5,instant,physician_responsible,multinational,medium_8,medium_10,same_day,liability_waiver
2026-10-05_deepseek_main,government__disease_diagnosis__US,government,disease_diagnosis,US,main,government__disease_diagnosis__US::main-0459,459,0,5209041264997061875,efficiency>missed_diagnosis>misdiagnosis>legal_accountability>rnd_institution,0,0,8e9d378e710ca770,4e6d4000161d49e4,4603ebaf27b618b5,public,high_18,high_22,instant,physician_responsible,domestic_private,medium_8,medium_10,one_week,rnd_responsible
2026-10-05_deepseek_main,government__disease_diagnosis__US,government,disease_diagnosis,US,main,government__disease_diagnosis__US::main-0460,460,0,18107064517229680086,missed_diagnosis>efficiency>misdiagnosis>rnd_institution>legal_accountability,1,0,0c6989594dbbbc32,e9359829c0867ece,64e6dd903fc443b0,public,medium_8,low_0_5,same_day,rnd_responsible,domestic_private,high_18,medium_10,one_week,liability_waiver
2026-10-05_deepseek_main,government__disease_diagnosis__US,government,disease_diagnosis,US,main,government__disease_diagnosis__US::main-0461,461,0,13493648587259378358,misdiagnosis>missed_diagnosis>efficiency>rnd_institution>legal_accountability,1,0,a9b6c35d745474d2,69ebbda89f141b16,71aa710f296b6676,multinational,low_1,low_0_5,same_day,rnd_responsible,domestic_private,medium_8,medium_10,one_week,physician_responsible
2026-10-05_deepseek_main,government__disease_diagnosis__US,government,disease_diagnosis,US,main,government__disease_diagnosis__US::main-0462,462,0,11347257218033848722,legal_accountability>misdiagnosis>missed_diagnosis>rnd_institution>efficiency,0,0,94f6f87fa9a1bbeb,02ae96e5ac0ea442,f17c7b3513afe49a,public,medium_8,high_22,instant,rnd_responsible,domestic_private,low_1,low_0_5,same_day,liability_waiver
2026-10-05_deepseek_main,government__disease_diagnosis__US,government,disease_diagnosis,US,main,government__disease_diagnosis__US::main-0463,463,0,16208917877322487514,legal_accountability>misdiagnosis>efficiency>missed_diagnosis>rnd_institution,1,0,a5992e64e08dfcd7,c94c74d16bb1a437,151cb4a84ec128ac,multinational,low_1,medium_10,same_day,physician_responsible,public,high_18,high_22,one_week,rnd_responsible
2026-10-05_deepseek_main,government__disease_diagnosis__US,government,disease_diagnosis,US,main,government__disease_diagnosis__US::main-0464,464,0,331966745174039499,legal_accountability>missed_diagnosis>efficiency>rnd_institution>misdiagnosis,0,0,d6f20140d901730d,1adb693c369ea320,d7d5358887548be0,domestic_private,low_1,medium_10,one_week,liability_waiver,public,high_18,low_0_5,instant,rnd_responsible
2026-10-05_deepseek_main,government__disease_diagnosis__US,government,disease_diagnosis,US,main,government__disease_diagnosis__US::main-0465,465,0,486570867720133395,efficiency>legal_accountability>rnd_institution>missed_diagnosis>misdiagnosis,0,0,e1fcc448efe4d40d,c0b6f34ddea6bb7d,6b35440207f6f4ac,public,medium_8,low_0_5,instant,liability_waiver,multinational,low_1,medium_10,same_day,physician_responsible
2026-10-05_deepseek_main,government__disease_diagnosis__US,government,disease_diagnosis,US,main,government__disease_diagnosis__US::main-0466,466,0,7602612300865866795,efficiency>misdiagnosis>missed_diagnosis>rnd_institution>legal_accountability,0,0,9d97f3a1ca5d3d4e,a77d3ba9b89da5cf,4cc93e9b73a1857c,public,high_18,low_0_5,instant,physician_responsible,multinational,medium_8,high_22,same_day,rnd_responsible
2026-10-05_deepseek_main,government__disease_diagnosis__US,government,disease_diagnosis,US,main,government__disease_diagnosis__US::main-0467,467,0,8598818378783579693,efficiency>missed_diagnosis>legal_accountability>rnd_institution>misdiagnosis,0,0,7bd262e3abbf6a7f,4e7eca20a0dee5ce,a45b12c9650fe0b0,public,medium_8,low_0_5,one_week,liability_waiver,domestic_private,low_1,high_22,instant,rnd_responsible
2026-10-05_deepseek_main,government__disease_diagnosis__US,government,disease_diagnosis,US,main,government__disease_diagnosis__US::main-0468,468,0,6879545435667486556,efficiency>missed_diagnosis>misdiagnosis>legal_accountability>rnd_institution,0,0,9a239357aaf99d93,9089b14fc6f18fe2,aa5755bd1cec7935,public,high_18,low_0_5,one_week,liability_waiver,domestic_private,medium_8,high_22,instant,physician_responsible
2026-10-05_deepseek_main,government__disease_diagnosis__US,government,disease_diagnosis,US,main,government__disease_diagnosis__US::main-0469,469,0,4755440145550652963,legal_accountability>misdiagnosis>rnd_institution>efficiency>missed_diagnosis,0,0,e0bf169b5c20d566,797b3af507fc5bce,26540926a2a988fa,domestic_private,medium_8,low_0_5,one_week,liability_waiver,multinational,low_1,high_22,instant,rnd_responsible
2026-10-05_deepseek_main,government__disease_diagnosis__US,government,disease_diagnosis,US,main,government__disease_diagnosis__US::main-0470,470,0,5535972121698881491,rnd_institution>legal_accountability>misdiagnosis>missed_diagnosis>efficiency,0,0,6d4836bf5ea94931,af6ae92b7d4e4f32,0c0f1d6b3eb8628d,public,high_18,high_22,instant,rnd_responsible,domestic_private,medium_8,medium_10,same_day,physician_responsible
2026-10-05_deepseek_main,government__disease_diagnosis__US,government,disease_diagnosis,US,main,government__disease_diagnosis__US::main-0471,471,0,1873474110395557619,efficiency>misdiagnosis>legal_accountability>rnd_institution>missed_diagnosis,0,0,6cbbcc3871097cbb,8bcd1ed59441c676,275eac1d094ecb85,domestic_private,high_18,low_0_5,instant,rnd_responsible,multinational,medium_8,high_22,one_week,physician_responsible
2026-10-05_deepseek_main,government__disease_diagnosis__US,government,disease_diagnosis,US,main,government__disease_diagnosis__US::main-0472,472,0,126872638454950743,efficiency>legal_accountability>rnd_institution>missed_diagnosis>misdiagnosis,0,0,0efec8789117d827,ab13e71157461b6d,efce7306b192d8ae,multinational,low_1,medium_10,instant,rnd_responsible,public,medium_8,low_0_5,one_week,liability_waiver
2026-10-05_deepseek_main,government__disease_diagnosis__US,government,disease_diagnosis,US,main,government__disease_diagnosis__US::main-0473,473,0,6232248008199928597,legal_accountability>rnd_institution>efficiency>missed_diagnosis>misdiagnosis,1,0,771a67ba2c73a8ae,380cae4cb6fde8e1,64e6dd903fc443b0,domestic_private,medium_8,low_0_5,same_day,rnd_responsible,public,high_18,medium_10,one_week,liability_waiver
2026-10-05_deepseek_main,government__disease_diagnosis__US,government,disease_diagnosis,US,main,government__disease_diagnosis__US::main-0474,474,0,4693830577038427212,legal_accountability>efficiency>misdiagnosis>missed_diagnosis>rnd_institution,0,0,9c91d5ab546dfb8c,315f368238f9b004,9dd88fb3dd46e0a6,domestic_private,low_1,high_22,one_week,liability_waiver,multinational,high_18,low_0_5,same_day,physician_responsible
2026-10-05_deepseek_main,government__disease_diagnosis__US,government,disease_diagnosis,US,main,government__disease_diagnosis__US::main-0475,475,0,2034563272206261670,legal_accountability>efficiency>missed_diagnosis>rnd_institution>misdiagnosis,0,0,43360bee995a4d69,a51cbb9d16dbf5d3,b292e1a033682d10,multinational,high_18,low_0_5,same_day,rnd_responsible,domestic_private,medium_8,medium_10,one_week,liability_waiver
2026-10-05_deepseek_main,government__disease_diagnosis__US,government,disease_diagnosis,US,main,government__disease_diagnosis__US::main-0476,476,0,2370432248899771676,rnd_institution>efficiency>legal_accountability>misdiagnosis>missed_diagnosis,0,0,6f32446693680881,38943d5b989ae0c2,471762c5f12f7498,public,high_18,medium_10,instant,rnd_responsible,domestic_private,medium_8,low_0_5,one_week,physician_responsible
2026-10-05_deepseek_main,government__disease_diagnosis__US,government,disease_diagnosis,US,main,government__disease_diagnosis__US::main-0477,477,0,11341700128521724444,efficiency>rnd_institution>missed_diagnosis>misdiagnosis>legal_accountability,0,0,1fdeff1521af837b,ae79393dfd6b1d63,030729e1803313a7,domestic_private,medium_8,high_22,same_day,physician_responsible,public,high_18,low_0_5,one_week,liability_waiver
2026-10-05_deepseek_main,government__disease_diagnosis__US,government,disease_diagnosis,US,main,government__disease_diagnosis__US::main-0478,478,0,218713705029554217,misdiagnosis>efficiency>missed_diagnosis>rnd_institution>legal_accountability,0,0,2def917516662626,3b0204c5821ff6c1,f17c7b3513afe49a,domestic_private,low_1,high_22,same_day,rnd_responsible,public,medium_8,low_0_5,instant,liability_waiver
2026-10-05_deepseek_main,government__disease_diagnosis__US,government,disease_diagnosis,US,main,government__disease_diagnosis__US::main-0479,479,0,13260702067715061915,rnd_institution>legal_accountability>missed_diagnosis>misdiagnosis>efficiency,0,0,5efa2a514b1da0f7,9f766f6a4fab3783,6cf373fdbb1c52bd,domestic_private,medium_8,medium_10,same_day,rnd_responsible,public,high_18,high_22,instant,liability_waiver
2026-10-05_deepseek_main,government__disease_diagnosis__US,government,disease_diagnosis,US,main,government__disease_diagnosis__US::main-0480,480,0,8156332090204231448,missed_diagnosis>misdiagnosis>legal_accountability>efficiency>rnd_institution,0,0,1d05c6c6f4f42011,1e7c8810927324f0,02bff0c298ae73db,public,low_1,high_22,instant,rnd_responsible,domestic_private,high_18,medium_10,one_week,physician_responsible
2026-10-05_deepseek_main,government__disease_diagnosis__US,government,disease_diagnosis,US,main,government__disease_diagnosis__US::main-0481,481,0,16001635589748323842,legal_accountability>missed_diagnosis>efficiency>misdiagnosis>rnd_institution,0,0,bd7b8de77c339198,253e06d2403bca3a,29998aa2f51bc16f,public,high_18,low_0_5,same_day,physician_responsible,domestic_private,medium_8,high_22,instant,rnd_responsible
2026-10-05_deepseek_main,government__disease_diagnosis__US,government,disease_diagnosis,US,main,government__disease_diagnosis__US::main-0482,482,0,17026599390336902038,legal_accountability>rnd_institution>efficiency>missed_diagnosis>misdiagnosis,0,0,08a81923b67e6c10,7a39d82732a2a795,59e99932f4ca41cc,domestic_private,medium_8,high_22,same_day,physician_responsible,public,high_18,medium_10,instant,liability_waiver
2026-10-05_deepseek_main,government__disease_diagnosis__US,government,disease_diagnosis,US,main,government__disease_diagnosis__US::main-0483,483,0,14408496225628388872,misdiagnosis>efficiency>missed_diagnosis>legal_accountability>rnd_institution,0,0,f28a528f1bd471e0,af973e6b03b054f7,db4bcf66a5b4ae60,public,medium_8,medium_10,one_week,rnd_responsible,domestic_private,low_1,high_22,instant,physician_responsible
2026-10-05_deepseek_main,government__disease_diagnosis__US,government,disease_diagnosis,US,main,government__disease_diagnosis__US::main-0484,484,0,13801334603338712495,missed_diagnosis>efficiency>misdiagnosis>rnd_institution>legal_accountability,0,0,4e01436f3aa613d7,f1f3f2bcbbc45212,5eff10f1e34ecb58,public,medium_8,high_22,instant,rnd_responsible,multinational,high_18,low_0_5,one_week,liability_waiver
2026-10-05_deepseek_main,government__disease_diagnosis__US,government,disease_diagnosis,US,main,government__disease_diagnosis__US::main-0485,485,0,12735758107493218237,rnd_institution>efficiency>missed_diagnosis>legal_accountability>misdiagnosis,0,0,24e4f357e0f001d5,d5593b2d689f2045,31f91fd6e0219897,multinational,medium_8,medium_10,one_week,physician_responsible,public,high_18,high_22,instant,liability_waiver
2026-10-05_deepseek_main,government__disease_diagnosis__US,government,disease_diagnosis,US,main,government__disease_diagnosis__US::main-0486,486,0,2778297811347339951,efficiency>missed_diagnosis>rnd_institution>legal_accountability>misdiagnosis,0,0,44ebba4b1c0c89a8,e0be48c905925743,bd37860eb50cbf3c,domestic_private,low_1,medium_10,one_week,physician_responsible,public,high_18,low_0_5,same_day,rnd_responsible
2026-10-05_deepseek_main,government__disease_diagnosis__US,government,disease_diagnosis,US,main,government__disease_diagnosis__US::main-0487,487,0,12183422568615745082,misdiagnosis>efficiency>missed_diagnosis>legal_accountability>rnd_institution,0,1,c24b8bdd4f894a72,098f6f7cb5af5962,6d0f7825fc1d5bd2,domestic_private,medium_8,high_22,same_day,liability_waiver,public,low_1,low_0_5,instant,physician_responsible
2026-10-05_deepseek_main,government__disease_diagnosis__US,government,disease_diagnosis,US,main,government__disease_diagnosis__US::main-0488,488,0,10159027300821915774,misdiagnosis>efficiency>rnd_institution>legal_accountability>missed_diagnosis,0,0,afde2dd9f108084e,9e70446957fe9ec7,d6996100526d31c3,domestic_private,low_1,medium_10,one_week,rnd_responsible,multinational,medium_8,high_22,instant,liability_waiver
2026-10-05_deepseek_main,government__disease_diagnosis__US,government,disease_diagnosis,US,main,government__disease_diagnosis__US::main-0489,489,0,603785670314147140,efficiency>missed_diagnosis>legal_accountability>misdiagnosis>rnd_institution,1,0,064a81a62e86c4f9,097e8ffa36a50c21,d4391b4bfe1e5b25,public,low_1,low_0_5,instant,rnd_responsible,domestic_private,high_18,high_22,same_day,physician_responsible
2026-10-05_deepseek_main,government__disease_diagnosis__US,government,disease_diagnosis,US,main,government__disease_diagnosis__US::main-0490,490,0,1918585223684124574,legal_accountability>missed_diagnosis>efficiency>misdiagnosis>rnd_institution,0,0,bb1337904fda9556,ead7a52250ccb0df,59e99932f4ca41cc,public,medium_8,high_22,instant,liability_waiver,domestic_private,high_18,medium_10,same_day,physician_responsible
2026-10-05_deepseek_main,government__disease_diagnosis__US,government,disease_diagnosis,US,main,government__disease_diagnosis__US::main-0491,491,0,5165776704664514346,efficiency>legal_accountability>misdiagnosis>missed_diagnosis>rnd_institution,0,1,823de75481938bf8,823de75481938bf8,38b53590062adbcf,domestic_private,high_18,high_22,one_week,physician_responsible,multinational,low_1,medium_10,same_day,liability_waiver
2026-10-05_deepseek_main,government__disease_diagnosis__US,government,disease_diagnosis,US,main,government__disease_diagnosis__US::main-0492,492,0,2664275144145800222,missed_diagnosis>efficiency>legal_accountability>rnd_institution>misdiagnosis,0,0,b2b406d19d50ea47,d9783f618eafd3bd,57a2c00cc22103d1,public,high_18,medium_10,same_day,physician_responsible,domestic_private,low_1,high_22,instant,rnd_responsible
2026-10-05_deepseek_main,government__disease_diagnosis__US,government,disease_diagnosis,US,main,government__disease_diagnosis__US::main-0493,493,0,2745013311199283994,misdiagnosis>efficiency>rnd_institution>missed_diagnosis>legal_accountability,0,0,84aeeb78db87ad81,28068cc088eece2e,d7a020db171d71ba,public,high_18,medium_10,same_day,liability_waiver,multinational,low_1,high_22,one_week,rnd_responsible
2026-10-05_deepseek_main,government__disease_diagnosis__US,government,disease_diagnosis,US,main,government__disease_diagnosis__US::main-0494,494,0,2139787324139835375,rnd_institution>missed_diagnosis>misdiagnosis>legal_accountability>efficiency,0,0,a19b3c65044b3298,7396c9bda4f06fb3,030729e1803313a7,domestic_private,high_18,low_0_5,same_day,physician_responsible,public,medium_8,high_22,one_week,liability_waiver
2026-10-05_deepseek_main,government__disease_diagnosis__US,government,disease_diagnosis,US,main,government__disease_diagnosis__US::main-0495,495,0,3772356994312496490,missed_diagnosis>legal_accountability>misdiagnosis>efficiency>rnd_institution,0,0,ee03a06254cbff8d,f6eccdb56c603298,81959a69124c1196,public,low_1,medium_10,one_week,physician_responsible,multinational,medium_8,low_0_5,same_day,rnd_responsible
2026-10-05_deepseek_main,government__disease_diagnosis__US,government,disease_diagnosis,US,main,government__disease_diagnosis__US::main-0496,496,0,17242849917864636939,rnd_institution>efficiency>legal_accountability>misdiagnosis>missed_diagnosis,0,0,56f5c9f5fa31f716,6dd7c9f7655af725,ca3b38742586e808,domestic_private,high_18,high_22,same_day,rnd_responsible,public,low_1,medium_10,one_week,liability_waiver
2026-10-05_deepseek_main,government__disease_diagnosis__US,government,disease_diagnosis,US,main,government__disease_diagnosis__US::main-0497,497,0,10158545716122119324,efficiency>misdiagnosis>rnd_institution>legal_accountability>missed_diagnosis,0,0,e7bb768443c2f2f2,cfd055274b08bc74,3f66db13d4091ad8,domestic_private,low_1,high_22,same_day,rnd_responsible,multinational,high_18,low_0_5,one_week,physician_responsible
2026-10-05_deepseek_main,government__disease_diagnosis__US,government,disease_diagnosis,US,main,government__disease_diagnosis__US::main-0498,498,0,5459462240190531638,misdiagnosis>legal_accountability>rnd_institution>missed_diagnosis>efficiency,0,0,84a5c1e0be14fd1f,30101145bdc8f62d,867bc7f03d32cffa,multinational,high_18,medium_10,instant,liability_waiver,public,low_1,high_22,one_week,physician_responsible
2026-10-05_deepseek_main,government__disease_diagnosis__US,government,disease_diagnosis,US,main,government__disease_diagnosis__US::main-0499,499,0,11115744760063924341,misdiagnosis>missed_diagnosis>rnd_institution>legal_accountability>efficiency,1,0,e9d21375763c3283,67be05415c8492a1,4fa321d3e2a95aa3,domestic_private,low_1,low_0_5,same_day,physician_responsible,public,high_18,high_22,one_week,rnd_responsible
2026-10-05_deepseek_main,government__disease_diagnosis__US,government,disease_diagnosis,US,anchor,government__disease_diagnosis__US::anchor-00-rep00,0,0,9660147246897198279,misdiagnosis>missed_diagnosis>efficiency>rnd_institution>legal_accountability,0,0,f00db6205ef55970,62ad72155244d713,0bc41ac02462f903,public,high_18,medium_10,instant,physician_responsible,multinational,medium_8,high_22,same_day,rnd_responsible
2026-10-05_deepseek_main,government__disease_diagnosis__US,government,disease_diagnosis,US,anchor,government__disease_diagnosis__US::anchor-00-rep01,0,1,9660147246897198279,misdiagnosis>missed_diagnosis>efficiency>rnd_institution>legal_accountability,0,0,f00db6205ef55970,62ad72155244d713,0bc41ac02462f903,public,high_18,medium_10,instant,physician_responsible,multinational,medium_8,high_22,same_day,rnd_responsible
2026-10-05_deepseek_main,government__disease_diagnosis__US,government,disease_diagnosis,US,anchor,government__disease_diagnosis__US::anchor-00-rep02,0,2,9660147246897198279,misdiagnosis>missed_diagnosis>efficiency>rnd_institution>legal_accountability,0,0,f00db6205ef55970,62ad72155244d713,0bc41ac02462f903,public,high_18,medium_10,instant,physician_responsible,multinational,medium_8,high_22,same_day,rnd_responsible
2026-10-05_deepseek_main,government__disease_diagnosis__US,government,disease_diagnosis,US,anchor,government__disease_diagnosis__US::anchor-00-rep03,0,3,9660147246897198279,misdiagnosis>missed_diagnosis>efficiency>rnd_institution>legal_accountability,0,0,f00db6205ef55970,62ad72155244d713,0bc41ac02462f903,public,high_18,medium_10,instant,physician_responsible,multinational,medium_8,high_22,same_day,rnd_responsible
2026-10-05_deepseek_main,government__disease_diagnosis__US,government,disease_diagnosis,US,anchor,government__disease_diagnosis__US::anchor-00-rep04,0,4,9660147246897198279,misdiagnosis>missed_diagnosis>efficiency>rnd_institution>legal_accountability,0,0,f00db6205ef55970,62ad72155244d713,0bc41ac02462f903,public,high_18,medium_10,instant,physician_responsible,multinational,medium_8,high_22,same_day,rnd_responsible
2026-10-05_deepseek_main,government__disease_diagnosis__US,government,disease_diagnosis,US,anchor,government__disease_diagnosis__US::anchor-00-rep05,0,5,9660147246897198279,misdiagnosis>missed_diagnosis>efficiency>rnd_institution>legal_accountability,0,0,f00db6205ef55970,62ad72155244d713,0bc41ac02462f903,public,high_18,medium_10,instant,physician_responsible,multinational,medium_8,high_22,same_day,rnd_responsible
2026-10-05_deepseek_main,government__disease_diagnosis__US,government,disease_diagnosis,US,anchor,government__disease_diagnosis__US::anchor-00-rep06,0,6,9660147246897198279,misdiagnosis>missed_diagnosis>efficiency>rnd_institution>legal_accountability,0,0,f00db6205ef55970,62ad72155244d713,0bc41ac02462f903,public,high_18,medium_10,instant,physician_responsible,multinational,medium_8,high_22,same_day,rnd_responsible
2026-10-05_deepseek_main,government__disease_diagnosis__US,government,disease_diagnosis,US,anchor,government__disease_diagnosis__US::anchor-00-rep07,0,7,9660147246897198279,misdiagnosis>missed_diagnosis>efficiency>rnd_institution>legal_accountability,0,0,f00db6205ef55970,62ad72155244d713,0bc41ac02462f903,public,high_18,medium_10,instant,physician_responsible,multinational,medium_8,high_22,same_day,rnd_responsible
2026-10-05_deepseek_main,government__disease_diagnosis__US,government,disease_diagnosis,US,anchor,government__disease_diagnosis__US::anchor-00-rep08,0,8,9660147246897198279,misdiagnosis>missed_diagnosis>efficiency>rnd_institution>legal_accountability,0,0,f00db6205ef55970,62ad72155244d713,0bc41ac02462f903,public,high_18,medium_10,instant,physician_responsible,multinational,medium_8,high_22,same_day,rnd_responsible
2026-10-05_deepseek_main,government__disease_diagnosis__US,government,disease_diagnosis,US,anchor,government__disease_diagnosis__US::anchor-00-rep09,0,9,9660147246897198279,misdiagnosis>missed_diagnosis>efficiency>rnd_institution>legal_accountability,0,0,f00db6205ef55970,62ad72155244d713,0bc41ac02462f903,public,high_18,medium_10,instant,physician_responsible,multinational,medium_8,high_22,same_day,rnd_responsible
2026-10-05_deepseek_main,government__disease_diagnosis__US,government,disease_diagnosis,US,anchor,government__disease_diagnosis__US::anchor-00-rep10,0,10,9660147246897198279,misdiagnosis>missed_diagnosis>efficiency>rnd_institution>legal_accountability,0,0,f00db6205ef55970,62ad72155244d713,0bc41ac02462f903,public,high_18,medium_10,instant,physician_responsible,multinational,medium_8,high_22,same_day,rnd_responsible
2026-10-05_deepseek_main,government__disease_diagnosis__US,government,disease_diagnosis,US,anchor,government__disease_diagnosis__US::anchor-00-rep11,0,11,9660147246897198279,misdiagnosis>missed_diagnosis>efficiency>rnd_institution>legal_accountability,0,0,f00db6205ef55970,62ad72155244d713,0bc41ac02462f903,public,high_18,medium_10,instant,physician_responsible,multinational,medium_8,high_22,same_day,rnd_responsible
2026-10-05_deepseek_main,government__disease_diagnosis__US,government,disease_diagnosis,US,anchor,government__disease_diagnosis__US::anchor-01-rep00,1,0,16180955941058495720,legal_accountability>misdiagnosis>efficiency>rnd_institution>missed_diagnosis,0,0,961ceb7c7805fc7a,b0a35c95626f8a53,9166fa3d6100d891,public,low_1,high_22,instant,rnd_responsible,multinational,high_18,medium_10,one_week,physician_responsible
2026-10-05_deepseek_main,government__disease_diagnosis__US,government,disease_diagnosis,US,anchor,government__disease_diagnosis__US::anchor-01-rep01,1,1,16180955941058495720,legal_accountability>misdiagnosis>efficiency>rnd_institution>missed_diagnosis,0,0,961ceb7c7805fc7a,b0a35c95626f8a53,9166fa3d6100d891,public,low_1,high_22,instant,rnd_responsible,multinational,high_18,medium_10,one_week,physician_responsible
2026-10-05_deepseek_main,government__disease_diagnosis__US,government,disease_diagnosis,US,anchor,government__disease_diagnosis__US::anchor-01-rep02,1,2,16180955941058495720,legal_accountability>misdiagnosis>efficiency>rnd_institution>missed_diagnosis,0,0,961ceb7c7805fc7a,b0a35c95626f8a53,9166fa3d6100d891,public,low_1,high_22,instant,rnd_responsible,multinational,high_18,medium_10,one_week,physician_responsible
2026-10-05_deepseek_main,government__disease_diagnosis__US,government,disease_diagnosis,US,anchor,government__disease_diagnosis__US::anchor-01-rep03,1,3,16180955941058495720,legal_accountability>misdiagnosis>efficiency>rnd_institution>missed_diagnosis,0,0,961ceb7c7805fc7a,b0a35c95626f8a53,9166fa3d6100d891,public,low_1,high_22,instant,rnd_responsible,multinational,high_18,medium_10,one_week,physician_responsible
2026-10-05_deepseek_main,government__disease_diagnosis__US,government,disease_diagnosis,US,anchor,government__disease_diagnosis__US::anchor-01-rep04,1,4,16180955941058495720,legal_accountability>misdiagnosis>efficiency>rnd_institution>missed_diagnosis,0,0,961ceb7c7805fc7a,b0a35c95626f8a53,9166fa3d6100d891,public,low_1,high_22,instant,rnd_responsible,multinational,high_18,medium_10,one_week,physician_responsible
2026-10-05_deepseek_main,government__disease_diagnosis__US,government,disease_diagnosis,US,anchor,government__disease_diagnosis__US::anchor-01-rep05,1,5,16180955941058495720,legal_accountability>misdiagnosis>efficiency>rnd_institution>missed_diagnosis,0,0,961ceb7c7805fc7a,b0a35c95626f8a53,9166fa3d6100d891,public,low_1,high_22,instant,rnd_responsible,multinational,high_18,medium_10,one_week,physician_responsible
2026-10-05_deepseek_main,government__disease_diagnosis__US,government,disease_diagnosis,US,anchor,government__disease_diagnosis__US::anchor-01-rep06,1,6,16180955941058495720,legal_accountability>misdiagnosis>efficiency>rnd_institution>missed_diagnosis,0,0,961ceb7c7805fc7a,b0a35c95626f8a53,9166fa3d6100d891,public,low_1,high_22,instant,rnd_responsible,multinational,high_18,medium_10,one_week,physician_responsible
2026-10-05_deepseek_main,government__disease_diagnosis__US,government,disease_diagnosis,US,anchor,government__disease_diagnosis__US::anchor-01-rep07,1,7,16180955941058495720,legal_accountability>misdiagnosis>efficiency>rnd_institution>missed_diagnosis,0,0,961ceb7c7805fc7a,b0a35c95626f8a53,9166fa3d6100d891,public,low_1,high_22,instant,rnd_responsible,multinational,high_18,medium_10,one_week,physician_responsible
2026-10-05_deepseek_main,government__disease_diagnosis__US,government,disease_diagnosis,US,anchor,government__disease_diagnosis__US::anchor-01-rep08,1,8,16180955941058495720,legal_accountability>misdiagnosis>efficiency>rnd_institution>missed_diagnosis,0,0,961ceb7c7805fc7a,b0a35c95626f8a53,9166fa3d6100d891,public,low_1,high_22,instant,rnd_responsible,multinational,high_18,medium_10,one_week,physician_responsible
2026-10-05_deepseek_main,government__disease_diagnosis__US,government,disease_diagnosis,US,anchor,government__disease_diagnosis__US::anchor-01-rep09,1,9,16180955941058495720,legal_accountability>misdiagnosis>efficiency>rnd_institution>missed_diagnosis,0,0,961ceb7c7805fc7a,b0a35c95626f8a53,9166fa3d6100d891,public,low_1,high_22,instant,rnd_responsible,multinational,high_18,medium_10,one_week,physician_responsible
2026-10-05_deepseek_main,government__disease_diagnosis__US,government,disease_diagnosis,US,anchor,government__disease_diagnosis__US::anchor-01-rep10,1,10,16180955941058495720,legal_accountability>misdiagnosis>efficiency>rnd_institution>missed_diagnosis,0,0,961ceb7c7805fc7a,b0a35c95626f8a53,9166fa3d6100d891,public,low_1,high_22,instant,rnd_responsible,multinational,high_18,medium_10,one_week,physician_responsible
2026-10-05_deepseek_main,government__disease_diagnosis__US,government,disease_diagnosis,US,anchor,government__disease_diagnosis__US::anchor-01-rep11,1,11,16180955941058495720,legal_accountability>misdiagnosis>efficiency>rnd_institution>missed_diagnosis,0,0,961ceb7c7805fc7a,b0a35c95626f8a53,9166fa3d6100d891,public,low_1,high_22,instant,rnd_responsible,multinational,high_18,medium_10,one_week,physician_responsible
2026-10-05_deepseek_main,government__disease_diagnosis__US,government,disease_diagnosis,US,anchor,government__disease_diagnosis__US::anchor-02-rep00,2,0,7046544324221267320,rnd_institution>missed_diagnosis>legal_accountability>efficiency>misdiagnosis,0,0,1fc296cba16bd89d,f3fe455bf4860b9a,17744127371560ed,domestic_private,low_1,high_22,instant,rnd_responsible,multinational,medium_8,medium_10,same_day,liability_waiver
2026-10-05_deepseek_main,government__disease_diagnosis__US,government,disease_diagnosis,US,anchor,government__disease_diagnosis__US::anchor-02-rep01,2,1,7046544324221267320,rnd_institution>missed_diagnosis>legal_accountability>efficiency>misdiagnosis,0,0,1fc296cba16bd89d,f3fe455bf4860b9a,17744127371560ed,domestic_private,low_1,high_22,instant,rnd_responsible,multinational,medium_8,medium_10,same_day,liability_waiver
2026-10-05_deepseek_main,government__disease_diagnosis__US,government,disease_diagnosis,US,anchor,government__disease_diagnosis__US::anchor-02-rep02,2,2,7046544324221267320,rnd_institution>missed_diagnosis>legal_accountability>efficiency>misdiagnosis,0,0,1fc296cba16bd89d,f3fe455bf4860b9a,17744127371560ed,domestic_private,low_1,high_22,instant,rnd_responsible,multinational,medium_8,medium_10,same_day,liability_waiver
2026-10-05_deepseek_main,government__disease_diagnosis__US,government,disease_diagnosis,US,anchor,government__disease_diagnosis__US::anchor-02-rep03,2,3,7046544324221267320,rnd_institution>missed_diagnosis>legal_accountability>efficiency>misdiagnosis,0,0,1fc296cba16bd89d,f3fe455bf4860b9a,17744127371560ed,domestic_private,low_1,high_22,instant,rnd_responsible,multinational,medium_8,medium_10,same_day,liability_waiver
2026-10-05_deepseek_main,government__disease_diagnosis__US,government,disease_diagnosis,US,anchor,government__disease_diagnosis__US::anchor-02-rep04,2,4,7046544324221267320,rnd_institution>missed_diagnosis>legal_accountability>efficiency>misdiagnosis,0,0,1fc296cba16bd89d,f3fe455bf4860b9a,17744127371560ed,domestic_private,low_1,high_22,instant,rnd_responsible,multinational,medium_8,medium_10,same_day,liability_waiver
2026-10-05_deepseek_main,government__disease_diagnosis__US,government,disease_diagnosis,US,anchor,government__disease_diagnosis__US::anchor-02-rep05,2,5,7046544324221267320,rnd_institution>missed_diagnosis>legal_accountability>efficiency>misdiagnosis,0,0,1fc296cba16bd89d,f3fe455bf4860b9a,17744127371560ed,domestic_private,low_1,high_22,instant,rnd_responsible,multinational,medium_8,medium_10,same_day,liability_waiver
2026-10-05_deepseek_main,government__disease_diagnosis__US,government,disease_diagnosis,US,anchor,government__disease_diagnosis__US::anchor-02-rep06,2,6,7046544324221267320,rnd_institution>missed_diagnosis>legal_accountability>efficiency>misdiagnosis,0,0,1fc296cba16bd89d,f3fe455bf4860b9a,17744127371560ed,domestic_private,low_1,high_22,instant,rnd_responsible,multinational,medium_8,medium_10,same_day,liability_waiver
2026-10-05_deepseek_main,government__disease_diagnosis__US,government,disease_diagnosis,US,anchor,government__disease_diagnosis__US::anchor-02-rep07,2,7,7046544324221267320,rnd_institution>missed_diagnosis>legal_accountability>efficiency>misdiagnosis,0,0,1fc296cba16bd89d,f3fe455bf4860b9a,17744127371560ed,domestic_private,low_1,high_22,instant,rnd_responsible,multinational,medium_8,medium_10,same_day,liability_waiver
2026-10-05_deepseek_main,government__disease_diagnosis__US,government,disease_diagnosis,US,anchor,government__disease_diagnosis__US::anchor-02-rep08,2,8,7046544324221267320,rnd_institution>missed_diagnosis>legal_accountability>efficiency>misdiagnosis,0,0,1fc296cba16bd89d,f3fe455bf4860b9a,17744127371560ed,domestic_private,low_1,high_22,instant,rnd_responsible,multinational,medium_8,medium_10,same_day,liability_waiver
2026-10-05_deepseek_main,government__disease_diagnosis__US,government,disease_diagnosis,US,anchor,government__disease_diagnosis__US::anchor-02-rep09,2,9,7046544324221267320,rnd_institution>missed_diagnosis>legal_accountability>efficiency>misdiagnosis,0,0,1fc296cba16bd89d,f3fe455bf4860b9a,17744127371560ed,domestic_private,low_1,high_22,instant,rnd_responsible,multinational,medium_8,medium_10,same_day,liability_waiver
2026-10-05_deepseek_main,government__disease_diagnosis__US,government,disease_diagnosis,US,anchor,government__disease_diagnosis__US::anchor-02-rep10,2,10,7046544324221267320,rnd_institution>missed_diagnosis>legal_accountability>efficiency>misdiagnosis,0,0,1fc296cba16bd89d,f3fe455bf4860b9a,17744127371560ed,domestic_private,low_1,high_22,instant,rnd_responsible,multinational,medium_8,medium_10,same_day,liability_waiver
2026-10-05_deepseek_main,government__disease_diagnosis__US,government,disease_diagnosis,US,anchor,government__disease_diagnosis__US::anchor-02-rep11,2,11,7046544324221267320,rnd_institution>missed_diagnosis>legal_accountability>efficiency>misdiagnosis,0,0,1fc296cba16bd89d,f3fe455bf4860b9a,17744127371560ed,domestic_private,low_1,high_22,instant,rnd_responsible,multinational,medium_8,medium_10,same_day,liability_waiver
2026-10-05_deepseek_main,government__disease_diagnosis__US,government,disease_diagnosis,US,anchor,government__disease_diagnosis__US::anchor-03-rep00,3,0,11430132955509570345,efficiency>misdiagnosis>rnd_institution>missed_diagnosis>legal_accountability,0,0,a3d1a2fc1cbd35e3,b36d7f6a6d5490a5,81959a69124c1196,public,medium_8,medium_10,same_day,physician_responsible,multinational,low_1,low_0_5,one_week,rnd_responsible
2026-10-05_deepseek_main,government__disease_diagnosis__US,government,disease_diagnosis,US,anchor,government__disease_diagnosis__US::anchor-03-rep01,3,1,11430132955509570345,efficiency>misdiagnosis>rnd_institution>missed_diagnosis>legal_accountability,0,0,a3d1a2fc1cbd35e3,b36d7f6a6d5490a5,81959a69124c1196,public,medium_8,medium_10,same_day,physician_responsible,multinational,low_1,low_0_5,one_week,rnd_responsible
2026-10-05_deepseek_main,government__disease_diagnosis__US,government,disease_diagnosis,US,anchor,government__disease_diagnosis__US::anchor-03-rep02,3,2,11430132955509570345,efficiency>misdiagnosis>rnd_institution>missed_diagnosis>legal_accountability,0,0,a3d1a2fc1cbd35e3,b36d7f6a6d5490a5,81959a69124c1196,public,medium_8,medium_10,same_day,physician_responsible,multinational,low_1,low_0_5,one_week,rnd_responsible
2026-10-05_deepseek_main,government__disease_diagnosis__US,government,disease_diagnosis,US,anchor,government__disease_diagnosis__US::anchor-03-rep03,3,3,11430132955509570345,efficiency>misdiagnosis>rnd_institution>missed_diagnosis>legal_accountability,0,0,a3d1a2fc1cbd35e3,b36d7f6a6d5490a5,81959a69124c1196,public,medium_8,medium_10,same_day,physician_responsible,multinational,low_1,low_0_5,one_week,rnd_responsible
2026-10-05_deepseek_main,government__disease_diagnosis__US,government,disease_diagnosis,US,anchor,government__disease_diagnosis__US::anchor-03-rep04,3,4,11430132955509570345,efficiency>misdiagnosis>rnd_institution>missed_diagnosis>legal_accountability,0,0,a3d1a2fc1cbd35e3,b36d7f6a6d5490a5,81959a69124c1196,public,medium_8,medium_10,same_day,physician_responsible,multinational,low_1,low_0_5,one_week,rnd_responsible
2026-10-05_deepseek_main,government__disease_diagnosis__US,government,disease_diagnosis,US,anchor,government__disease_diagnosis__US::anchor-03-rep05,3,5,11430132955509570345,efficiency>misdiagnosis>rnd_institution>missed_diagnosis>legal_accountability,0,0,a3d1a2fc1cbd35e3,b36d7f6a6d5490a5,81959a69124c1196,public,medium_8,medium_10,same_day,physician_responsible,multinational,low_1,low_0_5,one_week,rnd_responsible
2026-10-05_deepseek_main,government__disease_diagnosis__US,government,disease_diagnosis,US,anchor,government__disease_diagnosis__US::anchor-03-rep06,3,6,11430132955509570345,efficiency>misdiagnosis>rnd_institution>missed_diagnosis>legal_accountability,0,0,a3d1a2fc1cbd35e3,b36d7f6a6d5490a5,81959a69124c1196,public,medium_8,medium_10,same_day,physician_responsible,multinational,low_1,low_0_5,one_week,rnd_responsible
2026-10-05_deepseek_main,government__disease_diagnosis__US,government,disease_diagnosis,US,anchor,government__disease_diagnosis__US::anchor-03-rep07,3,7,11430132955509570345,efficiency>misdiagnosis>rnd_institution>missed_diagnosis>legal_accountability,0,0,a3d1a2fc1cbd35e3,b36d7f6a6d5490a5,81959a69124c1196,public,medium_8,medium_10,same_day,physician_responsible,multinational,low_1,low_0_5,one_week,rnd_responsible
2026-10-05_deepseek_main,government__disease_diagnosis__US,government,disease_diagnosis,US,anchor,government__disease_diagnosis__US::anchor-03-rep08,3,8,11430132955509570345,efficiency>misdiagnosis>rnd_institution>missed_diagnosis>legal_accountability,0,0,a3d1a2fc1cbd35e3,b36d7f6a6d5490a5,81959a69124c1196,public,medium_8,medium_10,same_day,physician_responsible,multinational,low_1,low_0_5,one_week,rnd_responsible
2026-10-05_deepseek_main,government__disease_diagnosis__US,government,disease_diagnosis,US,anchor,government__disease_diagnosis__US::anchor-03-rep09,3,9,11430132955509570345,efficiency>misdiagnosis>rnd_institution>missed_diagnosis>legal_accountability,0,0,a3d1a2fc1cbd35e3,b36d7f6a6d5490a5,81959a69124c1196,public,medium_8,medium_10,same_day,physician_responsible,multinational,low_1,low_0_5,one_week,rnd_responsible
2026-10-05_deepseek_main,government__disease_diagnosis__US,government,disease_diagnosis,US,anchor,government__disease_diagnosis__US::anchor-03-rep10,3,10,11430132955509570345,efficiency>misdiagnosis>rnd_institution>missed_diagnosis>legal_accountability,0,0,a3d1a2fc1cbd35e3,b36d7f6a6d5490a5,81959a69124c1196,public,medium_8,medium_10,same_day,physician_responsible,multinational,low_1,low_0_5,one_week,rnd_responsible
2026-10-05_deepseek_main,government__disease_diagnosis__US,government,disease_diagnosis,US,anchor,government__disease_diagnosis__US::anchor-03-rep11,3,11,11430132955509570345,efficiency>misdiagnosis>rnd_institution>missed_diagnosis>legal_accountability,0,0,a3d1a2fc1cbd35e3,b36d7f6a6d5490a5,81959a69124c1196,public,medium_8,medium_10,same_day,physician_responsible,multinational,low_1,low_0_5,one_week,rnd_responsible
2026-10-05_deepseek_main,government__disease_diagnosis__US,government,disease_diagnosis,US,anchor,government__disease_diagnosis__US::anchor-04-rep00,4,0,4821775962881652624,misdiagnosis>legal_accountability>rnd_institution>efficiency>missed_diagnosis,0,0,969474c7852766a9,55cc45668e5d302d,6b35440207f6f4ac,multinational,low_1,medium_10,same_day,physician_responsible,public,medium_8,low_0_5,instant,liability_waiver
2026-10-05_deepseek_main,government__disease_diagnosis__US,government,disease_diagnosis,US,anchor,government__disease_diagnosis__US::anchor-04-rep01,4,1,4821775962881652624,misdiagnosis>legal_accountability>rnd_institution>efficiency>missed_diagnosis,0,0,969474c7852766a9,55cc45668e5d302d,6b35440207f6f4ac,multinational,low_1,medium_10,same_day,physician_responsible,public,medium_8,low_0_5,instant,liability_waiver
2026-10-05_deepseek_main,government__disease_diagnosis__US,government,disease_diagnosis,US,anchor,government__disease_diagnosis__US::anchor-04-rep02,4,2,4821775962881652624,misdiagnosis>legal_accountability>rnd_institution>efficiency>missed_diagnosis,0,0,969474c7852766a9,55cc45668e5d302d,6b35440207f6f4ac,multinational,low_1,medium_10,same_day,physician_responsible,public,medium_8,low_0_5,instant,liability_waiver
2026-10-05_deepseek_main,government__disease_diagnosis__US,government,disease_diagnosis,US,anchor,government__disease_diagnosis__US::anchor-04-rep03,4,3,4821775962881652624,misdiagnosis>legal_accountability>rnd_institution>efficiency>missed_diagnosis,0,0,969474c7852766a9,55cc45668e5d302d,6b35440207f6f4ac,multinational,low_1,medium_10,same_day,physician_responsible,public,medium_8,low_0_5,instant,liability_waiver
2026-10-05_deepseek_main,government__disease_diagnosis__US,government,disease_diagnosis,US,anchor,government__disease_diagnosis__US::anchor-04-rep04,4,4,4821775962881652624,misdiagnosis>legal_accountability>rnd_institution>efficiency>missed_diagnosis,0,0,969474c7852766a9,55cc45668e5d302d,6b35440207f6f4ac,multinational,low_1,medium_10,same_day,physician_responsible,public,medium_8,low_0_5,instant,liability_waiver
2026-10-05_deepseek_main,government__disease_diagnosis__US,government,disease_diagnosis,US,anchor,government__disease_diagnosis__US::anchor-04-rep05,4,5,4821775962881652624,misdiagnosis>legal_accountability>rnd_institution>efficiency>missed_diagnosis,0,0,969474c7852766a9,55cc45668e5d302d,6b35440207f6f4ac,multinational,low_1,medium_10,same_day,physician_responsible,public,medium_8,low_0_5,instant,liability_waiver
2026-10-05_deepseek_main,government__disease_diagnosis__US,government,disease_diagnosis,US,anchor,government__disease_diagnosis__US::anchor-04-rep06,4,6,4821775962881652624,misdiagnosis>legal_accountability>rnd_institution>efficiency>missed_diagnosis,0,0,969474c7852766a9,55cc45668e5d302d,6b35440207f6f4ac,multinational,low_1,medium_10,same_day,physician_responsible,public,medium_8,low_0_5,instant,liability_waiver
2026-10-05_deepseek_main,government__disease_diagnosis__US,government,disease_diagnosis,US,anchor,government__disease_diagnosis__US::anchor-04-rep07,4,7,4821775962881652624,misdiagnosis>legal_accountability>rnd_institution>efficiency>missed_diagnosis,0,0,969474c7852766a9,55cc45668e5d302d,6b35440207f6f4ac,multinational,low_1,medium_10,same_day,physician_responsible,public,medium_8,low_0_5,instant,liability_waiver
2026-10-05_deepseek_main,government__disease_diagnosis__US,government,disease_diagnosis,US,anchor,government__disease_diagnosis__US::anchor-04-rep08,4,8,4821775962881652624,misdiagnosis>legal_accountability>rnd_institution>efficiency>missed_diagnosis,0,0,969474c7852766a9,55cc45668e5d302d,6b35440207f6f4ac,multinational,low_1,medium_10,same_day,physician_responsible,public,medium_8,low_0_5,instant,liability_waiver
2026-10-05_deepseek_main,government__disease_diagnosis__US,government,disease_diagnosis,US,anchor,government__disease_diagnosis__US::anchor-04-rep09,4,9,4821775962881652624,misdiagnosis>legal_accountability>rnd_institution>efficiency>missed_diagnosis,0,0,969474c7852766a9,55cc45668e5d302d,6b35440207f6f4ac,multinational,low_1,medium_10,same_day,physician_responsible,public,medium_8,low_0_5,instant,liability_waiver
2026-10-05_deepseek_main,government__disease_diagnosis__US,government,disease_diagnosis,US,anchor,government__disease_diagnosis__US::anchor-04-rep10,4,10,4821775962881652624,misdiagnosis>legal_accountability>rnd_institution>efficiency>missed_diagnosis,0,0,969474c7852766a9,55cc45668e5d302d,6b35440207f6f4ac,multinational,low_1,medium_10,same_day,physician_responsible,public,medium_8,low_0_5,instant,liability_waiver
2026-10-05_deepseek_main,government__disease_diagnosis__US,government,disease_diagnosis,US,anchor,government__disease_diagnosis__US::anchor-04-rep11,4,11,4821775962881652624,misdiagnosis>legal_accountability>rnd_institution>efficiency>missed_diagnosis,0,0,969474c7852766a9,55cc45668e5d302d,6b35440207f6f4ac,multinational,low_1,medium_10,same_day,physician_responsible,public,medium_8,low_0_5,instant,liability_waiver
